2025-05-20 10:48:26,388 - INFO - 开始处理工时文件：C:/Users/admin/Desktop/工时测试数据/蔡爽工时表-重庆安道拓-2025年03月.xlsx
2025-05-20 10:48:26,528 - INFO - Excel表格提取文本：
## 工作表: 蔡爽

| A | B | C | D | E | F | G | H | I | J | K | L | M | N | O | P | Q | R | S | T | 
|  --- | --- | --- | --- | --- | --- | --- | --- | --- | --- | --- | --- | --- | --- | --- | --- | --- | --- | --- | --- |
| 重庆延锋安道拓 | <- | 上海睿励信息技术有限公司 工时记录表 | <- | <- | <- | <- | <- | <- | <- |  |  |  |  |  |  |  |  |  |  | 
| ^ | ^<- | 供应商 |  | <- | <- | <- | <- | <- | <- |  |  |  |  |  |  |  |  |  |  | 
| 工程师 | 蔡爽 | <- | 负责人 | 向阳 | 电话 | 15123462783 | <- | <- | <- |  |  |  |  |  |  |  |  |  |  | 
| 日期 | 项目名称 | 开始工作时间 | 工作结束时间 | 加班时间 | 总工作时间 | 备注 | <- | <- | <- |  |  |  |  |  |  |  |  |  |  | 
| 2025-03-01 |  |  |  |  |  |  | <- | <- | <- |  |  |  |  |  |  |  |  |  |  | 
| 2025-03-02 |  |  |  |  |  |  | <- | <- | <- |  |  |  |  |  |  |  |  |  |  | 
| 2025-03-03 | 660B | 08:30:00 | 20:00:00 | 3.0 | 11.0 | V540 数据图纸修改 | <- | <- | <- |  |  |  |  |  |  |  |  |  |  | 
| 2025-03-04 | 660B | 08:30:00 | 20:00:00 | 3.0 | 11.0 | V540 数据图纸修改 | <- | <- | <- |  |  |  |  |  |  |  |  |  |  | 
| 2025-03-05 | 660B | 08:30:00 | 20:30:00 | 3.5 | 11.5 | V540 数据图纸修改 | <- | <- | <- |  |  |  |  |  |  |  |  |  |  | 
| 2025-03-06 | 660B | 08:30:00 | 18:00:00 | 1.0 | 9.0 | V540 数据图纸修改 | <- | <- | <- |  |  |  |  |  |  |  |  |  |  | 
| 2025-03-07 | 660B | 08:30:00 | 17:00:00 | 0.0 | 8.0 | V540 数据图纸修改 | <- | <- | <- |  |  |  |  |  |  |  |  |  |  | 
| 2025-03-08 |  |  |  |  |  |  | <- | <- | <- |  |  |  |  |  |  |  |  |  |  | 
| 2025-03-09 |  |  |  |  |  |  | <- | <- | <- |  |  |  |  |  |  |  |  |  |             | 
| 2025-03-10 | 660B | 08:30:00 | 20:00:00 | 3.0 | 11.0 | V540 数据图纸修改 | <- | <- | <- |  |  |  |  |  |  |  |  |  |  | 
| 2025-03-11 | 660B | 08:30:00 | 20:00:00 | 3.0 | 11.0 | V540 数据图纸修改 | <- | <- | <- |  |  |  |  |  |  |  |  |  |  | 
| 2025-03-12 | 660B | 08:30:00 | 20:00:00 | 3.0 | 11.0 | V540 数据图纸修改 | <- | <- | <- |  |  |  |  |  |  |  |  |  |  | 
| 2025-03-13 | 660B | 08:30:00 | 20:00:00 | 3.0 | 11.0 | V540 数据图纸修改 | <- | <- | <- |  |  |  |  |  |  |  |  |  |  | 
| 2025-03-14 | 660B | 08:30:00 | 20:00:00 | 3.0 | 11.0 | V540 数据图纸修改 | <- | <- | <- |  |  |  |  |  |  |  |  |  |  | 
| 2025-03-15 |  |  |  |  |  |  | <- | <- | <- |  |  |  |  |  |  |  |  |  |  | 
| 2025-03-16 |  |  |  |  |  |  | <- | <- | <- |  |  |  |  |  |  |  |  |  |  | 
| 2025-03-17 | 660B | 08:30:00 | 20:00:00 | 3.0 | 11.0 | V540 数据图纸修改 | <- | <- | <- |  |  |  |  |  |  |  |  |  |  | 
| 2025-03-18 | 660B | 08:30:00 | 20:00:00 | 3.0 | 11.0 | V540 数据图纸修改 | <- | <- | <- |  |  |  |  |  |  |  |  |  |  | 
| 2025-03-19 | 660B | 08:30:00 | 20:30:00 | 3.5 | 11.5 | V540 数据图纸修改 | <- | <- | <- |  |  |  |  |  |  |  |  |  |  | 
| 2025-03-20 | 660B | 08:30:00 | 20:00:00 | 3.0 | 11.0 | V540 数据图纸修改 | <- | <- | <- |  |  |  |  |  |  |  |  |  |  | 
| 2025-03-21 | 660B | 08:30:00 | 20:00:00 | 3.0 | 11.0 | V540 数据图纸修改 | <- | <- | <- |  |  |  |  |  |  |  |  |  |  | 
| 2025-03-22 |  |  |  |  |  |  | <- | <- | <- |  |  |  |  |  |  |  |  |  |  | 
| 2025-03-23 |  |  |  |  |  |  | <- | <- | <- |  |  |  |  |  |  |  |  |  |  | 
| 2025-03-24 | 660B | 08:30:00 | 20:00:00 | 3.0 | 11.0 | V540 数据图纸修改 | <- | <- | <- |  |  |  |  |  |  |  |  |  |  | 
| 2025-03-25 | 660B | 08:30:00 | 20:00:00 | 3.0 | 11.0 | V540 数据图纸修改 | <- | <- | <- |  |  |  |  |  |  |  |  |  |  | 
| 2025-03-26 | 660B | 08:30:00 | 20:00:00 | 3.0 | 11.0 | V540 数据图纸修改 | <- | <- | <- |  |  |  |  |  |  |  |  |  |  | 
| 2025-03-27 | 660B | 08:30:00 | 20:00:00 | 3.0 | 11.0 | EF2H 3D数据 | <- | <- | <- |  |  |  |  |  |  |  |  |  |  | 
| 2025-03-28 | 660B | 08:30:00 | 20:00:00 | 3.0 | 11.0 | EF2H 3D数据 | <- | <- | <- |  |  |  |  |  |  |  |  |  |  | 
| 2025-03-29 | 660B | 10:00:00 | 12:00:00 | 1.5 | 1.5 | EF2H 3D数据 | <- | <- | <- |  |  |  |  |  |  |  |  |  |  | 
| 2025-03-30 |  |  |  |  |  |  | <- | <- | <- |  |  |  |  |  |  |  |  |  |  | 
| 2025-03-31 | 660B | 08:30:00 | 20:00:00 | 3.0 | 11.0 | EF2H 3D数据 | <- | <- | <- |  |  |  |  |  |  |  |  |  |  | 
| 2025-04-01 |  |  |  |  |  |  | <- | <- | <- |  |  |  |  |  |  |  |  |  |  | 
| 工时统计 | 项目名称 | 项目编号 | 加班 | <- | 工时 | 项目工程师签字 | <- | <- | <- |  |  |  |  |  |  |  |  |  |  | 
| ^ | 660B |  | 60.5 | <- | 228.5 |  | <- | <- | <- |  |  |  |  |  |  |  |  |  |  | 
| ^ |  |  |  | <- |  |  | <- | <- | <- |  |  |  |  |  |  |  |  |  |  | 
| ^ |  |  |  | <- |  |  | <- | <- | <- |  |  |  |  |  |  |  |  |  |  | 
| ^ |  |  |  | <- |  |  | <- | <- | <- |  |  |  |  |  |  |  |  |  |  | 
| 总计工时 | 228.50 | <- | 经理签字： | <- | <- |  | <- | <- | <- |  |  |  |  |  |  |  |  |  |  | 


## 工作表: Sheet1

| A | B | C | D | E | F | 
|  --- | --- | --- | --- | --- | --- |
|  |  |  | 一年调整一次，请勿随意删除 | <- | <- | 
|  |  |  | 2025 | <- | <- | 
| 年 | 月 |  | 节假日 | 调休加班日 |  | 
| 1905-07-17 | 3 |  | 45658 | 45683 |  | 
|  |  |  | 45685 | 45696 |  | 
|  |  |  | 45686 | 45774 |  | 
|  |  |  | 45687 | 45928 |  | 
|  |  |  | 45688 | 45941 |  | 
|  |  |  | 45689 |  |  | 
|  |  |  | 45690 |  |  | 
|  |  |  | 45691 |  |  | 
|  |  |  | 45692 |  |  | 
|  |  |  | 45751 |  |  | 
|  |  |  | 45752 |  |  | 
|  |  |  | 45753 |  |  | 
|  |  |  | 45778 |  |  | 
|  |  |  | 45779 |  |  | 
|  |  |  | 45780 |  |  | 
|  |  |  | 45781 |  |  | 
|  |  |  | 45782 |  |  | 
|  |  |  | 45808 |  |  | 
|  |  |  | 45809 |  |  | 
|  |  |  | 45810 |  |  | 
|  |  |  | 45931 |  |  | 
|  |  |  | 45932 |  |  | 
|  |  |  | 45933 |  |  | 
|  |  |  | 45934 |  |  | 
|  |  |  | 45935 |  |  | 
|  |  |  | 45936 |  |  | 
|  |  |  | 45937 |  |  | 
|  |  |  | 45938 |  |  | 



2025-05-20 10:48:26,540 - INFO - 从表格文本中，提取员工姓名和公司名称...
2025-05-20 10:48:26,540 - INFO - 发送请求到模型API...
2025-05-20 10:48:26,541 - INFO - system_prompt：
你是一个专业的表格信息提取助手。用户会提供给你一份Excel工时表，已转换为Markdown格式。你需要提取出表格包含的员工姓名`employee_name`和公司名称`company_name`。以JSON格式输出结果，包含`employee_name`和`company_name`两个字段。如果无法提取到员工姓名和公司名称，请返回空字符串。

markdown格式的表格中合并单元格表示法：
   - "^" 符号表示该单元格与上方单元格合并（纵向合并）
   - "<-" 符号表示该单元格与左侧单元格合并（横向合并）
   - "^<-" 符号表示该单元格同时与上方和左侧单元格合并（纵横合并）

比如：{"employee_name":"张三", "company_name":"XXX公司"}
注意：直接返回结果，不要包含任何解释或说明。

2025-05-20 10:48:26,542 - INFO - user_prompt：## 工作表: 蔡爽

| A | B | C | D | E | F | G | H | I | J | K | L | M | N | O | P | Q | R | S | T | 
|  --- | --- | --- | --- | --- | --- | --- | --- | --- | --- | --- | --- | --- | --- | --- | --- | --- | --- | --- | --- |
| 重庆延锋安道拓 | <- | 上海睿励信息技术有限公司 工时记录表 | <- | <- | <- | <- | <- | <- | <- |  |  |  |  |  |  |  |  |  |  | 
| ^ | ^<- | 供应商 |  | <- | <- | <- | <- | <- | <- |  |  |  |  |  |  |  |  |  |  | 
| 工程师 | 蔡爽 | <- | 负责人 | 向阳 | 电话 | 15123462783 | <- | <- | <- |  |  |  |  |  |  |  |  |  |  | 
| 日期 | 项目名称 | 开始工作时间 | 工作结束时间 | 加班时间 | 总工作时间 | 备注 | <- | <- | <- |  |  |  |  |  |  |  |  |  |  | 
| 2025-03-01 |  |  |  |  |  |  | <- | <- | <- |  |  |  |  |  |  |  |  |  |  | 
| 2025-03-02 |  |  |  |  |  |  | <- | <- | <- |  |  |  |  |  |  |  |  |  |  | 
| 2025-03-03 | 660B | 08:30:00 | 20:00:00 | 3.0 | 11.0 | V540 数据图纸修改 | <- | <- | <- |  |  |  |  |  |  |  |  |  |  | 
| 2025-03-04 | 660B | 08:30:00 | 20:00:00 | 3.0 | 11.0 | V540 数据图纸修改 | <- | <- | <- |  |  |  |  |  |  |  |  |  |  | 
| 2025-03-05 | 660B | 08:30:00 | 20:30:00 | 3.5 | 11.5 | V540 数据图纸修改 | <- | <- | <- |  |  |  |  |  |  |  |  |  |  | 
| 2025-03-06 | 660B | 08:30:00 | 18:00:00 | 1.0 | 9.0 | V540 数据图纸修改 | <- | <- | <- |  |  |  |  |  |  |  |  |  |  | 
| 2025-03-07 | 660B | 08:30:00 | 17:00:00 | 0.0 | 8.0 | V540 数据图纸修改 | <- | <- | <- |  |  |  |  |  |  |  |  |  |  | 
| 2025-03-08 |  |  |  |  |  |  | <- | <- | <- |  |  |  |  |  |  |  |  |  |  | 
| 2025-03-09 |  |  |  |  |  |  | <- | <- | <- |  |  |  |  |  |  |  |  |  |             | 
| 2025-03-10 | 660B | 08:30:00 | 20:00:00 | 3.0 | 11.0 | V540 数据图纸修改 | <- | <- | <- |  |  |  |  |  |  |  |  |  |  | 
| 2025-03-11 | 660B | 08:30:00 | 20:00:00 | 3.0 | 11.0 | V540 数据图纸修改 | <- | <- | <- |  |  |  |  |  |  |  |  |  |  | 
| 2025-03-12 | 660B | 08:30:00 | 20:00:00 | 3.0 | 11.0 | V540 数据图纸修改 | <- | <- | <- |  |  |  |  |  |  |  |  |  |  | 
| 2025-03-13 | 660B | 08:30:00 | 20:00:00 | 3.0 | 11.0 | V540 数据图纸修改 | <- | <- | <- |  |  |  |  |  |  |  |  |  |  | 
| 2025-03-14 | 660B | 08:30:00 | 20:00:00 | 3.0 | 11.0 | V540 数据图纸修改 | <- | <- | <- |  |  |  |  |  |  |  |  |  |  | 
| 2025-03-15 |  |  |  |  |  |  | <- | <- | <- |  |  |  |  |  |  |  |  |  |  | 
| 2025-03-16 |  |  |  |  |  |  | <- | <- | <- |  |  |  |  |  |  |  |  |  |  | 
| 2025-03-17 | 660B | 08:30:00 | 20:00:00 | 3.0 | 11.0 | V540 数据图纸修改 | <- | <- | <- |  |  |  |  |  |  |  |  |  |  | 
| 2025-03-18 | 660B | 08:30:00 | 20:00:00 | 3.0 | 11.0 | V540 数据图纸修改 | <- | <- | <- |  |  |  |  |  |  |  |  |  |  | 
| 2025-03-19 | 660B | 08:30:00 | 20:30:00 | 3.5 | 11.5 | V540 数据图纸修改 | <- | <- | <- |  |  |  |  |  |  |  |  |  |  | 
| 2025-03-20 | 660B | 08:30:00 | 20:00:00 | 3.0 | 11.0 | V540 数据图纸修改 | <- | <- | <- |  |  |  |  |  |  |  |  |  |  | 
| 2025-03-21 | 660B | 08:30:00 | 20:00:00 | 3.0 | 11.0 | V540 数据图纸修改 | <- | <- | <- |  |  |  |  |  |  |  |  |  |  | 
| 2025-03-22 |  |  |  |  |  |  | <- | <- | <- |  |  |  |  |  |  |  |  |  |  | 
| 2025-03-23 |  |  |  |  |  |  | <- | <- | <- |  |  |  |  |  |  |  |  |  |  | 
| 2025-03-24 | 660B | 08:30:00 | 20:00:00 | 3.0 | 11.0 | V540 数据图纸修改 | <- | <- | <- |  |  |  |  |  |  |  |  |  |  | 
| 2025-03-25 | 660B | 08:30:00 | 20:00:00 | 3.0 | 11.0 | V540 数据图纸修改 | <- | <- | <- |  |  |  |  |  |  |  |  |  |  | 
| 2025-03-26 | 660B | 08:30:00 | 20:00:00 | 3.0 | 11.0 | V540 数据图纸修改 | <- | <- | <- |  |  |  |  |  |  |  |  |  |  | 
| 2025-03-27 | 660B | 08:30:00 | 20:00:00 | 3.0 | 11.0 | EF2H 3D数据 | <- | <- | <- |  |  |  |  |  |  |  |  |  |  | 
| 2025-03-28 | 660B | 08:30:00 | 20:00:00 | 3.0 | 11.0 | EF2H 3D数据 | <- | <- | <- |  |  |  |  |  |  |  |  |  |  | 
| 2025-03-29 | 660B | 10:00:00 | 12:00:00 | 1.5 | 1.5 | EF2H 3D数据 | <- | <- | <- |  |  |  |  |  |  |  |  |  |  | 
| 2025-03-30 |  |  |  |  |  |  | <- | <- | <- |  |  |  |  |  |  |  |  |  |  | 
| 2025-03-31 | 660B | 08:30:00 | 20:00:00 | 3.0 | 11.0 | EF2H 3D数据 | <- | <- | <- |  |  |  |  |  |  |  |  |  |  | 
| 2025-04-01 |  |  |  |  |  |  | <- | <- | <- |  |  |  |  |  |  |  |  |  |  | 
| 工时统计 | 项目名称 | 项目编号 | 加班 | <- | 工时 | 项目工程师签字 | <- | <- | <- |  |  |  |  |  |  |  |  |  |  | 
| ^ | 660B |  | 60.5 | <- | 228.5 |  | <- | <- | <- |  |  |  |  |  |  |  |  |  |  | 
| ^ |  |  |  | <- |  |  | <- | <- | <- |  |  |  |  |  |  |  |  |  |  | 
| ^ |  |  |  | <- |  |  | <- | <- | <- |  |  |  |  |  |  |  |  |  |  | 
| ^ |  |  |  | <- |  |  | <- | <- | <- |  |  |  |  |  |  |  |  |  |  | 
| 总计工时 | 228.50 | <- | 经理签字： | <- | <- |  | <- | <- | <- |  |  |  |  |  |  |  |  |  |  | 


## 工作表: Sheet1

| A | B | C | D | E | F | 
|  --- | --- | --- | --- | --- | --- |
|  |  |  | 一年调整一次，请勿随意删除 | <- | <- | 
|  |  |  | 2025 | <- | <- | 
| 年 | 月 |  | 节假日 | 调休加班日 |  | 
| 1905-07-17 | 3 |  | 45658 | 45683 |  | 
|  |  |  | 45685 | 45696 |  | 
|  |  |  | 45686 | 45774 |  | 
|  |  |  | 45687 | 45928 |  | 
|  |  |  | 45688 | 45941 |  | 
|  |  |  | 45689 |  |  | 
|  |  |  | 45690 |  |  | 
|  |  |  | 45691 |  |  | 
|  |  |  | 45692 |  |  | 
|  |  |  | 45751 |  |  | 
|  |  |  | 45752 |  |  | 
|  |  |  | 45753 |  |  | 
|  |  |  | 45778 |  |  | 
|  |  |  | 45779 |  |  | 
|  |  |  | 45780 |  |  | 
|  |  |  | 45781 |  |  | 
|  |  |  | 45782 |  |  | 
|  |  |  | 45808 |  |  | 
|  |  |  | 45809 |  |  | 
|  |  |  | 45810 |  |  | 
|  |  |  | 45931 |  |  | 
|  |  |  | 45932 |  |  | 
|  |  |  | 45933 |  |  | 
|  |  |  | 45934 |  |  | 
|  |  |  | 45935 |  |  | 
|  |  |  | 45936 |  |  | 
|  |  |  | 45937 |  |  | 
|  |  |  | 45938 |  |  | 



2025-05-20 10:48:30,112 - INFO - 请求成功，状态码: 200
2025-05-20 10:48:30,112 - INFO - 模型返回：{"employee_name":"蔡爽", "company_name":"重庆延锋安道拓"}

2025-05-20 10:48:30,112 - INFO - 解析模型返回：
 - 员工姓名：蔡爽,  - 公司名称：重庆延锋安道拓
2025-05-20 10:48:30,113 - INFO - 

从表格文本中，提取汇总数据...
2025-05-20 10:48:30,113 - INFO - 发送请求到模型API...
2025-05-20 10:48:30,114 - INFO - system_prompt：
你是一个专业的工时数据提取助手。用户会提供给你一份Excel工时表，已转换为Markdown格式。你需要提取出表格中的按照项目做统计的工时汇总数据。将提取结果以JSON格式输出。以项目名称作为key为项目名称，value为包含加班和工时的字典。

markdown格式的表格中合并单元格表示法：
   - "^" 符号表示该单元格与上方单元格合并（纵向合并）
   - "<-" 符号表示该单元格与左侧单元格合并（横向合并）
   - "^<-" 符号表示该单元格同时与上方和左侧单元格合并（纵横合并）

你可以按照以下步骤进行分析：
1. 首先，定位表格中工时统计汇总数据，通常在表格的下方。
2. 读取工时统计汇总数据，包含项目名称、项目编号、加班、工时等。项目编号可能为空。
3. 整理所有数据，以JSON格式输。key为项目名称，value为包含加班`overtime_hours`和工时`total_hours`的字典。

注意：
1.直接返回结果，不要包含任何解释或说明。
2.输出结果必须严格按照无语法错误的JSON格式输出，不能有任何其他格式。

以JSON格式输出结果，示例输出如下：
示例1：
{"D11":{"overtime_hours":20,"total_hours":120}, "A12":{"overtime_hours":6,"total_hours":14}, "B13":{"overtime_hours":1,"total_hours":10}}
示例2：
{"D11":{"overtime_hours":20,"total_hours":120}, "A12":{"overtime_hours":6,"total_hours":14}}

2025-05-20 10:48:30,116 - INFO - user_prompt：## 工作表: 蔡爽

| A | B | C | D | E | F | G | H | I | J | K | L | M | N | O | P | Q | R | S | T | 
|  --- | --- | --- | --- | --- | --- | --- | --- | --- | --- | --- | --- | --- | --- | --- | --- | --- | --- | --- | --- |
| 重庆延锋安道拓 | <- | 上海睿励信息技术有限公司 工时记录表 | <- | <- | <- | <- | <- | <- | <- |  |  |  |  |  |  |  |  |  |  | 
| ^ | ^<- | 供应商 |  | <- | <- | <- | <- | <- | <- |  |  |  |  |  |  |  |  |  |  | 
| 工程师 | 蔡爽 | <- | 负责人 | 向阳 | 电话 | 15123462783 | <- | <- | <- |  |  |  |  |  |  |  |  |  |  | 
| 日期 | 项目名称 | 开始工作时间 | 工作结束时间 | 加班时间 | 总工作时间 | 备注 | <- | <- | <- |  |  |  |  |  |  |  |  |  |  | 
| 2025-03-01 |  |  |  |  |  |  | <- | <- | <- |  |  |  |  |  |  |  |  |  |  | 
| 2025-03-02 |  |  |  |  |  |  | <- | <- | <- |  |  |  |  |  |  |  |  |  |  | 
| 2025-03-03 | 660B | 08:30:00 | 20:00:00 | 3.0 | 11.0 | V540 数据图纸修改 | <- | <- | <- |  |  |  |  |  |  |  |  |  |  | 
| 2025-03-04 | 660B | 08:30:00 | 20:00:00 | 3.0 | 11.0 | V540 数据图纸修改 | <- | <- | <- |  |  |  |  |  |  |  |  |  |  | 
| 2025-03-05 | 660B | 08:30:00 | 20:30:00 | 3.5 | 11.5 | V540 数据图纸修改 | <- | <- | <- |  |  |  |  |  |  |  |  |  |  | 
| 2025-03-06 | 660B | 08:30:00 | 18:00:00 | 1.0 | 9.0 | V540 数据图纸修改 | <- | <- | <- |  |  |  |  |  |  |  |  |  |  | 
| 2025-03-07 | 660B | 08:30:00 | 17:00:00 | 0.0 | 8.0 | V540 数据图纸修改 | <- | <- | <- |  |  |  |  |  |  |  |  |  |  | 
| 2025-03-08 |  |  |  |  |  |  | <- | <- | <- |  |  |  |  |  |  |  |  |  |  | 
| 2025-03-09 |  |  |  |  |  |  | <- | <- | <- |  |  |  |  |  |  |  |  |  |             | 
| 2025-03-10 | 660B | 08:30:00 | 20:00:00 | 3.0 | 11.0 | V540 数据图纸修改 | <- | <- | <- |  |  |  |  |  |  |  |  |  |  | 
| 2025-03-11 | 660B | 08:30:00 | 20:00:00 | 3.0 | 11.0 | V540 数据图纸修改 | <- | <- | <- |  |  |  |  |  |  |  |  |  |  | 
| 2025-03-12 | 660B | 08:30:00 | 20:00:00 | 3.0 | 11.0 | V540 数据图纸修改 | <- | <- | <- |  |  |  |  |  |  |  |  |  |  | 
| 2025-03-13 | 660B | 08:30:00 | 20:00:00 | 3.0 | 11.0 | V540 数据图纸修改 | <- | <- | <- |  |  |  |  |  |  |  |  |  |  | 
| 2025-03-14 | 660B | 08:30:00 | 20:00:00 | 3.0 | 11.0 | V540 数据图纸修改 | <- | <- | <- |  |  |  |  |  |  |  |  |  |  | 
| 2025-03-15 |  |  |  |  |  |  | <- | <- | <- |  |  |  |  |  |  |  |  |  |  | 
| 2025-03-16 |  |  |  |  |  |  | <- | <- | <- |  |  |  |  |  |  |  |  |  |  | 
| 2025-03-17 | 660B | 08:30:00 | 20:00:00 | 3.0 | 11.0 | V540 数据图纸修改 | <- | <- | <- |  |  |  |  |  |  |  |  |  |  | 
| 2025-03-18 | 660B | 08:30:00 | 20:00:00 | 3.0 | 11.0 | V540 数据图纸修改 | <- | <- | <- |  |  |  |  |  |  |  |  |  |  | 
| 2025-03-19 | 660B | 08:30:00 | 20:30:00 | 3.5 | 11.5 | V540 数据图纸修改 | <- | <- | <- |  |  |  |  |  |  |  |  |  |  | 
| 2025-03-20 | 660B | 08:30:00 | 20:00:00 | 3.0 | 11.0 | V540 数据图纸修改 | <- | <- | <- |  |  |  |  |  |  |  |  |  |  | 
| 2025-03-21 | 660B | 08:30:00 | 20:00:00 | 3.0 | 11.0 | V540 数据图纸修改 | <- | <- | <- |  |  |  |  |  |  |  |  |  |  | 
| 2025-03-22 |  |  |  |  |  |  | <- | <- | <- |  |  |  |  |  |  |  |  |  |  | 
| 2025-03-23 |  |  |  |  |  |  | <- | <- | <- |  |  |  |  |  |  |  |  |  |  | 
| 2025-03-24 | 660B | 08:30:00 | 20:00:00 | 3.0 | 11.0 | V540 数据图纸修改 | <- | <- | <- |  |  |  |  |  |  |  |  |  |  | 
| 2025-03-25 | 660B | 08:30:00 | 20:00:00 | 3.0 | 11.0 | V540 数据图纸修改 | <- | <- | <- |  |  |  |  |  |  |  |  |  |  | 
| 2025-03-26 | 660B | 08:30:00 | 20:00:00 | 3.0 | 11.0 | V540 数据图纸修改 | <- | <- | <- |  |  |  |  |  |  |  |  |  |  | 
| 2025-03-27 | 660B | 08:30:00 | 20:00:00 | 3.0 | 11.0 | EF2H 3D数据 | <- | <- | <- |  |  |  |  |  |  |  |  |  |  | 
| 2025-03-28 | 660B | 08:30:00 | 20:00:00 | 3.0 | 11.0 | EF2H 3D数据 | <- | <- | <- |  |  |  |  |  |  |  |  |  |  | 
| 2025-03-29 | 660B | 10:00:00 | 12:00:00 | 1.5 | 1.5 | EF2H 3D数据 | <- | <- | <- |  |  |  |  |  |  |  |  |  |  | 
| 2025-03-30 |  |  |  |  |  |  | <- | <- | <- |  |  |  |  |  |  |  |  |  |  | 
| 2025-03-31 | 660B | 08:30:00 | 20:00:00 | 3.0 | 11.0 | EF2H 3D数据 | <- | <- | <- |  |  |  |  |  |  |  |  |  |  | 
| 2025-04-01 |  |  |  |  |  |  | <- | <- | <- |  |  |  |  |  |  |  |  |  |  | 
| 工时统计 | 项目名称 | 项目编号 | 加班 | <- | 工时 | 项目工程师签字 | <- | <- | <- |  |  |  |  |  |  |  |  |  |  | 
| ^ | 660B |  | 60.5 | <- | 228.5 |  | <- | <- | <- |  |  |  |  |  |  |  |  |  |  | 
| ^ |  |  |  | <- |  |  | <- | <- | <- |  |  |  |  |  |  |  |  |  |  | 
| ^ |  |  |  | <- |  |  | <- | <- | <- |  |  |  |  |  |  |  |  |  |  | 
| ^ |  |  |  | <- |  |  | <- | <- | <- |  |  |  |  |  |  |  |  |  |  | 
| 总计工时 | 228.50 | <- | 经理签字： | <- | <- |  | <- | <- | <- |  |  |  |  |  |  |  |  |  |  | 


## 工作表: Sheet1

| A | B | C | D | E | F | 
|  --- | --- | --- | --- | --- | --- |
|  |  |  | 一年调整一次，请勿随意删除 | <- | <- | 
|  |  |  | 2025 | <- | <- | 
| 年 | 月 |  | 节假日 | 调休加班日 |  | 
| 1905-07-17 | 3 |  | 45658 | 45683 |  | 
|  |  |  | 45685 | 45696 |  | 
|  |  |  | 45686 | 45774 |  | 
|  |  |  | 45687 | 45928 |  | 
|  |  |  | 45688 | 45941 |  | 
|  |  |  | 45689 |  |  | 
|  |  |  | 45690 |  |  | 
|  |  |  | 45691 |  |  | 
|  |  |  | 45692 |  |  | 
|  |  |  | 45751 |  |  | 
|  |  |  | 45752 |  |  | 
|  |  |  | 45753 |  |  | 
|  |  |  | 45778 |  |  | 
|  |  |  | 45779 |  |  | 
|  |  |  | 45780 |  |  | 
|  |  |  | 45781 |  |  | 
|  |  |  | 45782 |  |  | 
|  |  |  | 45808 |  |  | 
|  |  |  | 45809 |  |  | 
|  |  |  | 45810 |  |  | 
|  |  |  | 45931 |  |  | 
|  |  |  | 45932 |  |  | 
|  |  |  | 45933 |  |  | 
|  |  |  | 45934 |  |  | 
|  |  |  | 45935 |  |  | 
|  |  |  | 45936 |  |  | 
|  |  |  | 45937 |  |  | 
|  |  |  | 45938 |  |  | 



2025-05-20 10:48:33,375 - INFO - 请求成功，状态码: 200
2025-05-20 10:48:33,376 - INFO - 模型返回：
{"660B":{"overtime_hours":60.5,"total_hours":228.5}}

2025-05-20 10:48:33,377 - INFO - 源数据表中的工时汇总数据：{'660B': {'overtime_hours': 60.5, 'total_hours': 228.5}}
2025-05-20 10:48:52,928 - INFO - 开始处理工时文件：C:/Users/admin/Desktop/工时测试数据/蔡爽工时表-重庆安道拓-2025年03月.xlsx
2025-05-20 10:48:53,098 - INFO - Excel表格提取文本：
## 工作表: 蔡爽

| A | B | C | D | E | F | G | H | I | J | K | L | M | N | O | P | Q | R | S | T | 
|  --- | --- | --- | --- | --- | --- | --- | --- | --- | --- | --- | --- | --- | --- | --- | --- | --- | --- | --- | --- |
| 重庆延锋安道拓 | <- | 上海睿励信息技术有限公司 工时记录表 | <- | <- | <- | <- | <- | <- | <- |  |  |  |  |  |  |  |  |  |  | 
| ^ | ^<- | 供应商 |  | <- | <- | <- | <- | <- | <- |  |  |  |  |  |  |  |  |  |  | 
| 工程师 | 蔡爽 | <- | 负责人 | 向阳 | 电话 | 15123462783 | <- | <- | <- |  |  |  |  |  |  |  |  |  |  | 
| 日期 | 项目名称 | 开始工作时间 | 工作结束时间 | 加班时间 | 总工作时间 | 备注 | <- | <- | <- |  |  |  |  |  |  |  |  |  |  | 
| 2025-03-01 |  |  |  |  |  |  | <- | <- | <- |  |  |  |  |  |  |  |  |  |  | 
| 2025-03-02 |  |  |  |  |  |  | <- | <- | <- |  |  |  |  |  |  |  |  |  |  | 
| 2025-03-03 | 660B | 08:30:00 | 20:00:00 | 3.0 | 11.0 | V540 数据图纸修改 | <- | <- | <- |  |  |  |  |  |  |  |  |  |  | 
| 2025-03-04 | 660B | 08:30:00 | 20:00:00 | 3.0 | 11.0 | V540 数据图纸修改 | <- | <- | <- |  |  |  |  |  |  |  |  |  |  | 
| 2025-03-05 | 660B | 08:30:00 | 20:30:00 | 3.5 | 11.5 | V540 数据图纸修改 | <- | <- | <- |  |  |  |  |  |  |  |  |  |  | 
| 2025-03-06 | 660B | 08:30:00 | 18:00:00 | 1.0 | 9.0 | V540 数据图纸修改 | <- | <- | <- |  |  |  |  |  |  |  |  |  |  | 
| 2025-03-07 | 660B | 08:30:00 | 17:00:00 | 0.0 | 8.0 | V540 数据图纸修改 | <- | <- | <- |  |  |  |  |  |  |  |  |  |  | 
| 2025-03-08 |  |  |  |  |  |  | <- | <- | <- |  |  |  |  |  |  |  |  |  |  | 
| 2025-03-09 |  |  |  |  |  |  | <- | <- | <- |  |  |  |  |  |  |  |  |  |             | 
| 2025-03-10 | 660B | 08:30:00 | 20:00:00 | 3.0 | 11.0 | V540 数据图纸修改 | <- | <- | <- |  |  |  |  |  |  |  |  |  |  | 
| 2025-03-11 | 660B | 08:30:00 | 20:00:00 | 3.0 | 11.0 | V540 数据图纸修改 | <- | <- | <- |  |  |  |  |  |  |  |  |  |  | 
| 2025-03-12 | 660B | 08:30:00 | 20:00:00 | 3.0 | 11.0 | V540 数据图纸修改 | <- | <- | <- |  |  |  |  |  |  |  |  |  |  | 
| 2025-03-13 | 660B | 08:30:00 | 20:00:00 | 3.0 | 11.0 | V540 数据图纸修改 | <- | <- | <- |  |  |  |  |  |  |  |  |  |  | 
| 2025-03-14 | 660B | 08:30:00 | 20:00:00 | 3.0 | 11.0 | V540 数据图纸修改 | <- | <- | <- |  |  |  |  |  |  |  |  |  |  | 
| 2025-03-15 |  |  |  |  |  |  | <- | <- | <- |  |  |  |  |  |  |  |  |  |  | 
| 2025-03-16 |  |  |  |  |  |  | <- | <- | <- |  |  |  |  |  |  |  |  |  |  | 
| 2025-03-17 | 660B | 08:30:00 | 20:00:00 | 3.0 | 11.0 | V540 数据图纸修改 | <- | <- | <- |  |  |  |  |  |  |  |  |  |  | 
| 2025-03-18 | 660B | 08:30:00 | 20:00:00 | 3.0 | 11.0 | V540 数据图纸修改 | <- | <- | <- |  |  |  |  |  |  |  |  |  |  | 
| 2025-03-19 | 660B | 08:30:00 | 20:30:00 | 3.5 | 11.5 | V540 数据图纸修改 | <- | <- | <- |  |  |  |  |  |  |  |  |  |  | 
| 2025-03-20 | 660B | 08:30:00 | 20:00:00 | 3.0 | 11.0 | V540 数据图纸修改 | <- | <- | <- |  |  |  |  |  |  |  |  |  |  | 
| 2025-03-21 | 660B | 08:30:00 | 20:00:00 | 3.0 | 11.0 | V540 数据图纸修改 | <- | <- | <- |  |  |  |  |  |  |  |  |  |  | 
| 2025-03-22 |  |  |  |  |  |  | <- | <- | <- |  |  |  |  |  |  |  |  |  |  | 
| 2025-03-23 |  |  |  |  |  |  | <- | <- | <- |  |  |  |  |  |  |  |  |  |  | 
| 2025-03-24 | 660B | 08:30:00 | 20:00:00 | 3.0 | 11.0 | V540 数据图纸修改 | <- | <- | <- |  |  |  |  |  |  |  |  |  |  | 
| 2025-03-25 | 660B | 08:30:00 | 20:00:00 | 3.0 | 11.0 | V540 数据图纸修改 | <- | <- | <- |  |  |  |  |  |  |  |  |  |  | 
| 2025-03-26 | 660B | 08:30:00 | 20:00:00 | 3.0 | 11.0 | V540 数据图纸修改 | <- | <- | <- |  |  |  |  |  |  |  |  |  |  | 
| 2025-03-27 | 660B | 08:30:00 | 20:00:00 | 3.0 | 11.0 | EF2H 3D数据 | <- | <- | <- |  |  |  |  |  |  |  |  |  |  | 
| 2025-03-28 | 660B | 08:30:00 | 20:00:00 | 3.0 | 11.0 | EF2H 3D数据 | <- | <- | <- |  |  |  |  |  |  |  |  |  |  | 
| 2025-03-29 | 660B | 10:00:00 | 12:00:00 | 1.5 | 1.5 | EF2H 3D数据 | <- | <- | <- |  |  |  |  |  |  |  |  |  |  | 
| 2025-03-30 |  |  |  |  |  |  | <- | <- | <- |  |  |  |  |  |  |  |  |  |  | 
| 2025-03-31 | 660B | 08:30:00 | 20:00:00 | 3.0 | 11.0 | EF2H 3D数据 | <- | <- | <- |  |  |  |  |  |  |  |  |  |  | 
| 2025-04-01 |  |  |  |  |  |  | <- | <- | <- |  |  |  |  |  |  |  |  |  |  | 
| 工时统计 | 项目名称 | 项目编号 | 加班 | <- | 工时 | 项目工程师签字 | <- | <- | <- |  |  |  |  |  |  |  |  |  |  | 
| ^ | 660B |  | 60.5 | <- | 228.5 |  | <- | <- | <- |  |  |  |  |  |  |  |  |  |  | 
| ^ |  |  |  | <- |  |  | <- | <- | <- |  |  |  |  |  |  |  |  |  |  | 
| ^ |  |  |  | <- |  |  | <- | <- | <- |  |  |  |  |  |  |  |  |  |  | 
| ^ |  |  |  | <- |  |  | <- | <- | <- |  |  |  |  |  |  |  |  |  |  | 
| 总计工时 | 228.50 | <- | 经理签字： | <- | <- |  | <- | <- | <- |  |  |  |  |  |  |  |  |  |  | 


## 工作表: Sheet1

| A | B | C | D | E | F | 
|  --- | --- | --- | --- | --- | --- |
|  |  |  | 一年调整一次，请勿随意删除 | <- | <- | 
|  |  |  | 2025 | <- | <- | 
| 年 | 月 |  | 节假日 | 调休加班日 |  | 
| 1905-07-17 | 3 |  | 45658 | 45683 |  | 
|  |  |  | 45685 | 45696 |  | 
|  |  |  | 45686 | 45774 |  | 
|  |  |  | 45687 | 45928 |  | 
|  |  |  | 45688 | 45941 |  | 
|  |  |  | 45689 |  |  | 
|  |  |  | 45690 |  |  | 
|  |  |  | 45691 |  |  | 
|  |  |  | 45692 |  |  | 
|  |  |  | 45751 |  |  | 
|  |  |  | 45752 |  |  | 
|  |  |  | 45753 |  |  | 
|  |  |  | 45778 |  |  | 
|  |  |  | 45779 |  |  | 
|  |  |  | 45780 |  |  | 
|  |  |  | 45781 |  |  | 
|  |  |  | 45782 |  |  | 
|  |  |  | 45808 |  |  | 
|  |  |  | 45809 |  |  | 
|  |  |  | 45810 |  |  | 
|  |  |  | 45931 |  |  | 
|  |  |  | 45932 |  |  | 
|  |  |  | 45933 |  |  | 
|  |  |  | 45934 |  |  | 
|  |  |  | 45935 |  |  | 
|  |  |  | 45936 |  |  | 
|  |  |  | 45937 |  |  | 
|  |  |  | 45938 |  |  | 



2025-05-20 10:48:53,115 - INFO - 从表格文本中，提取员工姓名和公司名称...
2025-05-20 10:48:53,116 - INFO - 发送请求到模型API...
2025-05-20 10:48:53,116 - INFO - system_prompt：
你是一个专业的表格信息提取助手。用户会提供给你一份Excel工时表，已转换为Markdown格式。你需要提取出表格包含的员工姓名`employee_name`和公司名称`company_name`。以JSON格式输出结果，包含`employee_name`和`company_name`两个字段。如果无法提取到员工姓名和公司名称，请返回空字符串。

markdown格式的表格中合并单元格表示法：
   - "^" 符号表示该单元格与上方单元格合并（纵向合并）
   - "<-" 符号表示该单元格与左侧单元格合并（横向合并）
   - "^<-" 符号表示该单元格同时与上方和左侧单元格合并（纵横合并）

比如：{"employee_name":"张三", "company_name":"XXX公司"}
注意：直接返回结果，不要包含任何解释或说明。

2025-05-20 10:48:53,118 - INFO - user_prompt：## 工作表: 蔡爽

| A | B | C | D | E | F | G | H | I | J | K | L | M | N | O | P | Q | R | S | T | 
|  --- | --- | --- | --- | --- | --- | --- | --- | --- | --- | --- | --- | --- | --- | --- | --- | --- | --- | --- | --- |
| 重庆延锋安道拓 | <- | 上海睿励信息技术有限公司 工时记录表 | <- | <- | <- | <- | <- | <- | <- |  |  |  |  |  |  |  |  |  |  | 
| ^ | ^<- | 供应商 |  | <- | <- | <- | <- | <- | <- |  |  |  |  |  |  |  |  |  |  | 
| 工程师 | 蔡爽 | <- | 负责人 | 向阳 | 电话 | 15123462783 | <- | <- | <- |  |  |  |  |  |  |  |  |  |  | 
| 日期 | 项目名称 | 开始工作时间 | 工作结束时间 | 加班时间 | 总工作时间 | 备注 | <- | <- | <- |  |  |  |  |  |  |  |  |  |  | 
| 2025-03-01 |  |  |  |  |  |  | <- | <- | <- |  |  |  |  |  |  |  |  |  |  | 
| 2025-03-02 |  |  |  |  |  |  | <- | <- | <- |  |  |  |  |  |  |  |  |  |  | 
| 2025-03-03 | 660B | 08:30:00 | 20:00:00 | 3.0 | 11.0 | V540 数据图纸修改 | <- | <- | <- |  |  |  |  |  |  |  |  |  |  | 
| 2025-03-04 | 660B | 08:30:00 | 20:00:00 | 3.0 | 11.0 | V540 数据图纸修改 | <- | <- | <- |  |  |  |  |  |  |  |  |  |  | 
| 2025-03-05 | 660B | 08:30:00 | 20:30:00 | 3.5 | 11.5 | V540 数据图纸修改 | <- | <- | <- |  |  |  |  |  |  |  |  |  |  | 
| 2025-03-06 | 660B | 08:30:00 | 18:00:00 | 1.0 | 9.0 | V540 数据图纸修改 | <- | <- | <- |  |  |  |  |  |  |  |  |  |  | 
| 2025-03-07 | 660B | 08:30:00 | 17:00:00 | 0.0 | 8.0 | V540 数据图纸修改 | <- | <- | <- |  |  |  |  |  |  |  |  |  |  | 
| 2025-03-08 |  |  |  |  |  |  | <- | <- | <- |  |  |  |  |  |  |  |  |  |  | 
| 2025-03-09 |  |  |  |  |  |  | <- | <- | <- |  |  |  |  |  |  |  |  |  |             | 
| 2025-03-10 | 660B | 08:30:00 | 20:00:00 | 3.0 | 11.0 | V540 数据图纸修改 | <- | <- | <- |  |  |  |  |  |  |  |  |  |  | 
| 2025-03-11 | 660B | 08:30:00 | 20:00:00 | 3.0 | 11.0 | V540 数据图纸修改 | <- | <- | <- |  |  |  |  |  |  |  |  |  |  | 
| 2025-03-12 | 660B | 08:30:00 | 20:00:00 | 3.0 | 11.0 | V540 数据图纸修改 | <- | <- | <- |  |  |  |  |  |  |  |  |  |  | 
| 2025-03-13 | 660B | 08:30:00 | 20:00:00 | 3.0 | 11.0 | V540 数据图纸修改 | <- | <- | <- |  |  |  |  |  |  |  |  |  |  | 
| 2025-03-14 | 660B | 08:30:00 | 20:00:00 | 3.0 | 11.0 | V540 数据图纸修改 | <- | <- | <- |  |  |  |  |  |  |  |  |  |  | 
| 2025-03-15 |  |  |  |  |  |  | <- | <- | <- |  |  |  |  |  |  |  |  |  |  | 
| 2025-03-16 |  |  |  |  |  |  | <- | <- | <- |  |  |  |  |  |  |  |  |  |  | 
| 2025-03-17 | 660B | 08:30:00 | 20:00:00 | 3.0 | 11.0 | V540 数据图纸修改 | <- | <- | <- |  |  |  |  |  |  |  |  |  |  | 
| 2025-03-18 | 660B | 08:30:00 | 20:00:00 | 3.0 | 11.0 | V540 数据图纸修改 | <- | <- | <- |  |  |  |  |  |  |  |  |  |  | 
| 2025-03-19 | 660B | 08:30:00 | 20:30:00 | 3.5 | 11.5 | V540 数据图纸修改 | <- | <- | <- |  |  |  |  |  |  |  |  |  |  | 
| 2025-03-20 | 660B | 08:30:00 | 20:00:00 | 3.0 | 11.0 | V540 数据图纸修改 | <- | <- | <- |  |  |  |  |  |  |  |  |  |  | 
| 2025-03-21 | 660B | 08:30:00 | 20:00:00 | 3.0 | 11.0 | V540 数据图纸修改 | <- | <- | <- |  |  |  |  |  |  |  |  |  |  | 
| 2025-03-22 |  |  |  |  |  |  | <- | <- | <- |  |  |  |  |  |  |  |  |  |  | 
| 2025-03-23 |  |  |  |  |  |  | <- | <- | <- |  |  |  |  |  |  |  |  |  |  | 
| 2025-03-24 | 660B | 08:30:00 | 20:00:00 | 3.0 | 11.0 | V540 数据图纸修改 | <- | <- | <- |  |  |  |  |  |  |  |  |  |  | 
| 2025-03-25 | 660B | 08:30:00 | 20:00:00 | 3.0 | 11.0 | V540 数据图纸修改 | <- | <- | <- |  |  |  |  |  |  |  |  |  |  | 
| 2025-03-26 | 660B | 08:30:00 | 20:00:00 | 3.0 | 11.0 | V540 数据图纸修改 | <- | <- | <- |  |  |  |  |  |  |  |  |  |  | 
| 2025-03-27 | 660B | 08:30:00 | 20:00:00 | 3.0 | 11.0 | EF2H 3D数据 | <- | <- | <- |  |  |  |  |  |  |  |  |  |  | 
| 2025-03-28 | 660B | 08:30:00 | 20:00:00 | 3.0 | 11.0 | EF2H 3D数据 | <- | <- | <- |  |  |  |  |  |  |  |  |  |  | 
| 2025-03-29 | 660B | 10:00:00 | 12:00:00 | 1.5 | 1.5 | EF2H 3D数据 | <- | <- | <- |  |  |  |  |  |  |  |  |  |  | 
| 2025-03-30 |  |  |  |  |  |  | <- | <- | <- |  |  |  |  |  |  |  |  |  |  | 
| 2025-03-31 | 660B | 08:30:00 | 20:00:00 | 3.0 | 11.0 | EF2H 3D数据 | <- | <- | <- |  |  |  |  |  |  |  |  |  |  | 
| 2025-04-01 |  |  |  |  |  |  | <- | <- | <- |  |  |  |  |  |  |  |  |  |  | 
| 工时统计 | 项目名称 | 项目编号 | 加班 | <- | 工时 | 项目工程师签字 | <- | <- | <- |  |  |  |  |  |  |  |  |  |  | 
| ^ | 660B |  | 60.5 | <- | 228.5 |  | <- | <- | <- |  |  |  |  |  |  |  |  |  |  | 
| ^ |  |  |  | <- |  |  | <- | <- | <- |  |  |  |  |  |  |  |  |  |  | 
| ^ |  |  |  | <- |  |  | <- | <- | <- |  |  |  |  |  |  |  |  |  |  | 
| ^ |  |  |  | <- |  |  | <- | <- | <- |  |  |  |  |  |  |  |  |  |  | 
| 总计工时 | 228.50 | <- | 经理签字： | <- | <- |  | <- | <- | <- |  |  |  |  |  |  |  |  |  |  | 


## 工作表: Sheet1

| A | B | C | D | E | F | 
|  --- | --- | --- | --- | --- | --- |
|  |  |  | 一年调整一次，请勿随意删除 | <- | <- | 
|  |  |  | 2025 | <- | <- | 
| 年 | 月 |  | 节假日 | 调休加班日 |  | 
| 1905-07-17 | 3 |  | 45658 | 45683 |  | 
|  |  |  | 45685 | 45696 |  | 
|  |  |  | 45686 | 45774 |  | 
|  |  |  | 45687 | 45928 |  | 
|  |  |  | 45688 | 45941 |  | 
|  |  |  | 45689 |  |  | 
|  |  |  | 45690 |  |  | 
|  |  |  | 45691 |  |  | 
|  |  |  | 45692 |  |  | 
|  |  |  | 45751 |  |  | 
|  |  |  | 45752 |  |  | 
|  |  |  | 45753 |  |  | 
|  |  |  | 45778 |  |  | 
|  |  |  | 45779 |  |  | 
|  |  |  | 45780 |  |  | 
|  |  |  | 45781 |  |  | 
|  |  |  | 45782 |  |  | 
|  |  |  | 45808 |  |  | 
|  |  |  | 45809 |  |  | 
|  |  |  | 45810 |  |  | 
|  |  |  | 45931 |  |  | 
|  |  |  | 45932 |  |  | 
|  |  |  | 45933 |  |  | 
|  |  |  | 45934 |  |  | 
|  |  |  | 45935 |  |  | 
|  |  |  | 45936 |  |  | 
|  |  |  | 45937 |  |  | 
|  |  |  | 45938 |  |  | 



2025-05-20 10:48:55,331 - INFO - 请求成功，状态码: 200
2025-05-20 10:48:55,332 - INFO - 模型返回：{"employee_name":"蔡爽", "company_name":"重庆延锋安道拓"}

2025-05-20 10:48:55,333 - INFO - 解析模型返回：
 - 员工姓名：蔡爽,  - 公司名称：重庆延锋安道拓
2025-05-20 10:48:55,333 - INFO - 

从表格文本中，提取汇总数据...
2025-05-20 10:48:55,334 - INFO - 发送请求到模型API...
2025-05-20 10:48:55,334 - INFO - system_prompt：
你是一个专业的工时数据提取助手。用户会提供给你一份Excel工时表，已转换为Markdown格式。你需要提取出表格中的按照项目做统计的工时汇总数据。将提取结果以JSON格式输出。以项目名称作为key为项目名称，value为包含加班和工时的字典。

markdown格式的表格中合并单元格表示法：
   - "^" 符号表示该单元格与上方单元格合并（纵向合并）
   - "<-" 符号表示该单元格与左侧单元格合并（横向合并）
   - "^<-" 符号表示该单元格同时与上方和左侧单元格合并（纵横合并）

你可以按照以下步骤进行分析：
1. 首先，定位表格中工时统计汇总数据，通常在表格的下方。
2. 读取工时统计汇总数据，包含项目名称、项目编号、加班、工时等。项目编号可能为空。
3. 整理所有数据，以JSON格式输。key为项目名称，value为包含加班`overtime_hours`和工时`total_hours`的字典。

注意：
1.直接返回结果，不要包含任何解释或说明。
2.输出结果必须严格按照无语法错误的JSON格式输出，不能有任何其他格式。

以JSON格式输出结果，示例输出如下：
示例1：
{"D11":{"overtime_hours":20,"total_hours":120}, "A12":{"overtime_hours":6,"total_hours":14}, "B13":{"overtime_hours":1,"total_hours":10}}
示例2：
{"D11":{"overtime_hours":20,"total_hours":120}, "A12":{"overtime_hours":6,"total_hours":14}}

2025-05-20 10:48:55,338 - INFO - user_prompt：## 工作表: 蔡爽

| A | B | C | D | E | F | G | H | I | J | K | L | M | N | O | P | Q | R | S | T | 
|  --- | --- | --- | --- | --- | --- | --- | --- | --- | --- | --- | --- | --- | --- | --- | --- | --- | --- | --- | --- |
| 重庆延锋安道拓 | <- | 上海睿励信息技术有限公司 工时记录表 | <- | <- | <- | <- | <- | <- | <- |  |  |  |  |  |  |  |  |  |  | 
| ^ | ^<- | 供应商 |  | <- | <- | <- | <- | <- | <- |  |  |  |  |  |  |  |  |  |  | 
| 工程师 | 蔡爽 | <- | 负责人 | 向阳 | 电话 | 15123462783 | <- | <- | <- |  |  |  |  |  |  |  |  |  |  | 
| 日期 | 项目名称 | 开始工作时间 | 工作结束时间 | 加班时间 | 总工作时间 | 备注 | <- | <- | <- |  |  |  |  |  |  |  |  |  |  | 
| 2025-03-01 |  |  |  |  |  |  | <- | <- | <- |  |  |  |  |  |  |  |  |  |  | 
| 2025-03-02 |  |  |  |  |  |  | <- | <- | <- |  |  |  |  |  |  |  |  |  |  | 
| 2025-03-03 | 660B | 08:30:00 | 20:00:00 | 3.0 | 11.0 | V540 数据图纸修改 | <- | <- | <- |  |  |  |  |  |  |  |  |  |  | 
| 2025-03-04 | 660B | 08:30:00 | 20:00:00 | 3.0 | 11.0 | V540 数据图纸修改 | <- | <- | <- |  |  |  |  |  |  |  |  |  |  | 
| 2025-03-05 | 660B | 08:30:00 | 20:30:00 | 3.5 | 11.5 | V540 数据图纸修改 | <- | <- | <- |  |  |  |  |  |  |  |  |  |  | 
| 2025-03-06 | 660B | 08:30:00 | 18:00:00 | 1.0 | 9.0 | V540 数据图纸修改 | <- | <- | <- |  |  |  |  |  |  |  |  |  |  | 
| 2025-03-07 | 660B | 08:30:00 | 17:00:00 | 0.0 | 8.0 | V540 数据图纸修改 | <- | <- | <- |  |  |  |  |  |  |  |  |  |  | 
| 2025-03-08 |  |  |  |  |  |  | <- | <- | <- |  |  |  |  |  |  |  |  |  |  | 
| 2025-03-09 |  |  |  |  |  |  | <- | <- | <- |  |  |  |  |  |  |  |  |  |             | 
| 2025-03-10 | 660B | 08:30:00 | 20:00:00 | 3.0 | 11.0 | V540 数据图纸修改 | <- | <- | <- |  |  |  |  |  |  |  |  |  |  | 
| 2025-03-11 | 660B | 08:30:00 | 20:00:00 | 3.0 | 11.0 | V540 数据图纸修改 | <- | <- | <- |  |  |  |  |  |  |  |  |  |  | 
| 2025-03-12 | 660B | 08:30:00 | 20:00:00 | 3.0 | 11.0 | V540 数据图纸修改 | <- | <- | <- |  |  |  |  |  |  |  |  |  |  | 
| 2025-03-13 | 660B | 08:30:00 | 20:00:00 | 3.0 | 11.0 | V540 数据图纸修改 | <- | <- | <- |  |  |  |  |  |  |  |  |  |  | 
| 2025-03-14 | 660B | 08:30:00 | 20:00:00 | 3.0 | 11.0 | V540 数据图纸修改 | <- | <- | <- |  |  |  |  |  |  |  |  |  |  | 
| 2025-03-15 |  |  |  |  |  |  | <- | <- | <- |  |  |  |  |  |  |  |  |  |  | 
| 2025-03-16 |  |  |  |  |  |  | <- | <- | <- |  |  |  |  |  |  |  |  |  |  | 
| 2025-03-17 | 660B | 08:30:00 | 20:00:00 | 3.0 | 11.0 | V540 数据图纸修改 | <- | <- | <- |  |  |  |  |  |  |  |  |  |  | 
| 2025-03-18 | 660B | 08:30:00 | 20:00:00 | 3.0 | 11.0 | V540 数据图纸修改 | <- | <- | <- |  |  |  |  |  |  |  |  |  |  | 
| 2025-03-19 | 660B | 08:30:00 | 20:30:00 | 3.5 | 11.5 | V540 数据图纸修改 | <- | <- | <- |  |  |  |  |  |  |  |  |  |  | 
| 2025-03-20 | 660B | 08:30:00 | 20:00:00 | 3.0 | 11.0 | V540 数据图纸修改 | <- | <- | <- |  |  |  |  |  |  |  |  |  |  | 
| 2025-03-21 | 660B | 08:30:00 | 20:00:00 | 3.0 | 11.0 | V540 数据图纸修改 | <- | <- | <- |  |  |  |  |  |  |  |  |  |  | 
| 2025-03-22 |  |  |  |  |  |  | <- | <- | <- |  |  |  |  |  |  |  |  |  |  | 
| 2025-03-23 |  |  |  |  |  |  | <- | <- | <- |  |  |  |  |  |  |  |  |  |  | 
| 2025-03-24 | 660B | 08:30:00 | 20:00:00 | 3.0 | 11.0 | V540 数据图纸修改 | <- | <- | <- |  |  |  |  |  |  |  |  |  |  | 
| 2025-03-25 | 660B | 08:30:00 | 20:00:00 | 3.0 | 11.0 | V540 数据图纸修改 | <- | <- | <- |  |  |  |  |  |  |  |  |  |  | 
| 2025-03-26 | 660B | 08:30:00 | 20:00:00 | 3.0 | 11.0 | V540 数据图纸修改 | <- | <- | <- |  |  |  |  |  |  |  |  |  |  | 
| 2025-03-27 | 660B | 08:30:00 | 20:00:00 | 3.0 | 11.0 | EF2H 3D数据 | <- | <- | <- |  |  |  |  |  |  |  |  |  |  | 
| 2025-03-28 | 660B | 08:30:00 | 20:00:00 | 3.0 | 11.0 | EF2H 3D数据 | <- | <- | <- |  |  |  |  |  |  |  |  |  |  | 
| 2025-03-29 | 660B | 10:00:00 | 12:00:00 | 1.5 | 1.5 | EF2H 3D数据 | <- | <- | <- |  |  |  |  |  |  |  |  |  |  | 
| 2025-03-30 |  |  |  |  |  |  | <- | <- | <- |  |  |  |  |  |  |  |  |  |  | 
| 2025-03-31 | 660B | 08:30:00 | 20:00:00 | 3.0 | 11.0 | EF2H 3D数据 | <- | <- | <- |  |  |  |  |  |  |  |  |  |  | 
| 2025-04-01 |  |  |  |  |  |  | <- | <- | <- |  |  |  |  |  |  |  |  |  |  | 
| 工时统计 | 项目名称 | 项目编号 | 加班 | <- | 工时 | 项目工程师签字 | <- | <- | <- |  |  |  |  |  |  |  |  |  |  | 
| ^ | 660B |  | 60.5 | <- | 228.5 |  | <- | <- | <- |  |  |  |  |  |  |  |  |  |  | 
| ^ |  |  |  | <- |  |  | <- | <- | <- |  |  |  |  |  |  |  |  |  |  | 
| ^ |  |  |  | <- |  |  | <- | <- | <- |  |  |  |  |  |  |  |  |  |  | 
| ^ |  |  |  | <- |  |  | <- | <- | <- |  |  |  |  |  |  |  |  |  |  | 
| 总计工时 | 228.50 | <- | 经理签字： | <- | <- |  | <- | <- | <- |  |  |  |  |  |  |  |  |  |  | 


## 工作表: Sheet1

| A | B | C | D | E | F | 
|  --- | --- | --- | --- | --- | --- |
|  |  |  | 一年调整一次，请勿随意删除 | <- | <- | 
|  |  |  | 2025 | <- | <- | 
| 年 | 月 |  | 节假日 | 调休加班日 |  | 
| 1905-07-17 | 3 |  | 45658 | 45683 |  | 
|  |  |  | 45685 | 45696 |  | 
|  |  |  | 45686 | 45774 |  | 
|  |  |  | 45687 | 45928 |  | 
|  |  |  | 45688 | 45941 |  | 
|  |  |  | 45689 |  |  | 
|  |  |  | 45690 |  |  | 
|  |  |  | 45691 |  |  | 
|  |  |  | 45692 |  |  | 
|  |  |  | 45751 |  |  | 
|  |  |  | 45752 |  |  | 
|  |  |  | 45753 |  |  | 
|  |  |  | 45778 |  |  | 
|  |  |  | 45779 |  |  | 
|  |  |  | 45780 |  |  | 
|  |  |  | 45781 |  |  | 
|  |  |  | 45782 |  |  | 
|  |  |  | 45808 |  |  | 
|  |  |  | 45809 |  |  | 
|  |  |  | 45810 |  |  | 
|  |  |  | 45931 |  |  | 
|  |  |  | 45932 |  |  | 
|  |  |  | 45933 |  |  | 
|  |  |  | 45934 |  |  | 
|  |  |  | 45935 |  |  | 
|  |  |  | 45936 |  |  | 
|  |  |  | 45937 |  |  | 
|  |  |  | 45938 |  |  | 



2025-05-20 10:48:58,961 - INFO - 请求成功，状态码: 200
2025-05-20 10:48:58,962 - INFO - 模型返回：
{"660B":{"overtime_hours":60.5,"total_hours":228.5},"EF2H 3D数据":{"overtime_hours":4.5,"total_hours":13.5}}

2025-05-20 10:48:58,962 - INFO - 源数据表中的工时汇总数据：{'660B': {'overtime_hours': 60.5, 'total_hours': 228.5}, 'EF2H 3D数据': {'overtime_hours': 4.5, 'total_hours': 13.5}}
2025-05-20 10:52:28,159 - INFO - 开始处理工时文件：C:/Users/admin/Desktop/工时测试数据/蔡爽工时表-重庆安道拓-2025年03月.xlsx
2025-05-20 10:52:28,295 - INFO - Excel表格提取文本：
## 工作表: 蔡爽

| A | B | C | D | E | F | G | H | I | J | K | L | M | N | O | P | Q | R | S | T | 
|  --- | --- | --- | --- | --- | --- | --- | --- | --- | --- | --- | --- | --- | --- | --- | --- | --- | --- | --- | --- |
| 重庆延锋安道拓 | <- | 上海睿励信息技术有限公司 工时记录表 | <- | <- | <- | <- | <- | <- | <- |  |  |  |  |  |  |  |  |  |  | 
| ^ | ^<- | 供应商 |  | <- | <- | <- | <- | <- | <- |  |  |  |  |  |  |  |  |  |  | 
| 工程师 | 蔡爽 | <- | 负责人 | 向阳 | 电话 | 15123462783 | <- | <- | <- |  |  |  |  |  |  |  |  |  |  | 
| 日期 | 项目名称 | 开始工作时间 | 工作结束时间 | 加班时间 | 总工作时间 | 备注 | <- | <- | <- |  |  |  |  |  |  |  |  |  |  | 
| 2025-03-01 |  |  |  |  |  |  | <- | <- | <- |  |  |  |  |  |  |  |  |  |  | 
| 2025-03-02 |  |  |  |  |  |  | <- | <- | <- |  |  |  |  |  |  |  |  |  |  | 
| 2025-03-03 | 660B | 08:30:00 | 20:00:00 | 3.0 | 11.0 | V540 数据图纸修改 | <- | <- | <- |  |  |  |  |  |  |  |  |  |  | 
| 2025-03-04 | 660B | 08:30:00 | 20:00:00 | 3.0 | 11.0 | V540 数据图纸修改 | <- | <- | <- |  |  |  |  |  |  |  |  |  |  | 
| 2025-03-05 | 660B | 08:30:00 | 20:30:00 | 3.5 | 11.5 | V540 数据图纸修改 | <- | <- | <- |  |  |  |  |  |  |  |  |  |  | 
| 2025-03-06 | 660B | 08:30:00 | 18:00:00 | 1.0 | 9.0 | V540 数据图纸修改 | <- | <- | <- |  |  |  |  |  |  |  |  |  |  | 
| 2025-03-07 | 660B | 08:30:00 | 17:00:00 | 0.0 | 8.0 | V540 数据图纸修改 | <- | <- | <- |  |  |  |  |  |  |  |  |  |  | 
| 2025-03-08 |  |  |  |  |  |  | <- | <- | <- |  |  |  |  |  |  |  |  |  |  | 
| 2025-03-09 |  |  |  |  |  |  | <- | <- | <- |  |  |  |  |  |  |  |  |  |             | 
| 2025-03-10 | 660B | 08:30:00 | 20:00:00 | 3.0 | 11.0 | V540 数据图纸修改 | <- | <- | <- |  |  |  |  |  |  |  |  |  |  | 
| 2025-03-11 | 660B | 08:30:00 | 20:00:00 | 3.0 | 11.0 | V540 数据图纸修改 | <- | <- | <- |  |  |  |  |  |  |  |  |  |  | 
| 2025-03-12 | 660B | 08:30:00 | 20:00:00 | 3.0 | 11.0 | V540 数据图纸修改 | <- | <- | <- |  |  |  |  |  |  |  |  |  |  | 
| 2025-03-13 | 660B | 08:30:00 | 20:00:00 | 3.0 | 11.0 | V540 数据图纸修改 | <- | <- | <- |  |  |  |  |  |  |  |  |  |  | 
| 2025-03-14 | 660B | 08:30:00 | 20:00:00 | 3.0 | 11.0 | V540 数据图纸修改 | <- | <- | <- |  |  |  |  |  |  |  |  |  |  | 
| 2025-03-15 |  |  |  |  |  |  | <- | <- | <- |  |  |  |  |  |  |  |  |  |  | 
| 2025-03-16 |  |  |  |  |  |  | <- | <- | <- |  |  |  |  |  |  |  |  |  |  | 
| 2025-03-17 | 660B | 08:30:00 | 20:00:00 | 3.0 | 11.0 | V540 数据图纸修改 | <- | <- | <- |  |  |  |  |  |  |  |  |  |  | 
| 2025-03-18 | 660B | 08:30:00 | 20:00:00 | 3.0 | 11.0 | V540 数据图纸修改 | <- | <- | <- |  |  |  |  |  |  |  |  |  |  | 
| 2025-03-19 | 660B | 08:30:00 | 20:30:00 | 3.5 | 11.5 | V540 数据图纸修改 | <- | <- | <- |  |  |  |  |  |  |  |  |  |  | 
| 2025-03-20 | 660B | 08:30:00 | 20:00:00 | 3.0 | 11.0 | V540 数据图纸修改 | <- | <- | <- |  |  |  |  |  |  |  |  |  |  | 
| 2025-03-21 | 660B | 08:30:00 | 20:00:00 | 3.0 | 11.0 | V540 数据图纸修改 | <- | <- | <- |  |  |  |  |  |  |  |  |  |  | 
| 2025-03-22 |  |  |  |  |  |  | <- | <- | <- |  |  |  |  |  |  |  |  |  |  | 
| 2025-03-23 |  |  |  |  |  |  | <- | <- | <- |  |  |  |  |  |  |  |  |  |  | 
| 2025-03-24 | 660B | 08:30:00 | 20:00:00 | 3.0 | 11.0 | V540 数据图纸修改 | <- | <- | <- |  |  |  |  |  |  |  |  |  |  | 
| 2025-03-25 | 660B | 08:30:00 | 20:00:00 | 3.0 | 11.0 | V540 数据图纸修改 | <- | <- | <- |  |  |  |  |  |  |  |  |  |  | 
| 2025-03-26 | 660B | 08:30:00 | 20:00:00 | 3.0 | 11.0 | V540 数据图纸修改 | <- | <- | <- |  |  |  |  |  |  |  |  |  |  | 
| 2025-03-27 | 660B | 08:30:00 | 20:00:00 | 3.0 | 11.0 | EF2H 3D数据 | <- | <- | <- |  |  |  |  |  |  |  |  |  |  | 
| 2025-03-28 | 660B | 08:30:00 | 20:00:00 | 3.0 | 11.0 | EF2H 3D数据 | <- | <- | <- |  |  |  |  |  |  |  |  |  |  | 
| 2025-03-29 | 660B | 10:00:00 | 12:00:00 | 1.5 | 1.5 | EF2H 3D数据 | <- | <- | <- |  |  |  |  |  |  |  |  |  |  | 
| 2025-03-30 |  |  |  |  |  |  | <- | <- | <- |  |  |  |  |  |  |  |  |  |  | 
| 2025-03-31 | 660B | 08:30:00 | 20:00:00 | 3.0 | 11.0 | EF2H 3D数据 | <- | <- | <- |  |  |  |  |  |  |  |  |  |  | 
| 2025-04-01 |  |  |  |  |  |  | <- | <- | <- |  |  |  |  |  |  |  |  |  |  | 
| 工时统计 | 项目名称 | 项目编号 | 加班 | <- | 工时 | 项目工程师签字 | <- | <- | <- |  |  |  |  |  |  |  |  |  |  | 
| ^ | 660B |  | 60.5 | <- | 228.5 |  | <- | <- | <- |  |  |  |  |  |  |  |  |  |  | 
| ^ |  |  |  | <- |  |  | <- | <- | <- |  |  |  |  |  |  |  |  |  |  | 
| ^ |  |  |  | <- |  |  | <- | <- | <- |  |  |  |  |  |  |  |  |  |  | 
| ^ |  |  |  | <- |  |  | <- | <- | <- |  |  |  |  |  |  |  |  |  |  | 
| 总计工时 | 228.50 | <- | 经理签字： | <- | <- |  | <- | <- | <- |  |  |  |  |  |  |  |  |  |  | 


## 工作表: Sheet1

| A | B | C | D | E | F | 
|  --- | --- | --- | --- | --- | --- |
|  |  |  | 一年调整一次，请勿随意删除 | <- | <- | 
|  |  |  | 2025 | <- | <- | 
| 年 | 月 |  | 节假日 | 调休加班日 |  | 
| 1905-07-17 | 3 |  | 45658 | 45683 |  | 
|  |  |  | 45685 | 45696 |  | 
|  |  |  | 45686 | 45774 |  | 
|  |  |  | 45687 | 45928 |  | 
|  |  |  | 45688 | 45941 |  | 
|  |  |  | 45689 |  |  | 
|  |  |  | 45690 |  |  | 
|  |  |  | 45691 |  |  | 
|  |  |  | 45692 |  |  | 
|  |  |  | 45751 |  |  | 
|  |  |  | 45752 |  |  | 
|  |  |  | 45753 |  |  | 
|  |  |  | 45778 |  |  | 
|  |  |  | 45779 |  |  | 
|  |  |  | 45780 |  |  | 
|  |  |  | 45781 |  |  | 
|  |  |  | 45782 |  |  | 
|  |  |  | 45808 |  |  | 
|  |  |  | 45809 |  |  | 
|  |  |  | 45810 |  |  | 
|  |  |  | 45931 |  |  | 
|  |  |  | 45932 |  |  | 
|  |  |  | 45933 |  |  | 
|  |  |  | 45934 |  |  | 
|  |  |  | 45935 |  |  | 
|  |  |  | 45936 |  |  | 
|  |  |  | 45937 |  |  | 
|  |  |  | 45938 |  |  | 



2025-05-20 10:52:28,307 - INFO - 从表格文本中，提取员工姓名和公司名称...
2025-05-20 10:52:28,308 - INFO - 发送请求到模型API...
2025-05-20 10:52:28,308 - INFO - system_prompt：
你是一个专业的表格信息提取助手。用户会提供给你一份Excel工时表，已转换为Markdown格式。你需要提取出表格包含的员工姓名`employee_name`和公司名称`company_name`。以JSON格式输出结果，包含`employee_name`和`company_name`两个字段。如果无法提取到员工姓名和公司名称，请返回空字符串。

markdown格式的表格中合并单元格表示法：
   - "^" 符号表示该单元格与上方单元格合并（纵向合并）
   - "<-" 符号表示该单元格与左侧单元格合并（横向合并）
   - "^<-" 符号表示该单元格同时与上方和左侧单元格合并（纵横合并）

比如：{"employee_name":"张三", "company_name":"XXX公司"}
注意：直接返回结果，不要包含任何解释或说明。

2025-05-20 10:52:28,310 - INFO - user_prompt：## 工作表: 蔡爽

| A | B | C | D | E | F | G | H | I | J | K | L | M | N | O | P | Q | R | S | T | 
|  --- | --- | --- | --- | --- | --- | --- | --- | --- | --- | --- | --- | --- | --- | --- | --- | --- | --- | --- | --- |
| 重庆延锋安道拓 | <- | 上海睿励信息技术有限公司 工时记录表 | <- | <- | <- | <- | <- | <- | <- |  |  |  |  |  |  |  |  |  |  | 
| ^ | ^<- | 供应商 |  | <- | <- | <- | <- | <- | <- |  |  |  |  |  |  |  |  |  |  | 
| 工程师 | 蔡爽 | <- | 负责人 | 向阳 | 电话 | 15123462783 | <- | <- | <- |  |  |  |  |  |  |  |  |  |  | 
| 日期 | 项目名称 | 开始工作时间 | 工作结束时间 | 加班时间 | 总工作时间 | 备注 | <- | <- | <- |  |  |  |  |  |  |  |  |  |  | 
| 2025-03-01 |  |  |  |  |  |  | <- | <- | <- |  |  |  |  |  |  |  |  |  |  | 
| 2025-03-02 |  |  |  |  |  |  | <- | <- | <- |  |  |  |  |  |  |  |  |  |  | 
| 2025-03-03 | 660B | 08:30:00 | 20:00:00 | 3.0 | 11.0 | V540 数据图纸修改 | <- | <- | <- |  |  |  |  |  |  |  |  |  |  | 
| 2025-03-04 | 660B | 08:30:00 | 20:00:00 | 3.0 | 11.0 | V540 数据图纸修改 | <- | <- | <- |  |  |  |  |  |  |  |  |  |  | 
| 2025-03-05 | 660B | 08:30:00 | 20:30:00 | 3.5 | 11.5 | V540 数据图纸修改 | <- | <- | <- |  |  |  |  |  |  |  |  |  |  | 
| 2025-03-06 | 660B | 08:30:00 | 18:00:00 | 1.0 | 9.0 | V540 数据图纸修改 | <- | <- | <- |  |  |  |  |  |  |  |  |  |  | 
| 2025-03-07 | 660B | 08:30:00 | 17:00:00 | 0.0 | 8.0 | V540 数据图纸修改 | <- | <- | <- |  |  |  |  |  |  |  |  |  |  | 
| 2025-03-08 |  |  |  |  |  |  | <- | <- | <- |  |  |  |  |  |  |  |  |  |  | 
| 2025-03-09 |  |  |  |  |  |  | <- | <- | <- |  |  |  |  |  |  |  |  |  |             | 
| 2025-03-10 | 660B | 08:30:00 | 20:00:00 | 3.0 | 11.0 | V540 数据图纸修改 | <- | <- | <- |  |  |  |  |  |  |  |  |  |  | 
| 2025-03-11 | 660B | 08:30:00 | 20:00:00 | 3.0 | 11.0 | V540 数据图纸修改 | <- | <- | <- |  |  |  |  |  |  |  |  |  |  | 
| 2025-03-12 | 660B | 08:30:00 | 20:00:00 | 3.0 | 11.0 | V540 数据图纸修改 | <- | <- | <- |  |  |  |  |  |  |  |  |  |  | 
| 2025-03-13 | 660B | 08:30:00 | 20:00:00 | 3.0 | 11.0 | V540 数据图纸修改 | <- | <- | <- |  |  |  |  |  |  |  |  |  |  | 
| 2025-03-14 | 660B | 08:30:00 | 20:00:00 | 3.0 | 11.0 | V540 数据图纸修改 | <- | <- | <- |  |  |  |  |  |  |  |  |  |  | 
| 2025-03-15 |  |  |  |  |  |  | <- | <- | <- |  |  |  |  |  |  |  |  |  |  | 
| 2025-03-16 |  |  |  |  |  |  | <- | <- | <- |  |  |  |  |  |  |  |  |  |  | 
| 2025-03-17 | 660B | 08:30:00 | 20:00:00 | 3.0 | 11.0 | V540 数据图纸修改 | <- | <- | <- |  |  |  |  |  |  |  |  |  |  | 
| 2025-03-18 | 660B | 08:30:00 | 20:00:00 | 3.0 | 11.0 | V540 数据图纸修改 | <- | <- | <- |  |  |  |  |  |  |  |  |  |  | 
| 2025-03-19 | 660B | 08:30:00 | 20:30:00 | 3.5 | 11.5 | V540 数据图纸修改 | <- | <- | <- |  |  |  |  |  |  |  |  |  |  | 
| 2025-03-20 | 660B | 08:30:00 | 20:00:00 | 3.0 | 11.0 | V540 数据图纸修改 | <- | <- | <- |  |  |  |  |  |  |  |  |  |  | 
| 2025-03-21 | 660B | 08:30:00 | 20:00:00 | 3.0 | 11.0 | V540 数据图纸修改 | <- | <- | <- |  |  |  |  |  |  |  |  |  |  | 
| 2025-03-22 |  |  |  |  |  |  | <- | <- | <- |  |  |  |  |  |  |  |  |  |  | 
| 2025-03-23 |  |  |  |  |  |  | <- | <- | <- |  |  |  |  |  |  |  |  |  |  | 
| 2025-03-24 | 660B | 08:30:00 | 20:00:00 | 3.0 | 11.0 | V540 数据图纸修改 | <- | <- | <- |  |  |  |  |  |  |  |  |  |  | 
| 2025-03-25 | 660B | 08:30:00 | 20:00:00 | 3.0 | 11.0 | V540 数据图纸修改 | <- | <- | <- |  |  |  |  |  |  |  |  |  |  | 
| 2025-03-26 | 660B | 08:30:00 | 20:00:00 | 3.0 | 11.0 | V540 数据图纸修改 | <- | <- | <- |  |  |  |  |  |  |  |  |  |  | 
| 2025-03-27 | 660B | 08:30:00 | 20:00:00 | 3.0 | 11.0 | EF2H 3D数据 | <- | <- | <- |  |  |  |  |  |  |  |  |  |  | 
| 2025-03-28 | 660B | 08:30:00 | 20:00:00 | 3.0 | 11.0 | EF2H 3D数据 | <- | <- | <- |  |  |  |  |  |  |  |  |  |  | 
| 2025-03-29 | 660B | 10:00:00 | 12:00:00 | 1.5 | 1.5 | EF2H 3D数据 | <- | <- | <- |  |  |  |  |  |  |  |  |  |  | 
| 2025-03-30 |  |  |  |  |  |  | <- | <- | <- |  |  |  |  |  |  |  |  |  |  | 
| 2025-03-31 | 660B | 08:30:00 | 20:00:00 | 3.0 | 11.0 | EF2H 3D数据 | <- | <- | <- |  |  |  |  |  |  |  |  |  |  | 
| 2025-04-01 |  |  |  |  |  |  | <- | <- | <- |  |  |  |  |  |  |  |  |  |  | 
| 工时统计 | 项目名称 | 项目编号 | 加班 | <- | 工时 | 项目工程师签字 | <- | <- | <- |  |  |  |  |  |  |  |  |  |  | 
| ^ | 660B |  | 60.5 | <- | 228.5 |  | <- | <- | <- |  |  |  |  |  |  |  |  |  |  | 
| ^ |  |  |  | <- |  |  | <- | <- | <- |  |  |  |  |  |  |  |  |  |  | 
| ^ |  |  |  | <- |  |  | <- | <- | <- |  |  |  |  |  |  |  |  |  |  | 
| ^ |  |  |  | <- |  |  | <- | <- | <- |  |  |  |  |  |  |  |  |  |  | 
| 总计工时 | 228.50 | <- | 经理签字： | <- | <- |  | <- | <- | <- |  |  |  |  |  |  |  |  |  |  | 


## 工作表: Sheet1

| A | B | C | D | E | F | 
|  --- | --- | --- | --- | --- | --- |
|  |  |  | 一年调整一次，请勿随意删除 | <- | <- | 
|  |  |  | 2025 | <- | <- | 
| 年 | 月 |  | 节假日 | 调休加班日 |  | 
| 1905-07-17 | 3 |  | 45658 | 45683 |  | 
|  |  |  | 45685 | 45696 |  | 
|  |  |  | 45686 | 45774 |  | 
|  |  |  | 45687 | 45928 |  | 
|  |  |  | 45688 | 45941 |  | 
|  |  |  | 45689 |  |  | 
|  |  |  | 45690 |  |  | 
|  |  |  | 45691 |  |  | 
|  |  |  | 45692 |  |  | 
|  |  |  | 45751 |  |  | 
|  |  |  | 45752 |  |  | 
|  |  |  | 45753 |  |  | 
|  |  |  | 45778 |  |  | 
|  |  |  | 45779 |  |  | 
|  |  |  | 45780 |  |  | 
|  |  |  | 45781 |  |  | 
|  |  |  | 45782 |  |  | 
|  |  |  | 45808 |  |  | 
|  |  |  | 45809 |  |  | 
|  |  |  | 45810 |  |  | 
|  |  |  | 45931 |  |  | 
|  |  |  | 45932 |  |  | 
|  |  |  | 45933 |  |  | 
|  |  |  | 45934 |  |  | 
|  |  |  | 45935 |  |  | 
|  |  |  | 45936 |  |  | 
|  |  |  | 45937 |  |  | 
|  |  |  | 45938 |  |  | 



2025-05-20 10:52:30,527 - INFO - 请求成功，状态码: 200
2025-05-20 10:52:30,528 - INFO - 模型返回：{"employee_name":"蔡爽", "company_name":"上海睿励信息技术有限公司"}

2025-05-20 10:52:30,529 - INFO - 解析模型返回：
 - 员工姓名：蔡爽,  - 公司名称：上海睿励信息技术有限公司
2025-05-20 10:52:30,529 - INFO - 

从表格文本中，提取汇总数据...
2025-05-20 10:52:30,530 - INFO - 发送请求到模型API...
2025-05-20 10:52:30,530 - INFO - system_prompt：
你是一个专业的工时数据提取助手。用户会提供给你一份Excel工时表，已转换为Markdown格式。你需要提取出表格中的按照项目做统计的工时汇总数据。将提取结果以JSON格式输出。以项目名称作为key为项目名称，value为包含加班和工时的字典。

markdown格式的表格中合并单元格表示法：
   - "^" 符号表示该单元格与上方单元格合并（纵向合并）
   - "<-" 符号表示该单元格与左侧单元格合并（横向合并）
   - "^<-" 符号表示该单元格同时与上方和左侧单元格合并（纵横合并）

你可以按照以下步骤进行分析：
1. 首先，定位表格中工时统计汇总数据，通常在表格的下方。
2. 读取工时统计汇总数据，包含项目名称、项目编号、加班、工时等。项目编号可能为空。
3. 整理所有数据，以JSON格式输。key为项目名称，value为包含加班`overtime_hours`和工时`total_hours`的字典。

注意：
1.直接返回结果，不要包含任何解释或说明。
2.输出结果必须严格按照无语法错误的JSON格式输出，不能有任何其他格式。

以JSON格式输出结果，示例输出如下：
示例1：
{"D11":{"overtime_hours":20,"total_hours":120}, "A12":{"overtime_hours":6,"total_hours":14}, "B13":{"overtime_hours":1,"total_hours":10}}
示例2：
{"D11":{"overtime_hours":20,"total_hours":120}, "A12":{"overtime_hours":6,"total_hours":14}}

2025-05-20 10:52:30,533 - INFO - user_prompt：## 工作表: 蔡爽

| A | B | C | D | E | F | G | H | I | J | K | L | M | N | O | P | Q | R | S | T | 
|  --- | --- | --- | --- | --- | --- | --- | --- | --- | --- | --- | --- | --- | --- | --- | --- | --- | --- | --- | --- |
| 重庆延锋安道拓 | <- | 上海睿励信息技术有限公司 工时记录表 | <- | <- | <- | <- | <- | <- | <- |  |  |  |  |  |  |  |  |  |  | 
| ^ | ^<- | 供应商 |  | <- | <- | <- | <- | <- | <- |  |  |  |  |  |  |  |  |  |  | 
| 工程师 | 蔡爽 | <- | 负责人 | 向阳 | 电话 | 15123462783 | <- | <- | <- |  |  |  |  |  |  |  |  |  |  | 
| 日期 | 项目名称 | 开始工作时间 | 工作结束时间 | 加班时间 | 总工作时间 | 备注 | <- | <- | <- |  |  |  |  |  |  |  |  |  |  | 
| 2025-03-01 |  |  |  |  |  |  | <- | <- | <- |  |  |  |  |  |  |  |  |  |  | 
| 2025-03-02 |  |  |  |  |  |  | <- | <- | <- |  |  |  |  |  |  |  |  |  |  | 
| 2025-03-03 | 660B | 08:30:00 | 20:00:00 | 3.0 | 11.0 | V540 数据图纸修改 | <- | <- | <- |  |  |  |  |  |  |  |  |  |  | 
| 2025-03-04 | 660B | 08:30:00 | 20:00:00 | 3.0 | 11.0 | V540 数据图纸修改 | <- | <- | <- |  |  |  |  |  |  |  |  |  |  | 
| 2025-03-05 | 660B | 08:30:00 | 20:30:00 | 3.5 | 11.5 | V540 数据图纸修改 | <- | <- | <- |  |  |  |  |  |  |  |  |  |  | 
| 2025-03-06 | 660B | 08:30:00 | 18:00:00 | 1.0 | 9.0 | V540 数据图纸修改 | <- | <- | <- |  |  |  |  |  |  |  |  |  |  | 
| 2025-03-07 | 660B | 08:30:00 | 17:00:00 | 0.0 | 8.0 | V540 数据图纸修改 | <- | <- | <- |  |  |  |  |  |  |  |  |  |  | 
| 2025-03-08 |  |  |  |  |  |  | <- | <- | <- |  |  |  |  |  |  |  |  |  |  | 
| 2025-03-09 |  |  |  |  |  |  | <- | <- | <- |  |  |  |  |  |  |  |  |  |             | 
| 2025-03-10 | 660B | 08:30:00 | 20:00:00 | 3.0 | 11.0 | V540 数据图纸修改 | <- | <- | <- |  |  |  |  |  |  |  |  |  |  | 
| 2025-03-11 | 660B | 08:30:00 | 20:00:00 | 3.0 | 11.0 | V540 数据图纸修改 | <- | <- | <- |  |  |  |  |  |  |  |  |  |  | 
| 2025-03-12 | 660B | 08:30:00 | 20:00:00 | 3.0 | 11.0 | V540 数据图纸修改 | <- | <- | <- |  |  |  |  |  |  |  |  |  |  | 
| 2025-03-13 | 660B | 08:30:00 | 20:00:00 | 3.0 | 11.0 | V540 数据图纸修改 | <- | <- | <- |  |  |  |  |  |  |  |  |  |  | 
| 2025-03-14 | 660B | 08:30:00 | 20:00:00 | 3.0 | 11.0 | V540 数据图纸修改 | <- | <- | <- |  |  |  |  |  |  |  |  |  |  | 
| 2025-03-15 |  |  |  |  |  |  | <- | <- | <- |  |  |  |  |  |  |  |  |  |  | 
| 2025-03-16 |  |  |  |  |  |  | <- | <- | <- |  |  |  |  |  |  |  |  |  |  | 
| 2025-03-17 | 660B | 08:30:00 | 20:00:00 | 3.0 | 11.0 | V540 数据图纸修改 | <- | <- | <- |  |  |  |  |  |  |  |  |  |  | 
| 2025-03-18 | 660B | 08:30:00 | 20:00:00 | 3.0 | 11.0 | V540 数据图纸修改 | <- | <- | <- |  |  |  |  |  |  |  |  |  |  | 
| 2025-03-19 | 660B | 08:30:00 | 20:30:00 | 3.5 | 11.5 | V540 数据图纸修改 | <- | <- | <- |  |  |  |  |  |  |  |  |  |  | 
| 2025-03-20 | 660B | 08:30:00 | 20:00:00 | 3.0 | 11.0 | V540 数据图纸修改 | <- | <- | <- |  |  |  |  |  |  |  |  |  |  | 
| 2025-03-21 | 660B | 08:30:00 | 20:00:00 | 3.0 | 11.0 | V540 数据图纸修改 | <- | <- | <- |  |  |  |  |  |  |  |  |  |  | 
| 2025-03-22 |  |  |  |  |  |  | <- | <- | <- |  |  |  |  |  |  |  |  |  |  | 
| 2025-03-23 |  |  |  |  |  |  | <- | <- | <- |  |  |  |  |  |  |  |  |  |  | 
| 2025-03-24 | 660B | 08:30:00 | 20:00:00 | 3.0 | 11.0 | V540 数据图纸修改 | <- | <- | <- |  |  |  |  |  |  |  |  |  |  | 
| 2025-03-25 | 660B | 08:30:00 | 20:00:00 | 3.0 | 11.0 | V540 数据图纸修改 | <- | <- | <- |  |  |  |  |  |  |  |  |  |  | 
| 2025-03-26 | 660B | 08:30:00 | 20:00:00 | 3.0 | 11.0 | V540 数据图纸修改 | <- | <- | <- |  |  |  |  |  |  |  |  |  |  | 
| 2025-03-27 | 660B | 08:30:00 | 20:00:00 | 3.0 | 11.0 | EF2H 3D数据 | <- | <- | <- |  |  |  |  |  |  |  |  |  |  | 
| 2025-03-28 | 660B | 08:30:00 | 20:00:00 | 3.0 | 11.0 | EF2H 3D数据 | <- | <- | <- |  |  |  |  |  |  |  |  |  |  | 
| 2025-03-29 | 660B | 10:00:00 | 12:00:00 | 1.5 | 1.5 | EF2H 3D数据 | <- | <- | <- |  |  |  |  |  |  |  |  |  |  | 
| 2025-03-30 |  |  |  |  |  |  | <- | <- | <- |  |  |  |  |  |  |  |  |  |  | 
| 2025-03-31 | 660B | 08:30:00 | 20:00:00 | 3.0 | 11.0 | EF2H 3D数据 | <- | <- | <- |  |  |  |  |  |  |  |  |  |  | 
| 2025-04-01 |  |  |  |  |  |  | <- | <- | <- |  |  |  |  |  |  |  |  |  |  | 
| 工时统计 | 项目名称 | 项目编号 | 加班 | <- | 工时 | 项目工程师签字 | <- | <- | <- |  |  |  |  |  |  |  |  |  |  | 
| ^ | 660B |  | 60.5 | <- | 228.5 |  | <- | <- | <- |  |  |  |  |  |  |  |  |  |  | 
| ^ |  |  |  | <- |  |  | <- | <- | <- |  |  |  |  |  |  |  |  |  |  | 
| ^ |  |  |  | <- |  |  | <- | <- | <- |  |  |  |  |  |  |  |  |  |  | 
| ^ |  |  |  | <- |  |  | <- | <- | <- |  |  |  |  |  |  |  |  |  |  | 
| 总计工时 | 228.50 | <- | 经理签字： | <- | <- |  | <- | <- | <- |  |  |  |  |  |  |  |  |  |  | 


## 工作表: Sheet1

| A | B | C | D | E | F | 
|  --- | --- | --- | --- | --- | --- |
|  |  |  | 一年调整一次，请勿随意删除 | <- | <- | 
|  |  |  | 2025 | <- | <- | 
| 年 | 月 |  | 节假日 | 调休加班日 |  | 
| 1905-07-17 | 3 |  | 45658 | 45683 |  | 
|  |  |  | 45685 | 45696 |  | 
|  |  |  | 45686 | 45774 |  | 
|  |  |  | 45687 | 45928 |  | 
|  |  |  | 45688 | 45941 |  | 
|  |  |  | 45689 |  |  | 
|  |  |  | 45690 |  |  | 
|  |  |  | 45691 |  |  | 
|  |  |  | 45692 |  |  | 
|  |  |  | 45751 |  |  | 
|  |  |  | 45752 |  |  | 
|  |  |  | 45753 |  |  | 
|  |  |  | 45778 |  |  | 
|  |  |  | 45779 |  |  | 
|  |  |  | 45780 |  |  | 
|  |  |  | 45781 |  |  | 
|  |  |  | 45782 |  |  | 
|  |  |  | 45808 |  |  | 
|  |  |  | 45809 |  |  | 
|  |  |  | 45810 |  |  | 
|  |  |  | 45931 |  |  | 
|  |  |  | 45932 |  |  | 
|  |  |  | 45933 |  |  | 
|  |  |  | 45934 |  |  | 
|  |  |  | 45935 |  |  | 
|  |  |  | 45936 |  |  | 
|  |  |  | 45937 |  |  | 
|  |  |  | 45938 |  |  | 



2025-05-20 10:52:32,815 - INFO - 请求成功，状态码: 200
2025-05-20 10:52:32,816 - INFO - 模型返回：
{"660B":{"overtime_hours":60.5,"total_hours":228.5}}

2025-05-20 10:52:32,816 - INFO - 源数据表中的工时汇总数据：{'660B': {'overtime_hours': 60.5, 'total_hours': 228.5}}
2025-05-20 10:52:32,818 - INFO - 上传文件: ['D:/sotos工作资料/test/6\\朱思佳工时表-重庆安道拓-2025年04月.xlsx', 'D:/sotos工作资料/test/6\\邹同伟工时表-重庆安道拓-2025年04月.xlsx']
2025-05-20 10:52:32,819 - INFO - 文件处理进度：1 / 2
2025-05-20 10:52:32,819 - INFO - 开始处理工时文件：D:/sotos工作资料/test/6\朱思佳工时表-重庆安道拓-2025年04月.xlsx
2025-05-20 10:52:32,939 - INFO - Excel表格提取文本：
## 工作表: 朱思佳

| A | B | C | D | E | F | G | H | I | J | 
|  --- | --- | --- | --- | --- | --- | --- | --- | --- | --- |
| 重庆延锋安道拓 | <- | 上海睿励信息技术有限公司 工时记录表 | <- | <- | <- | <- | <- | <- | <- | 
| ^ | ^<- | 供应商 |  | <- | <- | <- | <- | <- | <- | 
| 工程师 | 朱思佳 | <- | 负责人 | 徐聪 | 电话 | 18290255993 | <- | <- | <- | 
| 日期 | 项目名称 | 开始工作时间 | 工作结束时间 | 加班时间 | 总工作时间 | 备注 | <- | <- | <- | 
| 2025-04-01 | DOM | 08:30:00 | 20:00:00 | 3.0 | 11.0 | 背板数据 | <- | <- | <- | 
| 2025-04-02 | DOM | 08:30:00 | 20:00:00 | 3.0 | 11.0 | 背板数据 | <- | <- | <- | 
| 2025-04-03 | DOM | 08:30:00 | 19:30:00 | 2.5 | 10.5 | 背板数据 | <- | <- | <- | 
| 2025-04-04 |  |  |  |  |  |  | <- | <- | <- | 
| 2025-04-05 |  |  |  |  |  |  | <- | <- | <- | 
| 2025-04-06 |  |  |  |  |  |  | <- | <- | <- | 
| 2025-04-07 | DOM | 08:30:00 | 20:00:00 | 3.0 | 11.0 | 背板数据 | <- | <- | <- | 
| 2025-04-08 | DOM | 08:30:00 | 20:00:00 | 3.0 | 11.0 | 背板数据 | <- | <- | <- | 
| 2025-04-09 | DOM | 08:30:00 | 20:00:00 | 3.0 | 11.0 | 背板数据 | <- | <- | <- | 
| 2025-04-10 | DOM | 08:30:00 | 18:00:00 | 1.0 | 9.0 | 背板数据 | <- | <- | <- | 
| 2025-04-11 |  |  |  |  |  | 离职 | <- | <- | <- | 
| 2025-04-12 |  |  |  |  |  |  | <- | <- | <- | 
| 2025-04-13 |  |  |  |  |  |  | <- | <- | <- | 
| 2025-04-14 |  |  |  |  |  |  | <- | <- | <- | 
| 2025-04-15 |  |  |  |  |  |  | <- | <- | <- | 
| 2025-04-16 |  |  |  |  |  |  | <- | <- | <- | 
| 2025-04-17 |  |  |  |  |  |  | <- | <- | <- | 
| 2025-04-18 |  |  |  |  |  |  | <- | <- | <- | 
| 2025-04-19 |  |  |  |  |  |  | <- | <- | <- | 
| 2025-04-20 |  |  |  |  |  |  | <- | <- | <- | 
| 2025-04-21 |  |  |  |  |  |  | <- | <- | <- | 
| 2025-04-22 |  |  |  |  |  |  | <- | <- | <- | 
| 2025-04-23 |  |  |  |  |  |  | <- | <- | <- | 
| 2025-04-24 |  |  |  |  |  |  | <- | <- | <- | 
| 2025-04-25 |  |  |  |  |  |  | <- | <- | <- | 
| 2025-04-26 |  |  |  |  |  |  | <- | <- | <- | 
| 2025-04-27 |  |  |  |  |  |  | <- | <- | <- | 
| 2025-04-28 |  |  |  |  |  |  | <- | <- | <- | 
| 2025-04-29 |  |  |  |  |  |  | <- | <- | <- | 
| 2025-04-30 |  |  |  |  |  |  | <- | <- | <- | 
| 工时统计 | 项目名称 | 项目编号 | 加班 | <- | 工时 | 项目工程师签字 | <- | <- | <- | 
| ^ | DOM |  | 18.5 | <- | 74.5 |  | <- | <- | <- | 
| ^ |  |  |  | <- |  |  | <- | <- | <- | 
| ^ |  |  |  | <- |  |  | <- | <- | <- | 
| ^ |  |  |  | <- |  |  | <- | <- | <- | 
| 总计工时 | 74.50 | <- | 经理签字： | <- | <- |  | <- | <- | <- | 


## 工作表: Sheet1

| A | B | C | D | E | F | 
|  --- | --- | --- | --- | --- | --- |
|  |  |  | 一年调整一次，请勿随意删除 | <- | <- | 
|  |  |  | 2025 | <- | <- | 
| 年 | 月 |  | 节假日 | 调休加班日 |  | 
| 1905-07-17 | 4 |  | 45658 | 45683 |  | 
|  |  |  | 45685 | 45696 |  | 
|  |  |  | 45686 | 45774 |  | 
|  |  |  | 45687 | 45928 |  | 
|  |  |  | 45688 | 45941 |  | 
|  |  |  | 45689 |  |  | 
|  |  |  | 45690 |  |  | 
|  |  |  | 45691 |  |  | 
|  |  |  | 45692 |  |  | 
|  |  |  | 45751 |  |  | 
|  |  |  | 45752 |  |  | 
|  |  |  | 45753 |  |  | 
|  |  |  | 45778 |  |  | 
|  |  |  | 45779 |  |  | 
|  |  |  | 45780 |  |  | 
|  |  |  | 45781 |  |  | 
|  |  |  | 45782 |  |  | 
|  |  |  | 45808 |  |  | 
|  |  |  | 45809 |  |  | 
|  |  |  | 45810 |  |  | 
|  |  |  | 45931 |  |  | 
|  |  |  | 45932 |  |  | 
|  |  |  | 45933 |  |  | 
|  |  |  | 45934 |  |  | 
|  |  |  | 45935 |  |  | 
|  |  |  | 45936 |  |  | 
|  |  |  | 45937 |  |  | 
|  |  |  | 45938 |  |  | 



2025-05-20 10:52:32,949 - INFO - 从表格文本中，提取员工姓名和公司名称...
2025-05-20 10:52:32,949 - INFO - 发送请求到模型API...
2025-05-20 10:52:32,950 - INFO - system_prompt：
你是一个专业的表格信息提取助手。用户会提供给你一份Excel工时表，已转换为Markdown格式。你需要提取出表格包含的员工姓名`employee_name`和公司名称`company_name`。以JSON格式输出结果，包含`employee_name`和`company_name`两个字段。如果无法提取到员工姓名和公司名称，请返回空字符串。

markdown格式的表格中合并单元格表示法：
   - "^" 符号表示该单元格与上方单元格合并（纵向合并）
   - "<-" 符号表示该单元格与左侧单元格合并（横向合并）
   - "^<-" 符号表示该单元格同时与上方和左侧单元格合并（纵横合并）

比如：{"employee_name":"张三", "company_name":"XXX公司"}
注意：直接返回结果，不要包含任何解释或说明。

2025-05-20 10:52:32,951 - INFO - user_prompt：## 工作表: 朱思佳

| A | B | C | D | E | F | G | H | I | J | 
|  --- | --- | --- | --- | --- | --- | --- | --- | --- | --- |
| 重庆延锋安道拓 | <- | 上海睿励信息技术有限公司 工时记录表 | <- | <- | <- | <- | <- | <- | <- | 
| ^ | ^<- | 供应商 |  | <- | <- | <- | <- | <- | <- | 
| 工程师 | 朱思佳 | <- | 负责人 | 徐聪 | 电话 | 18290255993 | <- | <- | <- | 
| 日期 | 项目名称 | 开始工作时间 | 工作结束时间 | 加班时间 | 总工作时间 | 备注 | <- | <- | <- | 
| 2025-04-01 | DOM | 08:30:00 | 20:00:00 | 3.0 | 11.0 | 背板数据 | <- | <- | <- | 
| 2025-04-02 | DOM | 08:30:00 | 20:00:00 | 3.0 | 11.0 | 背板数据 | <- | <- | <- | 
| 2025-04-03 | DOM | 08:30:00 | 19:30:00 | 2.5 | 10.5 | 背板数据 | <- | <- | <- | 
| 2025-04-04 |  |  |  |  |  |  | <- | <- | <- | 
| 2025-04-05 |  |  |  |  |  |  | <- | <- | <- | 
| 2025-04-06 |  |  |  |  |  |  | <- | <- | <- | 
| 2025-04-07 | DOM | 08:30:00 | 20:00:00 | 3.0 | 11.0 | 背板数据 | <- | <- | <- | 
| 2025-04-08 | DOM | 08:30:00 | 20:00:00 | 3.0 | 11.0 | 背板数据 | <- | <- | <- | 
| 2025-04-09 | DOM | 08:30:00 | 20:00:00 | 3.0 | 11.0 | 背板数据 | <- | <- | <- | 
| 2025-04-10 | DOM | 08:30:00 | 18:00:00 | 1.0 | 9.0 | 背板数据 | <- | <- | <- | 
| 2025-04-11 |  |  |  |  |  | 离职 | <- | <- | <- | 
| 2025-04-12 |  |  |  |  |  |  | <- | <- | <- | 
| 2025-04-13 |  |  |  |  |  |  | <- | <- | <- | 
| 2025-04-14 |  |  |  |  |  |  | <- | <- | <- | 
| 2025-04-15 |  |  |  |  |  |  | <- | <- | <- | 
| 2025-04-16 |  |  |  |  |  |  | <- | <- | <- | 
| 2025-04-17 |  |  |  |  |  |  | <- | <- | <- | 
| 2025-04-18 |  |  |  |  |  |  | <- | <- | <- | 
| 2025-04-19 |  |  |  |  |  |  | <- | <- | <- | 
| 2025-04-20 |  |  |  |  |  |  | <- | <- | <- | 
| 2025-04-21 |  |  |  |  |  |  | <- | <- | <- | 
| 2025-04-22 |  |  |  |  |  |  | <- | <- | <- | 
| 2025-04-23 |  |  |  |  |  |  | <- | <- | <- | 
| 2025-04-24 |  |  |  |  |  |  | <- | <- | <- | 
| 2025-04-25 |  |  |  |  |  |  | <- | <- | <- | 
| 2025-04-26 |  |  |  |  |  |  | <- | <- | <- | 
| 2025-04-27 |  |  |  |  |  |  | <- | <- | <- | 
| 2025-04-28 |  |  |  |  |  |  | <- | <- | <- | 
| 2025-04-29 |  |  |  |  |  |  | <- | <- | <- | 
| 2025-04-30 |  |  |  |  |  |  | <- | <- | <- | 
| 工时统计 | 项目名称 | 项目编号 | 加班 | <- | 工时 | 项目工程师签字 | <- | <- | <- | 
| ^ | DOM |  | 18.5 | <- | 74.5 |  | <- | <- | <- | 
| ^ |  |  |  | <- |  |  | <- | <- | <- | 
| ^ |  |  |  | <- |  |  | <- | <- | <- | 
| ^ |  |  |  | <- |  |  | <- | <- | <- | 
| 总计工时 | 74.50 | <- | 经理签字： | <- | <- |  | <- | <- | <- | 


## 工作表: Sheet1

| A | B | C | D | E | F | 
|  --- | --- | --- | --- | --- | --- |
|  |  |  | 一年调整一次，请勿随意删除 | <- | <- | 
|  |  |  | 2025 | <- | <- | 
| 年 | 月 |  | 节假日 | 调休加班日 |  | 
| 1905-07-17 | 4 |  | 45658 | 45683 |  | 
|  |  |  | 45685 | 45696 |  | 
|  |  |  | 45686 | 45774 |  | 
|  |  |  | 45687 | 45928 |  | 
|  |  |  | 45688 | 45941 |  | 
|  |  |  | 45689 |  |  | 
|  |  |  | 45690 |  |  | 
|  |  |  | 45691 |  |  | 
|  |  |  | 45692 |  |  | 
|  |  |  | 45751 |  |  | 
|  |  |  | 45752 |  |  | 
|  |  |  | 45753 |  |  | 
|  |  |  | 45778 |  |  | 
|  |  |  | 45779 |  |  | 
|  |  |  | 45780 |  |  | 
|  |  |  | 45781 |  |  | 
|  |  |  | 45782 |  |  | 
|  |  |  | 45808 |  |  | 
|  |  |  | 45809 |  |  | 
|  |  |  | 45810 |  |  | 
|  |  |  | 45931 |  |  | 
|  |  |  | 45932 |  |  | 
|  |  |  | 45933 |  |  | 
|  |  |  | 45934 |  |  | 
|  |  |  | 45935 |  |  | 
|  |  |  | 45936 |  |  | 
|  |  |  | 45937 |  |  | 
|  |  |  | 45938 |  |  | 



2025-05-20 10:52:35,817 - INFO - 请求成功，状态码: 200
2025-05-20 10:52:35,818 - INFO - 模型返回：{"employee_name":"朱思佳", "company_name":"上海睿励信息技术有限公司"}

2025-05-20 10:52:35,818 - INFO - 解析模型返回：
 - 员工姓名：朱思佳,  - 公司名称：上海睿励信息技术有限公司
2025-05-20 10:52:35,819 - INFO - 

从表格文本中，提取汇总数据...
2025-05-20 10:52:35,819 - INFO - 发送请求到模型API...
2025-05-20 10:52:35,819 - INFO - system_prompt：
你是一个专业的工时数据提取助手。用户会提供给你一份Excel工时表，已转换为Markdown格式。你需要提取出表格中的按照项目做统计的工时汇总数据。将提取结果以JSON格式输出。以项目名称作为key为项目名称，value为包含加班和工时的字典。

markdown格式的表格中合并单元格表示法：
   - "^" 符号表示该单元格与上方单元格合并（纵向合并）
   - "<-" 符号表示该单元格与左侧单元格合并（横向合并）
   - "^<-" 符号表示该单元格同时与上方和左侧单元格合并（纵横合并）

你可以按照以下步骤进行分析：
1. 首先，定位表格中工时统计汇总数据，通常在表格的下方。
2. 读取工时统计汇总数据，包含项目名称、项目编号、加班、工时等。项目编号可能为空。
3. 整理所有数据，以JSON格式输。key为项目名称，value为包含加班`overtime_hours`和工时`total_hours`的字典。

注意：
1.直接返回结果，不要包含任何解释或说明。
2.输出结果必须严格按照无语法错误的JSON格式输出，不能有任何其他格式。

以JSON格式输出结果，示例输出如下：
示例1：
{"D11":{"overtime_hours":20,"total_hours":120}, "A12":{"overtime_hours":6,"total_hours":14}, "B13":{"overtime_hours":1,"total_hours":10}}
示例2：
{"D11":{"overtime_hours":20,"total_hours":120}, "A12":{"overtime_hours":6,"total_hours":14}}

2025-05-20 10:52:35,822 - INFO - user_prompt：## 工作表: 朱思佳

| A | B | C | D | E | F | G | H | I | J | 
|  --- | --- | --- | --- | --- | --- | --- | --- | --- | --- |
| 重庆延锋安道拓 | <- | 上海睿励信息技术有限公司 工时记录表 | <- | <- | <- | <- | <- | <- | <- | 
| ^ | ^<- | 供应商 |  | <- | <- | <- | <- | <- | <- | 
| 工程师 | 朱思佳 | <- | 负责人 | 徐聪 | 电话 | 18290255993 | <- | <- | <- | 
| 日期 | 项目名称 | 开始工作时间 | 工作结束时间 | 加班时间 | 总工作时间 | 备注 | <- | <- | <- | 
| 2025-04-01 | DOM | 08:30:00 | 20:00:00 | 3.0 | 11.0 | 背板数据 | <- | <- | <- | 
| 2025-04-02 | DOM | 08:30:00 | 20:00:00 | 3.0 | 11.0 | 背板数据 | <- | <- | <- | 
| 2025-04-03 | DOM | 08:30:00 | 19:30:00 | 2.5 | 10.5 | 背板数据 | <- | <- | <- | 
| 2025-04-04 |  |  |  |  |  |  | <- | <- | <- | 
| 2025-04-05 |  |  |  |  |  |  | <- | <- | <- | 
| 2025-04-06 |  |  |  |  |  |  | <- | <- | <- | 
| 2025-04-07 | DOM | 08:30:00 | 20:00:00 | 3.0 | 11.0 | 背板数据 | <- | <- | <- | 
| 2025-04-08 | DOM | 08:30:00 | 20:00:00 | 3.0 | 11.0 | 背板数据 | <- | <- | <- | 
| 2025-04-09 | DOM | 08:30:00 | 20:00:00 | 3.0 | 11.0 | 背板数据 | <- | <- | <- | 
| 2025-04-10 | DOM | 08:30:00 | 18:00:00 | 1.0 | 9.0 | 背板数据 | <- | <- | <- | 
| 2025-04-11 |  |  |  |  |  | 离职 | <- | <- | <- | 
| 2025-04-12 |  |  |  |  |  |  | <- | <- | <- | 
| 2025-04-13 |  |  |  |  |  |  | <- | <- | <- | 
| 2025-04-14 |  |  |  |  |  |  | <- | <- | <- | 
| 2025-04-15 |  |  |  |  |  |  | <- | <- | <- | 
| 2025-04-16 |  |  |  |  |  |  | <- | <- | <- | 
| 2025-04-17 |  |  |  |  |  |  | <- | <- | <- | 
| 2025-04-18 |  |  |  |  |  |  | <- | <- | <- | 
| 2025-04-19 |  |  |  |  |  |  | <- | <- | <- | 
| 2025-04-20 |  |  |  |  |  |  | <- | <- | <- | 
| 2025-04-21 |  |  |  |  |  |  | <- | <- | <- | 
| 2025-04-22 |  |  |  |  |  |  | <- | <- | <- | 
| 2025-04-23 |  |  |  |  |  |  | <- | <- | <- | 
| 2025-04-24 |  |  |  |  |  |  | <- | <- | <- | 
| 2025-04-25 |  |  |  |  |  |  | <- | <- | <- | 
| 2025-04-26 |  |  |  |  |  |  | <- | <- | <- | 
| 2025-04-27 |  |  |  |  |  |  | <- | <- | <- | 
| 2025-04-28 |  |  |  |  |  |  | <- | <- | <- | 
| 2025-04-29 |  |  |  |  |  |  | <- | <- | <- | 
| 2025-04-30 |  |  |  |  |  |  | <- | <- | <- | 
| 工时统计 | 项目名称 | 项目编号 | 加班 | <- | 工时 | 项目工程师签字 | <- | <- | <- | 
| ^ | DOM |  | 18.5 | <- | 74.5 |  | <- | <- | <- | 
| ^ |  |  |  | <- |  |  | <- | <- | <- | 
| ^ |  |  |  | <- |  |  | <- | <- | <- | 
| ^ |  |  |  | <- |  |  | <- | <- | <- | 
| 总计工时 | 74.50 | <- | 经理签字： | <- | <- |  | <- | <- | <- | 


## 工作表: Sheet1

| A | B | C | D | E | F | 
|  --- | --- | --- | --- | --- | --- |
|  |  |  | 一年调整一次，请勿随意删除 | <- | <- | 
|  |  |  | 2025 | <- | <- | 
| 年 | 月 |  | 节假日 | 调休加班日 |  | 
| 1905-07-17 | 4 |  | 45658 | 45683 |  | 
|  |  |  | 45685 | 45696 |  | 
|  |  |  | 45686 | 45774 |  | 
|  |  |  | 45687 | 45928 |  | 
|  |  |  | 45688 | 45941 |  | 
|  |  |  | 45689 |  |  | 
|  |  |  | 45690 |  |  | 
|  |  |  | 45691 |  |  | 
|  |  |  | 45692 |  |  | 
|  |  |  | 45751 |  |  | 
|  |  |  | 45752 |  |  | 
|  |  |  | 45753 |  |  | 
|  |  |  | 45778 |  |  | 
|  |  |  | 45779 |  |  | 
|  |  |  | 45780 |  |  | 
|  |  |  | 45781 |  |  | 
|  |  |  | 45782 |  |  | 
|  |  |  | 45808 |  |  | 
|  |  |  | 45809 |  |  | 
|  |  |  | 45810 |  |  | 
|  |  |  | 45931 |  |  | 
|  |  |  | 45932 |  |  | 
|  |  |  | 45933 |  |  | 
|  |  |  | 45934 |  |  | 
|  |  |  | 45935 |  |  | 
|  |  |  | 45936 |  |  | 
|  |  |  | 45937 |  |  | 
|  |  |  | 45938 |  |  | 



2025-05-20 10:52:41,425 - INFO - 请求成功，状态码: 200
2025-05-20 10:52:41,426 - INFO - 模型返回：
{"DOM":{"overtime_hours":18.5,"total_hours":74.5}}

2025-05-20 10:52:41,427 - INFO - 源数据表中的工时汇总数据：{'DOM': {'overtime_hours': 18.5, 'total_hours': 74.5}}
2025-05-20 10:52:41,427 - INFO - 文件处理进度：2 / 2
2025-05-20 10:52:41,427 - INFO - 开始处理工时文件：D:/sotos工作资料/test/6\邹同伟工时表-重庆安道拓-2025年04月.xlsx
2025-05-20 10:52:41,529 - INFO - Excel表格提取文本：
## 工作表: 邹同伟 

| A | B | C | D | E | F | G | H | I | J | 
|  --- | --- | --- | --- | --- | --- | --- | --- | --- | --- |
| 重庆延锋安道拓 | <- | 上海睿励信息技术有限公司 工时记录表 | <- | <- | <- | <- | <- | <- | <- | 
| ^ | ^<- | 供应商 |  | <- | <- | <- | <- | <- | <- | 
| 工程师 | 邹同伟 | <- | 负责人 | 胡忠仁 | 电话 | 13452832526 | <- | <- | <- | 
| 日期 | 项目名称 | 开始工作时间 | 工作结束时间 | 加班时间 | 总工作时间 | 备注 | <- | <- | <- | 
| 2025-04-01 | 创新项目 | 08:00:00 | 20:00:00 | 3.5 | 11.5 | 4W头枕带颈托数据 | <- | <- | <- | 
| 2025-04-02 | 创新项目 | 08:00:00 | 20:00:00 | 3.5 | 11.5 | 4W头枕带颈托数据 | <- | <- | <- | 
| 2025-04-03 | 创新项目 | 08:00:00 | 19:30:00 | 3.0 | 11.0 | 4W头枕带颈托数据 | <- | <- | <- | 
| 2025-04-04 | 创新项目 | 08:00:00 | 16:30:00 | 8.0 | 8.0 | V530数据修改 | <- | <- | <- | 
| 2025-04-05 |  |  |  |  |  |  | <- | <- | <- | 
| 2025-04-06 |  |  |  |  |  |  | <- | <- | <- | 
| 2025-04-07 | 创新项目 | 08:00:00 | 20:00:00 | 3.5 | 11.5 | 4W头枕带颈托数据 | <- | <- | <- | 
| 2025-04-08 | 创新项目 | 08:00:00 | 20:00:00 | 3.5 | 11.5 | 4W头枕带颈托数据 | <- | <- | <- | 
| 2025-04-09 | 创新项目 | 08:00:00 | 20:00:00 | 3.5 | 11.5 | 4W头枕带颈托数据 | <- | <- | <- | 
| 2025-04-10 | 创新项目 | 08:00:00 | 20:00:00 | 3.5 | 11.5 | 4W头枕带颈托数据 | <- | <- | <- | 
| 2025-04-11 | 创新项目 | 08:00:00 | 20:00:00 | 3.5 | 11.5 | 4W头枕带颈托数据 | <- | <- | <- | 
| 2025-04-12 |  |  |  |  |  |  | <- | <- | <- | 
| 2025-04-13 |  |  |  |  |  |  | <- | <- | <- | 
| 2025-04-14 | 创新项目 | 08:00:00 | 20:00:00 | 3.5 | 11.5 | 4W头枕带颈托数据 | <- | <- | <- | 
| 2025-04-15 | 创新项目 | 08:00:00 | 20:00:00 | 3.5 | 11.5 | 4W头枕带颈托数据 | <- | <- | <- | 
| 2025-04-16 | 创新项目 | 08:00:00 | 19:00:00 | 2.5 | 10.5 | 4W头枕带颈托数据 | <- | <- | <- | 
| 2025-04-17 | 创新项目 | 08:00:00 | 20:00:00 | 3.5 | 11.5 | 4W头枕带颈托数据 | <- | <- | <- | 
| 2025-04-18 |  |  |  |  |  | 年休假 | <- | <- | <- | 
| 2025-04-19 |  |  |  |  |  |  | <- | <- | <- | 
| 2025-04-20 |  |  |  |  |  |  | <- | <- | <- | 
| 2025-04-21 | 创新项目 | 08:00:00 | 20:00:00 | 3.5 | 11.5 | 4W头枕带颈托数据 | <- | <- | <- | 
| 2025-04-22 | 创新项目 | 08:00:00 | 20:00:00 | 3.5 | 11.5 | 4W头枕带颈托数据 | <- | <- | <- | 
| 2025-04-23 | 创新项目 | 08:00:00 | 18:00:00 | 1.5 | 9.5 | 4W头枕带颈托数据 | <- | <- | <- | 
| 2025-04-24 | 创新项目 | 08:00:00 | 20:00:00 | 3.5 | 11.5 | 4W头枕带颈托数据 | <- | <- | <- | 
| 2025-04-25 | 创新项目 | 08:00:00 | 18:00:00 | 1.5 | 9.5 | 4W头枕带颈托数据 | <- | <- | <- | 
| 2025-04-26 |  |  |  |  |  |  | <- | <- | <- | 
| 2025-04-27 | 创新项目 | 08:00:00 | 20:00:00 | 3.5 | 11.5 | 4W头枕带颈托数据 | <- | <- | <- | 
| 2025-04-28 | 创新项目 | 08:00:00 | 20:00:00 | 3.5 | 11.5 | 4W头枕带颈托数据 | <- | <- | <- | 
| 2025-04-29 | 创新项目 | 08:00:00 | 20:00:00 | 3.5 | 11.5 | 4W头枕带颈托数据 | <- | <- | <- | 
| 2025-04-30 | 创新项目 | 08:00:00 | 16:30:00 | 0.0 | 8.0 | 4W头枕带颈托数据 | <- | <- | <- | 
| 2025-05-01 |  |  |  |  |  |  |  |  |  | 
| 工时统计 | 项目名称 | 项目编号 | 加班 | <- | 工时 | 项目工程师签字 | <- | <- | <- | 
| ^ | 创新项目 |  | 72.5 | <- | 240.5 |  | <- | <- | <- | 
| ^ |  |  |  | <- |  |  | <- | <- | <- | 
| ^ |  |  |  | <- |  |  | <- | <- | <- | 
| ^ |  |  |  | <- |  |  | <- | <- | <- | 
| 总计工时 | 240.50 | <- | 经理签字： | <- | <- |  | <- | <- | <- | 


## 工作表: Sheet1

| A | B | C | D | E | F | 
|  --- | --- | --- | --- | --- | --- |
|  |  |  | 一年调整一次，请勿随意删除 | <- | <- | 
|  |  |  | 2025 | <- | <- | 
| 年 | 月 |  | 节假日 | 调休加班日 |  | 
| 1905-07-17 | 4 |  | 45658 | 45683 |  | 
|  |  |  | 45685 | 45696 |  | 
|  |  |  | 45686 | 45774 |  | 
|  |  |  | 45687 | 45928 |  | 
|  |  |  | 45688 | 45941 |  | 
|  |  |  | 45689 |  |  | 
|  |  |  | 45690 |  |  | 
|  |  |  | 45691 |  |  | 
|  |  |  | 45692 |  |  | 
|  |  |  | 45751 |  |  | 
|  |  |  | 45752 |  |  | 
|  |  |  | 45753 |  |  | 
|  |  |  | 45778 |  |  | 
|  |  |  | 45779 |  |  | 
|  |  |  | 45780 |  |  | 
|  |  |  | 45781 |  |  | 
|  |  |  | 45782 |  |  | 
|  |  |  | 45808 |  |  | 
|  |  |  | 45809 |  |  | 
|  |  |  | 45810 |  |  | 
|  |  |  | 45931 |  |  | 
|  |  |  | 45932 |  |  | 
|  |  |  | 45933 |  |  | 
|  |  |  | 45934 |  |  | 
|  |  |  | 45935 |  |  | 
|  |  |  | 45936 |  |  | 
|  |  |  | 45937 |  |  | 
|  |  |  | 45938 |  |  | 



2025-05-20 10:52:41,538 - INFO - 从表格文本中，提取员工姓名和公司名称...
2025-05-20 10:52:41,539 - INFO - 发送请求到模型API...
2025-05-20 10:52:41,539 - INFO - system_prompt：
你是一个专业的表格信息提取助手。用户会提供给你一份Excel工时表，已转换为Markdown格式。你需要提取出表格包含的员工姓名`employee_name`和公司名称`company_name`。以JSON格式输出结果，包含`employee_name`和`company_name`两个字段。如果无法提取到员工姓名和公司名称，请返回空字符串。

markdown格式的表格中合并单元格表示法：
   - "^" 符号表示该单元格与上方单元格合并（纵向合并）
   - "<-" 符号表示该单元格与左侧单元格合并（横向合并）
   - "^<-" 符号表示该单元格同时与上方和左侧单元格合并（纵横合并）

比如：{"employee_name":"张三", "company_name":"XXX公司"}
注意：直接返回结果，不要包含任何解释或说明。

2025-05-20 10:52:41,540 - INFO - user_prompt：## 工作表: 邹同伟 

| A | B | C | D | E | F | G | H | I | J | 
|  --- | --- | --- | --- | --- | --- | --- | --- | --- | --- |
| 重庆延锋安道拓 | <- | 上海睿励信息技术有限公司 工时记录表 | <- | <- | <- | <- | <- | <- | <- | 
| ^ | ^<- | 供应商 |  | <- | <- | <- | <- | <- | <- | 
| 工程师 | 邹同伟 | <- | 负责人 | 胡忠仁 | 电话 | 13452832526 | <- | <- | <- | 
| 日期 | 项目名称 | 开始工作时间 | 工作结束时间 | 加班时间 | 总工作时间 | 备注 | <- | <- | <- | 
| 2025-04-01 | 创新项目 | 08:00:00 | 20:00:00 | 3.5 | 11.5 | 4W头枕带颈托数据 | <- | <- | <- | 
| 2025-04-02 | 创新项目 | 08:00:00 | 20:00:00 | 3.5 | 11.5 | 4W头枕带颈托数据 | <- | <- | <- | 
| 2025-04-03 | 创新项目 | 08:00:00 | 19:30:00 | 3.0 | 11.0 | 4W头枕带颈托数据 | <- | <- | <- | 
| 2025-04-04 | 创新项目 | 08:00:00 | 16:30:00 | 8.0 | 8.0 | V530数据修改 | <- | <- | <- | 
| 2025-04-05 |  |  |  |  |  |  | <- | <- | <- | 
| 2025-04-06 |  |  |  |  |  |  | <- | <- | <- | 
| 2025-04-07 | 创新项目 | 08:00:00 | 20:00:00 | 3.5 | 11.5 | 4W头枕带颈托数据 | <- | <- | <- | 
| 2025-04-08 | 创新项目 | 08:00:00 | 20:00:00 | 3.5 | 11.5 | 4W头枕带颈托数据 | <- | <- | <- | 
| 2025-04-09 | 创新项目 | 08:00:00 | 20:00:00 | 3.5 | 11.5 | 4W头枕带颈托数据 | <- | <- | <- | 
| 2025-04-10 | 创新项目 | 08:00:00 | 20:00:00 | 3.5 | 11.5 | 4W头枕带颈托数据 | <- | <- | <- | 
| 2025-04-11 | 创新项目 | 08:00:00 | 20:00:00 | 3.5 | 11.5 | 4W头枕带颈托数据 | <- | <- | <- | 
| 2025-04-12 |  |  |  |  |  |  | <- | <- | <- | 
| 2025-04-13 |  |  |  |  |  |  | <- | <- | <- | 
| 2025-04-14 | 创新项目 | 08:00:00 | 20:00:00 | 3.5 | 11.5 | 4W头枕带颈托数据 | <- | <- | <- | 
| 2025-04-15 | 创新项目 | 08:00:00 | 20:00:00 | 3.5 | 11.5 | 4W头枕带颈托数据 | <- | <- | <- | 
| 2025-04-16 | 创新项目 | 08:00:00 | 19:00:00 | 2.5 | 10.5 | 4W头枕带颈托数据 | <- | <- | <- | 
| 2025-04-17 | 创新项目 | 08:00:00 | 20:00:00 | 3.5 | 11.5 | 4W头枕带颈托数据 | <- | <- | <- | 
| 2025-04-18 |  |  |  |  |  | 年休假 | <- | <- | <- | 
| 2025-04-19 |  |  |  |  |  |  | <- | <- | <- | 
| 2025-04-20 |  |  |  |  |  |  | <- | <- | <- | 
| 2025-04-21 | 创新项目 | 08:00:00 | 20:00:00 | 3.5 | 11.5 | 4W头枕带颈托数据 | <- | <- | <- | 
| 2025-04-22 | 创新项目 | 08:00:00 | 20:00:00 | 3.5 | 11.5 | 4W头枕带颈托数据 | <- | <- | <- | 
| 2025-04-23 | 创新项目 | 08:00:00 | 18:00:00 | 1.5 | 9.5 | 4W头枕带颈托数据 | <- | <- | <- | 
| 2025-04-24 | 创新项目 | 08:00:00 | 20:00:00 | 3.5 | 11.5 | 4W头枕带颈托数据 | <- | <- | <- | 
| 2025-04-25 | 创新项目 | 08:00:00 | 18:00:00 | 1.5 | 9.5 | 4W头枕带颈托数据 | <- | <- | <- | 
| 2025-04-26 |  |  |  |  |  |  | <- | <- | <- | 
| 2025-04-27 | 创新项目 | 08:00:00 | 20:00:00 | 3.5 | 11.5 | 4W头枕带颈托数据 | <- | <- | <- | 
| 2025-04-28 | 创新项目 | 08:00:00 | 20:00:00 | 3.5 | 11.5 | 4W头枕带颈托数据 | <- | <- | <- | 
| 2025-04-29 | 创新项目 | 08:00:00 | 20:00:00 | 3.5 | 11.5 | 4W头枕带颈托数据 | <- | <- | <- | 
| 2025-04-30 | 创新项目 | 08:00:00 | 16:30:00 | 0.0 | 8.0 | 4W头枕带颈托数据 | <- | <- | <- | 
| 2025-05-01 |  |  |  |  |  |  |  |  |  | 
| 工时统计 | 项目名称 | 项目编号 | 加班 | <- | 工时 | 项目工程师签字 | <- | <- | <- | 
| ^ | 创新项目 |  | 72.5 | <- | 240.5 |  | <- | <- | <- | 
| ^ |  |  |  | <- |  |  | <- | <- | <- | 
| ^ |  |  |  | <- |  |  | <- | <- | <- | 
| ^ |  |  |  | <- |  |  | <- | <- | <- | 
| 总计工时 | 240.50 | <- | 经理签字： | <- | <- |  | <- | <- | <- | 


## 工作表: Sheet1

| A | B | C | D | E | F | 
|  --- | --- | --- | --- | --- | --- |
|  |  |  | 一年调整一次，请勿随意删除 | <- | <- | 
|  |  |  | 2025 | <- | <- | 
| 年 | 月 |  | 节假日 | 调休加班日 |  | 
| 1905-07-17 | 4 |  | 45658 | 45683 |  | 
|  |  |  | 45685 | 45696 |  | 
|  |  |  | 45686 | 45774 |  | 
|  |  |  | 45687 | 45928 |  | 
|  |  |  | 45688 | 45941 |  | 
|  |  |  | 45689 |  |  | 
|  |  |  | 45690 |  |  | 
|  |  |  | 45691 |  |  | 
|  |  |  | 45692 |  |  | 
|  |  |  | 45751 |  |  | 
|  |  |  | 45752 |  |  | 
|  |  |  | 45753 |  |  | 
|  |  |  | 45778 |  |  | 
|  |  |  | 45779 |  |  | 
|  |  |  | 45780 |  |  | 
|  |  |  | 45781 |  |  | 
|  |  |  | 45782 |  |  | 
|  |  |  | 45808 |  |  | 
|  |  |  | 45809 |  |  | 
|  |  |  | 45810 |  |  | 
|  |  |  | 45931 |  |  | 
|  |  |  | 45932 |  |  | 
|  |  |  | 45933 |  |  | 
|  |  |  | 45934 |  |  | 
|  |  |  | 45935 |  |  | 
|  |  |  | 45936 |  |  | 
|  |  |  | 45937 |  |  | 
|  |  |  | 45938 |  |  | 



2025-05-20 10:52:43,568 - INFO - 请求成功，状态码: 200
2025-05-20 10:52:43,569 - INFO - 模型返回：{"employee_name":"邹同伟", "company_name":"重庆延锋安道拓"}

2025-05-20 10:52:43,569 - INFO - 解析模型返回：
 - 员工姓名：邹同伟,  - 公司名称：重庆延锋安道拓
2025-05-20 10:52:43,570 - INFO - 

从表格文本中，提取汇总数据...
2025-05-20 10:52:43,570 - INFO - 发送请求到模型API...
2025-05-20 10:52:43,570 - INFO - system_prompt：
你是一个专业的工时数据提取助手。用户会提供给你一份Excel工时表，已转换为Markdown格式。你需要提取出表格中的按照项目做统计的工时汇总数据。将提取结果以JSON格式输出。以项目名称作为key为项目名称，value为包含加班和工时的字典。

markdown格式的表格中合并单元格表示法：
   - "^" 符号表示该单元格与上方单元格合并（纵向合并）
   - "<-" 符号表示该单元格与左侧单元格合并（横向合并）
   - "^<-" 符号表示该单元格同时与上方和左侧单元格合并（纵横合并）

你可以按照以下步骤进行分析：
1. 首先，定位表格中工时统计汇总数据，通常在表格的下方。
2. 读取工时统计汇总数据，包含项目名称、项目编号、加班、工时等。项目编号可能为空。
3. 整理所有数据，以JSON格式输。key为项目名称，value为包含加班`overtime_hours`和工时`total_hours`的字典。

注意：
1.直接返回结果，不要包含任何解释或说明。
2.输出结果必须严格按照无语法错误的JSON格式输出，不能有任何其他格式。

以JSON格式输出结果，示例输出如下：
示例1：
{"D11":{"overtime_hours":20,"total_hours":120}, "A12":{"overtime_hours":6,"total_hours":14}, "B13":{"overtime_hours":1,"total_hours":10}}
示例2：
{"D11":{"overtime_hours":20,"total_hours":120}, "A12":{"overtime_hours":6,"total_hours":14}}

2025-05-20 10:52:43,573 - INFO - user_prompt：## 工作表: 邹同伟 

| A | B | C | D | E | F | G | H | I | J | 
|  --- | --- | --- | --- | --- | --- | --- | --- | --- | --- |
| 重庆延锋安道拓 | <- | 上海睿励信息技术有限公司 工时记录表 | <- | <- | <- | <- | <- | <- | <- | 
| ^ | ^<- | 供应商 |  | <- | <- | <- | <- | <- | <- | 
| 工程师 | 邹同伟 | <- | 负责人 | 胡忠仁 | 电话 | 13452832526 | <- | <- | <- | 
| 日期 | 项目名称 | 开始工作时间 | 工作结束时间 | 加班时间 | 总工作时间 | 备注 | <- | <- | <- | 
| 2025-04-01 | 创新项目 | 08:00:00 | 20:00:00 | 3.5 | 11.5 | 4W头枕带颈托数据 | <- | <- | <- | 
| 2025-04-02 | 创新项目 | 08:00:00 | 20:00:00 | 3.5 | 11.5 | 4W头枕带颈托数据 | <- | <- | <- | 
| 2025-04-03 | 创新项目 | 08:00:00 | 19:30:00 | 3.0 | 11.0 | 4W头枕带颈托数据 | <- | <- | <- | 
| 2025-04-04 | 创新项目 | 08:00:00 | 16:30:00 | 8.0 | 8.0 | V530数据修改 | <- | <- | <- | 
| 2025-04-05 |  |  |  |  |  |  | <- | <- | <- | 
| 2025-04-06 |  |  |  |  |  |  | <- | <- | <- | 
| 2025-04-07 | 创新项目 | 08:00:00 | 20:00:00 | 3.5 | 11.5 | 4W头枕带颈托数据 | <- | <- | <- | 
| 2025-04-08 | 创新项目 | 08:00:00 | 20:00:00 | 3.5 | 11.5 | 4W头枕带颈托数据 | <- | <- | <- | 
| 2025-04-09 | 创新项目 | 08:00:00 | 20:00:00 | 3.5 | 11.5 | 4W头枕带颈托数据 | <- | <- | <- | 
| 2025-04-10 | 创新项目 | 08:00:00 | 20:00:00 | 3.5 | 11.5 | 4W头枕带颈托数据 | <- | <- | <- | 
| 2025-04-11 | 创新项目 | 08:00:00 | 20:00:00 | 3.5 | 11.5 | 4W头枕带颈托数据 | <- | <- | <- | 
| 2025-04-12 |  |  |  |  |  |  | <- | <- | <- | 
| 2025-04-13 |  |  |  |  |  |  | <- | <- | <- | 
| 2025-04-14 | 创新项目 | 08:00:00 | 20:00:00 | 3.5 | 11.5 | 4W头枕带颈托数据 | <- | <- | <- | 
| 2025-04-15 | 创新项目 | 08:00:00 | 20:00:00 | 3.5 | 11.5 | 4W头枕带颈托数据 | <- | <- | <- | 
| 2025-04-16 | 创新项目 | 08:00:00 | 19:00:00 | 2.5 | 10.5 | 4W头枕带颈托数据 | <- | <- | <- | 
| 2025-04-17 | 创新项目 | 08:00:00 | 20:00:00 | 3.5 | 11.5 | 4W头枕带颈托数据 | <- | <- | <- | 
| 2025-04-18 |  |  |  |  |  | 年休假 | <- | <- | <- | 
| 2025-04-19 |  |  |  |  |  |  | <- | <- | <- | 
| 2025-04-20 |  |  |  |  |  |  | <- | <- | <- | 
| 2025-04-21 | 创新项目 | 08:00:00 | 20:00:00 | 3.5 | 11.5 | 4W头枕带颈托数据 | <- | <- | <- | 
| 2025-04-22 | 创新项目 | 08:00:00 | 20:00:00 | 3.5 | 11.5 | 4W头枕带颈托数据 | <- | <- | <- | 
| 2025-04-23 | 创新项目 | 08:00:00 | 18:00:00 | 1.5 | 9.5 | 4W头枕带颈托数据 | <- | <- | <- | 
| 2025-04-24 | 创新项目 | 08:00:00 | 20:00:00 | 3.5 | 11.5 | 4W头枕带颈托数据 | <- | <- | <- | 
| 2025-04-25 | 创新项目 | 08:00:00 | 18:00:00 | 1.5 | 9.5 | 4W头枕带颈托数据 | <- | <- | <- | 
| 2025-04-26 |  |  |  |  |  |  | <- | <- | <- | 
| 2025-04-27 | 创新项目 | 08:00:00 | 20:00:00 | 3.5 | 11.5 | 4W头枕带颈托数据 | <- | <- | <- | 
| 2025-04-28 | 创新项目 | 08:00:00 | 20:00:00 | 3.5 | 11.5 | 4W头枕带颈托数据 | <- | <- | <- | 
| 2025-04-29 | 创新项目 | 08:00:00 | 20:00:00 | 3.5 | 11.5 | 4W头枕带颈托数据 | <- | <- | <- | 
| 2025-04-30 | 创新项目 | 08:00:00 | 16:30:00 | 0.0 | 8.0 | 4W头枕带颈托数据 | <- | <- | <- | 
| 2025-05-01 |  |  |  |  |  |  |  |  |  | 
| 工时统计 | 项目名称 | 项目编号 | 加班 | <- | 工时 | 项目工程师签字 | <- | <- | <- | 
| ^ | 创新项目 |  | 72.5 | <- | 240.5 |  | <- | <- | <- | 
| ^ |  |  |  | <- |  |  | <- | <- | <- | 
| ^ |  |  |  | <- |  |  | <- | <- | <- | 
| ^ |  |  |  | <- |  |  | <- | <- | <- | 
| 总计工时 | 240.50 | <- | 经理签字： | <- | <- |  | <- | <- | <- | 


## 工作表: Sheet1

| A | B | C | D | E | F | 
|  --- | --- | --- | --- | --- | --- |
|  |  |  | 一年调整一次，请勿随意删除 | <- | <- | 
|  |  |  | 2025 | <- | <- | 
| 年 | 月 |  | 节假日 | 调休加班日 |  | 
| 1905-07-17 | 4 |  | 45658 | 45683 |  | 
|  |  |  | 45685 | 45696 |  | 
|  |  |  | 45686 | 45774 |  | 
|  |  |  | 45687 | 45928 |  | 
|  |  |  | 45688 | 45941 |  | 
|  |  |  | 45689 |  |  | 
|  |  |  | 45690 |  |  | 
|  |  |  | 45691 |  |  | 
|  |  |  | 45692 |  |  | 
|  |  |  | 45751 |  |  | 
|  |  |  | 45752 |  |  | 
|  |  |  | 45753 |  |  | 
|  |  |  | 45778 |  |  | 
|  |  |  | 45779 |  |  | 
|  |  |  | 45780 |  |  | 
|  |  |  | 45781 |  |  | 
|  |  |  | 45782 |  |  | 
|  |  |  | 45808 |  |  | 
|  |  |  | 45809 |  |  | 
|  |  |  | 45810 |  |  | 
|  |  |  | 45931 |  |  | 
|  |  |  | 45932 |  |  | 
|  |  |  | 45933 |  |  | 
|  |  |  | 45934 |  |  | 
|  |  |  | 45935 |  |  | 
|  |  |  | 45936 |  |  | 
|  |  |  | 45937 |  |  | 
|  |  |  | 45938 |  |  | 



2025-05-20 10:52:45,571 - INFO - 请求成功，状态码: 200
2025-05-20 10:52:45,572 - INFO - 模型返回：
{"创新项目":{"overtime_hours":72.5,"total_hours":240.5}}

2025-05-20 10:52:45,573 - INFO - 源数据表中的工时汇总数据：{'创新项目': {'overtime_hours': 72.5, 'total_hours': 240.5}}
2025-05-20 10:53:31,835 - INFO - 开始处理工时文件：C:/Users/admin/Desktop/工时测试数据/蔡爽工时表-重庆安道拓-2025年03月.xlsx
2025-05-20 10:53:31,968 - INFO - Excel表格提取文本：
## 工作表: 蔡爽

| A | B | C | D | E | F | G | H | I | J | K | L | M | N | O | P | Q | R | S | T | 
|  --- | --- | --- | --- | --- | --- | --- | --- | --- | --- | --- | --- | --- | --- | --- | --- | --- | --- | --- | --- |
| 重庆延锋安道拓 | <- | 上海睿励信息技术有限公司 工时记录表 | <- | <- | <- | <- | <- | <- | <- |  |  |  |  |  |  |  |  |  |  | 
| ^ | ^<- | 供应商 |  | <- | <- | <- | <- | <- | <- |  |  |  |  |  |  |  |  |  |  | 
| 工程师 | 蔡爽 | <- | 负责人 | 向阳 | 电话 | 15123462783 | <- | <- | <- |  |  |  |  |  |  |  |  |  |  | 
| 日期 | 项目名称 | 开始工作时间 | 工作结束时间 | 加班时间 | 总工作时间 | 备注 | <- | <- | <- |  |  |  |  |  |  |  |  |  |  | 
| 2025-03-01 |  |  |  |  |  |  | <- | <- | <- |  |  |  |  |  |  |  |  |  |  | 
| 2025-03-02 |  |  |  |  |  |  | <- | <- | <- |  |  |  |  |  |  |  |  |  |  | 
| 2025-03-03 | 660B | 08:30:00 | 20:00:00 | 3.0 | 11.0 | V540 数据图纸修改 | <- | <- | <- |  |  |  |  |  |  |  |  |  |  | 
| 2025-03-04 | 660B | 08:30:00 | 20:00:00 | 3.0 | 11.0 | V540 数据图纸修改 | <- | <- | <- |  |  |  |  |  |  |  |  |  |  | 
| 2025-03-05 | 660B | 08:30:00 | 20:30:00 | 3.5 | 11.5 | V540 数据图纸修改 | <- | <- | <- |  |  |  |  |  |  |  |  |  |  | 
| 2025-03-06 | 660B | 08:30:00 | 18:00:00 | 1.0 | 9.0 | V540 数据图纸修改 | <- | <- | <- |  |  |  |  |  |  |  |  |  |  | 
| 2025-03-07 | 660B | 08:30:00 | 17:00:00 | 0.0 | 8.0 | V540 数据图纸修改 | <- | <- | <- |  |  |  |  |  |  |  |  |  |  | 
| 2025-03-08 |  |  |  |  |  |  | <- | <- | <- |  |  |  |  |  |  |  |  |  |  | 
| 2025-03-09 |  |  |  |  |  |  | <- | <- | <- |  |  |  |  |  |  |  |  |  |             | 
| 2025-03-10 | 660B | 08:30:00 | 20:00:00 | 3.0 | 11.0 | V540 数据图纸修改 | <- | <- | <- |  |  |  |  |  |  |  |  |  |  | 
| 2025-03-11 | 660B | 08:30:00 | 20:00:00 | 3.0 | 11.0 | V540 数据图纸修改 | <- | <- | <- |  |  |  |  |  |  |  |  |  |  | 
| 2025-03-12 | 660B | 08:30:00 | 20:00:00 | 3.0 | 11.0 | V540 数据图纸修改 | <- | <- | <- |  |  |  |  |  |  |  |  |  |  | 
| 2025-03-13 | 660B | 08:30:00 | 20:00:00 | 3.0 | 11.0 | V540 数据图纸修改 | <- | <- | <- |  |  |  |  |  |  |  |  |  |  | 
| 2025-03-14 | 660B | 08:30:00 | 20:00:00 | 3.0 | 11.0 | V540 数据图纸修改 | <- | <- | <- |  |  |  |  |  |  |  |  |  |  | 
| 2025-03-15 |  |  |  |  |  |  | <- | <- | <- |  |  |  |  |  |  |  |  |  |  | 
| 2025-03-16 |  |  |  |  |  |  | <- | <- | <- |  |  |  |  |  |  |  |  |  |  | 
| 2025-03-17 | 660B | 08:30:00 | 20:00:00 | 3.0 | 11.0 | V540 数据图纸修改 | <- | <- | <- |  |  |  |  |  |  |  |  |  |  | 
| 2025-03-18 | 660B | 08:30:00 | 20:00:00 | 3.0 | 11.0 | V540 数据图纸修改 | <- | <- | <- |  |  |  |  |  |  |  |  |  |  | 
| 2025-03-19 | 660B | 08:30:00 | 20:30:00 | 3.5 | 11.5 | V540 数据图纸修改 | <- | <- | <- |  |  |  |  |  |  |  |  |  |  | 
| 2025-03-20 | 660B | 08:30:00 | 20:00:00 | 3.0 | 11.0 | V540 数据图纸修改 | <- | <- | <- |  |  |  |  |  |  |  |  |  |  | 
| 2025-03-21 | 660B | 08:30:00 | 20:00:00 | 3.0 | 11.0 | V540 数据图纸修改 | <- | <- | <- |  |  |  |  |  |  |  |  |  |  | 
| 2025-03-22 |  |  |  |  |  |  | <- | <- | <- |  |  |  |  |  |  |  |  |  |  | 
| 2025-03-23 |  |  |  |  |  |  | <- | <- | <- |  |  |  |  |  |  |  |  |  |  | 
| 2025-03-24 | 660B | 08:30:00 | 20:00:00 | 3.0 | 11.0 | V540 数据图纸修改 | <- | <- | <- |  |  |  |  |  |  |  |  |  |  | 
| 2025-03-25 | 660B | 08:30:00 | 20:00:00 | 3.0 | 11.0 | V540 数据图纸修改 | <- | <- | <- |  |  |  |  |  |  |  |  |  |  | 
| 2025-03-26 | 660B | 08:30:00 | 20:00:00 | 3.0 | 11.0 | V540 数据图纸修改 | <- | <- | <- |  |  |  |  |  |  |  |  |  |  | 
| 2025-03-27 | 660B | 08:30:00 | 20:00:00 | 3.0 | 11.0 | EF2H 3D数据 | <- | <- | <- |  |  |  |  |  |  |  |  |  |  | 
| 2025-03-28 | 660B | 08:30:00 | 20:00:00 | 3.0 | 11.0 | EF2H 3D数据 | <- | <- | <- |  |  |  |  |  |  |  |  |  |  | 
| 2025-03-29 | 660B | 10:00:00 | 12:00:00 | 1.5 | 1.5 | EF2H 3D数据 | <- | <- | <- |  |  |  |  |  |  |  |  |  |  | 
| 2025-03-30 |  |  |  |  |  |  | <- | <- | <- |  |  |  |  |  |  |  |  |  |  | 
| 2025-03-31 | 660B | 08:30:00 | 20:00:00 | 3.0 | 11.0 | EF2H 3D数据 | <- | <- | <- |  |  |  |  |  |  |  |  |  |  | 
| 2025-04-01 |  |  |  |  |  |  | <- | <- | <- |  |  |  |  |  |  |  |  |  |  | 
| 工时统计 | 项目名称 | 项目编号 | 加班 | <- | 工时 | 项目工程师签字 | <- | <- | <- |  |  |  |  |  |  |  |  |  |  | 
| ^ | 660B |  | 60.5 | <- | 228.5 |  | <- | <- | <- |  |  |  |  |  |  |  |  |  |  | 
| ^ |  |  |  | <- |  |  | <- | <- | <- |  |  |  |  |  |  |  |  |  |  | 
| ^ |  |  |  | <- |  |  | <- | <- | <- |  |  |  |  |  |  |  |  |  |  | 
| ^ |  |  |  | <- |  |  | <- | <- | <- |  |  |  |  |  |  |  |  |  |  | 
| 总计工时 | 228.50 | <- | 经理签字： | <- | <- |  | <- | <- | <- |  |  |  |  |  |  |  |  |  |  | 


## 工作表: Sheet1

| A | B | C | D | E | F | 
|  --- | --- | --- | --- | --- | --- |
|  |  |  | 一年调整一次，请勿随意删除 | <- | <- | 
|  |  |  | 2025 | <- | <- | 
| 年 | 月 |  | 节假日 | 调休加班日 |  | 
| 1905-07-17 | 3 |  | 45658 | 45683 |  | 
|  |  |  | 45685 | 45696 |  | 
|  |  |  | 45686 | 45774 |  | 
|  |  |  | 45687 | 45928 |  | 
|  |  |  | 45688 | 45941 |  | 
|  |  |  | 45689 |  |  | 
|  |  |  | 45690 |  |  | 
|  |  |  | 45691 |  |  | 
|  |  |  | 45692 |  |  | 
|  |  |  | 45751 |  |  | 
|  |  |  | 45752 |  |  | 
|  |  |  | 45753 |  |  | 
|  |  |  | 45778 |  |  | 
|  |  |  | 45779 |  |  | 
|  |  |  | 45780 |  |  | 
|  |  |  | 45781 |  |  | 
|  |  |  | 45782 |  |  | 
|  |  |  | 45808 |  |  | 
|  |  |  | 45809 |  |  | 
|  |  |  | 45810 |  |  | 
|  |  |  | 45931 |  |  | 
|  |  |  | 45932 |  |  | 
|  |  |  | 45933 |  |  | 
|  |  |  | 45934 |  |  | 
|  |  |  | 45935 |  |  | 
|  |  |  | 45936 |  |  | 
|  |  |  | 45937 |  |  | 
|  |  |  | 45938 |  |  | 



2025-05-20 10:53:31,981 - INFO - 从表格文本中，提取员工姓名和公司名称...
2025-05-20 10:53:31,982 - INFO - 发送请求到模型API...
2025-05-20 10:53:31,982 - INFO - system_prompt：
你是一个专业的表格信息提取助手。用户会提供给你一份Excel工时表，已转换为Markdown格式。你需要提取出表格包含的员工姓名`employee_name`和公司名称`company_name`。以JSON格式输出结果，包含`employee_name`和`company_name`两个字段。如果无法提取到员工姓名和公司名称，请返回空字符串。

markdown格式的表格中合并单元格表示法：
   - "^" 符号表示该单元格与上方单元格合并（纵向合并）
   - "<-" 符号表示该单元格与左侧单元格合并（横向合并）
   - "^<-" 符号表示该单元格同时与上方和左侧单元格合并（纵横合并）

比如：{"employee_name":"张三", "company_name":"XXX公司"}
注意：直接返回结果，不要包含任何解释或说明。

2025-05-20 10:53:31,984 - INFO - user_prompt：## 工作表: 蔡爽

| A | B | C | D | E | F | G | H | I | J | K | L | M | N | O | P | Q | R | S | T | 
|  --- | --- | --- | --- | --- | --- | --- | --- | --- | --- | --- | --- | --- | --- | --- | --- | --- | --- | --- | --- |
| 重庆延锋安道拓 | <- | 上海睿励信息技术有限公司 工时记录表 | <- | <- | <- | <- | <- | <- | <- |  |  |  |  |  |  |  |  |  |  | 
| ^ | ^<- | 供应商 |  | <- | <- | <- | <- | <- | <- |  |  |  |  |  |  |  |  |  |  | 
| 工程师 | 蔡爽 | <- | 负责人 | 向阳 | 电话 | 15123462783 | <- | <- | <- |  |  |  |  |  |  |  |  |  |  | 
| 日期 | 项目名称 | 开始工作时间 | 工作结束时间 | 加班时间 | 总工作时间 | 备注 | <- | <- | <- |  |  |  |  |  |  |  |  |  |  | 
| 2025-03-01 |  |  |  |  |  |  | <- | <- | <- |  |  |  |  |  |  |  |  |  |  | 
| 2025-03-02 |  |  |  |  |  |  | <- | <- | <- |  |  |  |  |  |  |  |  |  |  | 
| 2025-03-03 | 660B | 08:30:00 | 20:00:00 | 3.0 | 11.0 | V540 数据图纸修改 | <- | <- | <- |  |  |  |  |  |  |  |  |  |  | 
| 2025-03-04 | 660B | 08:30:00 | 20:00:00 | 3.0 | 11.0 | V540 数据图纸修改 | <- | <- | <- |  |  |  |  |  |  |  |  |  |  | 
| 2025-03-05 | 660B | 08:30:00 | 20:30:00 | 3.5 | 11.5 | V540 数据图纸修改 | <- | <- | <- |  |  |  |  |  |  |  |  |  |  | 
| 2025-03-06 | 660B | 08:30:00 | 18:00:00 | 1.0 | 9.0 | V540 数据图纸修改 | <- | <- | <- |  |  |  |  |  |  |  |  |  |  | 
| 2025-03-07 | 660B | 08:30:00 | 17:00:00 | 0.0 | 8.0 | V540 数据图纸修改 | <- | <- | <- |  |  |  |  |  |  |  |  |  |  | 
| 2025-03-08 |  |  |  |  |  |  | <- | <- | <- |  |  |  |  |  |  |  |  |  |  | 
| 2025-03-09 |  |  |  |  |  |  | <- | <- | <- |  |  |  |  |  |  |  |  |  |             | 
| 2025-03-10 | 660B | 08:30:00 | 20:00:00 | 3.0 | 11.0 | V540 数据图纸修改 | <- | <- | <- |  |  |  |  |  |  |  |  |  |  | 
| 2025-03-11 | 660B | 08:30:00 | 20:00:00 | 3.0 | 11.0 | V540 数据图纸修改 | <- | <- | <- |  |  |  |  |  |  |  |  |  |  | 
| 2025-03-12 | 660B | 08:30:00 | 20:00:00 | 3.0 | 11.0 | V540 数据图纸修改 | <- | <- | <- |  |  |  |  |  |  |  |  |  |  | 
| 2025-03-13 | 660B | 08:30:00 | 20:00:00 | 3.0 | 11.0 | V540 数据图纸修改 | <- | <- | <- |  |  |  |  |  |  |  |  |  |  | 
| 2025-03-14 | 660B | 08:30:00 | 20:00:00 | 3.0 | 11.0 | V540 数据图纸修改 | <- | <- | <- |  |  |  |  |  |  |  |  |  |  | 
| 2025-03-15 |  |  |  |  |  |  | <- | <- | <- |  |  |  |  |  |  |  |  |  |  | 
| 2025-03-16 |  |  |  |  |  |  | <- | <- | <- |  |  |  |  |  |  |  |  |  |  | 
| 2025-03-17 | 660B | 08:30:00 | 20:00:00 | 3.0 | 11.0 | V540 数据图纸修改 | <- | <- | <- |  |  |  |  |  |  |  |  |  |  | 
| 2025-03-18 | 660B | 08:30:00 | 20:00:00 | 3.0 | 11.0 | V540 数据图纸修改 | <- | <- | <- |  |  |  |  |  |  |  |  |  |  | 
| 2025-03-19 | 660B | 08:30:00 | 20:30:00 | 3.5 | 11.5 | V540 数据图纸修改 | <- | <- | <- |  |  |  |  |  |  |  |  |  |  | 
| 2025-03-20 | 660B | 08:30:00 | 20:00:00 | 3.0 | 11.0 | V540 数据图纸修改 | <- | <- | <- |  |  |  |  |  |  |  |  |  |  | 
| 2025-03-21 | 660B | 08:30:00 | 20:00:00 | 3.0 | 11.0 | V540 数据图纸修改 | <- | <- | <- |  |  |  |  |  |  |  |  |  |  | 
| 2025-03-22 |  |  |  |  |  |  | <- | <- | <- |  |  |  |  |  |  |  |  |  |  | 
| 2025-03-23 |  |  |  |  |  |  | <- | <- | <- |  |  |  |  |  |  |  |  |  |  | 
| 2025-03-24 | 660B | 08:30:00 | 20:00:00 | 3.0 | 11.0 | V540 数据图纸修改 | <- | <- | <- |  |  |  |  |  |  |  |  |  |  | 
| 2025-03-25 | 660B | 08:30:00 | 20:00:00 | 3.0 | 11.0 | V540 数据图纸修改 | <- | <- | <- |  |  |  |  |  |  |  |  |  |  | 
| 2025-03-26 | 660B | 08:30:00 | 20:00:00 | 3.0 | 11.0 | V540 数据图纸修改 | <- | <- | <- |  |  |  |  |  |  |  |  |  |  | 
| 2025-03-27 | 660B | 08:30:00 | 20:00:00 | 3.0 | 11.0 | EF2H 3D数据 | <- | <- | <- |  |  |  |  |  |  |  |  |  |  | 
| 2025-03-28 | 660B | 08:30:00 | 20:00:00 | 3.0 | 11.0 | EF2H 3D数据 | <- | <- | <- |  |  |  |  |  |  |  |  |  |  | 
| 2025-03-29 | 660B | 10:00:00 | 12:00:00 | 1.5 | 1.5 | EF2H 3D数据 | <- | <- | <- |  |  |  |  |  |  |  |  |  |  | 
| 2025-03-30 |  |  |  |  |  |  | <- | <- | <- |  |  |  |  |  |  |  |  |  |  | 
| 2025-03-31 | 660B | 08:30:00 | 20:00:00 | 3.0 | 11.0 | EF2H 3D数据 | <- | <- | <- |  |  |  |  |  |  |  |  |  |  | 
| 2025-04-01 |  |  |  |  |  |  | <- | <- | <- |  |  |  |  |  |  |  |  |  |  | 
| 工时统计 | 项目名称 | 项目编号 | 加班 | <- | 工时 | 项目工程师签字 | <- | <- | <- |  |  |  |  |  |  |  |  |  |  | 
| ^ | 660B |  | 60.5 | <- | 228.5 |  | <- | <- | <- |  |  |  |  |  |  |  |  |  |  | 
| ^ |  |  |  | <- |  |  | <- | <- | <- |  |  |  |  |  |  |  |  |  |  | 
| ^ |  |  |  | <- |  |  | <- | <- | <- |  |  |  |  |  |  |  |  |  |  | 
| ^ |  |  |  | <- |  |  | <- | <- | <- |  |  |  |  |  |  |  |  |  |  | 
| 总计工时 | 228.50 | <- | 经理签字： | <- | <- |  | <- | <- | <- |  |  |  |  |  |  |  |  |  |  | 


## 工作表: Sheet1

| A | B | C | D | E | F | 
|  --- | --- | --- | --- | --- | --- |
|  |  |  | 一年调整一次，请勿随意删除 | <- | <- | 
|  |  |  | 2025 | <- | <- | 
| 年 | 月 |  | 节假日 | 调休加班日 |  | 
| 1905-07-17 | 3 |  | 45658 | 45683 |  | 
|  |  |  | 45685 | 45696 |  | 
|  |  |  | 45686 | 45774 |  | 
|  |  |  | 45687 | 45928 |  | 
|  |  |  | 45688 | 45941 |  | 
|  |  |  | 45689 |  |  | 
|  |  |  | 45690 |  |  | 
|  |  |  | 45691 |  |  | 
|  |  |  | 45692 |  |  | 
|  |  |  | 45751 |  |  | 
|  |  |  | 45752 |  |  | 
|  |  |  | 45753 |  |  | 
|  |  |  | 45778 |  |  | 
|  |  |  | 45779 |  |  | 
|  |  |  | 45780 |  |  | 
|  |  |  | 45781 |  |  | 
|  |  |  | 45782 |  |  | 
|  |  |  | 45808 |  |  | 
|  |  |  | 45809 |  |  | 
|  |  |  | 45810 |  |  | 
|  |  |  | 45931 |  |  | 
|  |  |  | 45932 |  |  | 
|  |  |  | 45933 |  |  | 
|  |  |  | 45934 |  |  | 
|  |  |  | 45935 |  |  | 
|  |  |  | 45936 |  |  | 
|  |  |  | 45937 |  |  | 
|  |  |  | 45938 |  |  | 



2025-05-20 10:53:34,145 - INFO - 请求成功，状态码: 200
2025-05-20 10:53:34,146 - INFO - 模型返回：{"employee_name":"蔡爽", "company_name":"上海睿励信息技术有限公司"}

2025-05-20 10:53:34,146 - INFO - 解析模型返回：
 - 员工姓名：蔡爽,  - 公司名称：上海睿励信息技术有限公司
2025-05-20 10:53:34,147 - INFO - 

从表格文本中，提取汇总数据...
2025-05-20 10:53:34,147 - INFO - 发送请求到模型API...
2025-05-20 10:53:34,147 - INFO - system_prompt：
你是一个专业的工时数据提取助手。用户会提供给你一份Excel工时表，已转换为Markdown格式。你需要提取出表格中的按照项目做统计的工时汇总数据。将提取结果以JSON格式输出。以项目名称作为key为项目名称，value为包含加班和工时的字典。

markdown格式的表格中合并单元格表示法：
   - "^" 符号表示该单元格与上方单元格合并（纵向合并）
   - "<-" 符号表示该单元格与左侧单元格合并（横向合并）
   - "^<-" 符号表示该单元格同时与上方和左侧单元格合并（纵横合并）

你可以按照以下步骤进行分析：
1. 首先，定位表格中工时统计汇总数据，通常在表格的下方。
2. 读取工时统计汇总数据，包含项目名称、项目编号、加班、工时等。项目编号可能为空。
3. 整理所有数据，以JSON格式输。key为项目名称，value为包含加班`overtime_hours`和工时`total_hours`的字典。

注意：
1.直接返回结果，不要包含任何解释或说明。
2.输出结果必须严格按照无语法错误的JSON格式输出，不能有任何其他格式。

以JSON格式输出结果，示例输出如下：
示例1：
{"D11":{"overtime_hours":20,"total_hours":120}, "A12":{"overtime_hours":6,"total_hours":14}, "B13":{"overtime_hours":1,"total_hours":10}}
示例2：
{"D11":{"overtime_hours":20,"total_hours":120}, "A12":{"overtime_hours":6,"total_hours":14}}

2025-05-20 10:53:34,150 - INFO - user_prompt：## 工作表: 蔡爽

| A | B | C | D | E | F | G | H | I | J | K | L | M | N | O | P | Q | R | S | T | 
|  --- | --- | --- | --- | --- | --- | --- | --- | --- | --- | --- | --- | --- | --- | --- | --- | --- | --- | --- | --- |
| 重庆延锋安道拓 | <- | 上海睿励信息技术有限公司 工时记录表 | <- | <- | <- | <- | <- | <- | <- |  |  |  |  |  |  |  |  |  |  | 
| ^ | ^<- | 供应商 |  | <- | <- | <- | <- | <- | <- |  |  |  |  |  |  |  |  |  |  | 
| 工程师 | 蔡爽 | <- | 负责人 | 向阳 | 电话 | 15123462783 | <- | <- | <- |  |  |  |  |  |  |  |  |  |  | 
| 日期 | 项目名称 | 开始工作时间 | 工作结束时间 | 加班时间 | 总工作时间 | 备注 | <- | <- | <- |  |  |  |  |  |  |  |  |  |  | 
| 2025-03-01 |  |  |  |  |  |  | <- | <- | <- |  |  |  |  |  |  |  |  |  |  | 
| 2025-03-02 |  |  |  |  |  |  | <- | <- | <- |  |  |  |  |  |  |  |  |  |  | 
| 2025-03-03 | 660B | 08:30:00 | 20:00:00 | 3.0 | 11.0 | V540 数据图纸修改 | <- | <- | <- |  |  |  |  |  |  |  |  |  |  | 
| 2025-03-04 | 660B | 08:30:00 | 20:00:00 | 3.0 | 11.0 | V540 数据图纸修改 | <- | <- | <- |  |  |  |  |  |  |  |  |  |  | 
| 2025-03-05 | 660B | 08:30:00 | 20:30:00 | 3.5 | 11.5 | V540 数据图纸修改 | <- | <- | <- |  |  |  |  |  |  |  |  |  |  | 
| 2025-03-06 | 660B | 08:30:00 | 18:00:00 | 1.0 | 9.0 | V540 数据图纸修改 | <- | <- | <- |  |  |  |  |  |  |  |  |  |  | 
| 2025-03-07 | 660B | 08:30:00 | 17:00:00 | 0.0 | 8.0 | V540 数据图纸修改 | <- | <- | <- |  |  |  |  |  |  |  |  |  |  | 
| 2025-03-08 |  |  |  |  |  |  | <- | <- | <- |  |  |  |  |  |  |  |  |  |  | 
| 2025-03-09 |  |  |  |  |  |  | <- | <- | <- |  |  |  |  |  |  |  |  |  |             | 
| 2025-03-10 | 660B | 08:30:00 | 20:00:00 | 3.0 | 11.0 | V540 数据图纸修改 | <- | <- | <- |  |  |  |  |  |  |  |  |  |  | 
| 2025-03-11 | 660B | 08:30:00 | 20:00:00 | 3.0 | 11.0 | V540 数据图纸修改 | <- | <- | <- |  |  |  |  |  |  |  |  |  |  | 
| 2025-03-12 | 660B | 08:30:00 | 20:00:00 | 3.0 | 11.0 | V540 数据图纸修改 | <- | <- | <- |  |  |  |  |  |  |  |  |  |  | 
| 2025-03-13 | 660B | 08:30:00 | 20:00:00 | 3.0 | 11.0 | V540 数据图纸修改 | <- | <- | <- |  |  |  |  |  |  |  |  |  |  | 
| 2025-03-14 | 660B | 08:30:00 | 20:00:00 | 3.0 | 11.0 | V540 数据图纸修改 | <- | <- | <- |  |  |  |  |  |  |  |  |  |  | 
| 2025-03-15 |  |  |  |  |  |  | <- | <- | <- |  |  |  |  |  |  |  |  |  |  | 
| 2025-03-16 |  |  |  |  |  |  | <- | <- | <- |  |  |  |  |  |  |  |  |  |  | 
| 2025-03-17 | 660B | 08:30:00 | 20:00:00 | 3.0 | 11.0 | V540 数据图纸修改 | <- | <- | <- |  |  |  |  |  |  |  |  |  |  | 
| 2025-03-18 | 660B | 08:30:00 | 20:00:00 | 3.0 | 11.0 | V540 数据图纸修改 | <- | <- | <- |  |  |  |  |  |  |  |  |  |  | 
| 2025-03-19 | 660B | 08:30:00 | 20:30:00 | 3.5 | 11.5 | V540 数据图纸修改 | <- | <- | <- |  |  |  |  |  |  |  |  |  |  | 
| 2025-03-20 | 660B | 08:30:00 | 20:00:00 | 3.0 | 11.0 | V540 数据图纸修改 | <- | <- | <- |  |  |  |  |  |  |  |  |  |  | 
| 2025-03-21 | 660B | 08:30:00 | 20:00:00 | 3.0 | 11.0 | V540 数据图纸修改 | <- | <- | <- |  |  |  |  |  |  |  |  |  |  | 
| 2025-03-22 |  |  |  |  |  |  | <- | <- | <- |  |  |  |  |  |  |  |  |  |  | 
| 2025-03-23 |  |  |  |  |  |  | <- | <- | <- |  |  |  |  |  |  |  |  |  |  | 
| 2025-03-24 | 660B | 08:30:00 | 20:00:00 | 3.0 | 11.0 | V540 数据图纸修改 | <- | <- | <- |  |  |  |  |  |  |  |  |  |  | 
| 2025-03-25 | 660B | 08:30:00 | 20:00:00 | 3.0 | 11.0 | V540 数据图纸修改 | <- | <- | <- |  |  |  |  |  |  |  |  |  |  | 
| 2025-03-26 | 660B | 08:30:00 | 20:00:00 | 3.0 | 11.0 | V540 数据图纸修改 | <- | <- | <- |  |  |  |  |  |  |  |  |  |  | 
| 2025-03-27 | 660B | 08:30:00 | 20:00:00 | 3.0 | 11.0 | EF2H 3D数据 | <- | <- | <- |  |  |  |  |  |  |  |  |  |  | 
| 2025-03-28 | 660B | 08:30:00 | 20:00:00 | 3.0 | 11.0 | EF2H 3D数据 | <- | <- | <- |  |  |  |  |  |  |  |  |  |  | 
| 2025-03-29 | 660B | 10:00:00 | 12:00:00 | 1.5 | 1.5 | EF2H 3D数据 | <- | <- | <- |  |  |  |  |  |  |  |  |  |  | 
| 2025-03-30 |  |  |  |  |  |  | <- | <- | <- |  |  |  |  |  |  |  |  |  |  | 
| 2025-03-31 | 660B | 08:30:00 | 20:00:00 | 3.0 | 11.0 | EF2H 3D数据 | <- | <- | <- |  |  |  |  |  |  |  |  |  |  | 
| 2025-04-01 |  |  |  |  |  |  | <- | <- | <- |  |  |  |  |  |  |  |  |  |  | 
| 工时统计 | 项目名称 | 项目编号 | 加班 | <- | 工时 | 项目工程师签字 | <- | <- | <- |  |  |  |  |  |  |  |  |  |  | 
| ^ | 660B |  | 60.5 | <- | 228.5 |  | <- | <- | <- |  |  |  |  |  |  |  |  |  |  | 
| ^ |  |  |  | <- |  |  | <- | <- | <- |  |  |  |  |  |  |  |  |  |  | 
| ^ |  |  |  | <- |  |  | <- | <- | <- |  |  |  |  |  |  |  |  |  |  | 
| ^ |  |  |  | <- |  |  | <- | <- | <- |  |  |  |  |  |  |  |  |  |  | 
| 总计工时 | 228.50 | <- | 经理签字： | <- | <- |  | <- | <- | <- |  |  |  |  |  |  |  |  |  |  | 


## 工作表: Sheet1

| A | B | C | D | E | F | 
|  --- | --- | --- | --- | --- | --- |
|  |  |  | 一年调整一次，请勿随意删除 | <- | <- | 
|  |  |  | 2025 | <- | <- | 
| 年 | 月 |  | 节假日 | 调休加班日 |  | 
| 1905-07-17 | 3 |  | 45658 | 45683 |  | 
|  |  |  | 45685 | 45696 |  | 
|  |  |  | 45686 | 45774 |  | 
|  |  |  | 45687 | 45928 |  | 
|  |  |  | 45688 | 45941 |  | 
|  |  |  | 45689 |  |  | 
|  |  |  | 45690 |  |  | 
|  |  |  | 45691 |  |  | 
|  |  |  | 45692 |  |  | 
|  |  |  | 45751 |  |  | 
|  |  |  | 45752 |  |  | 
|  |  |  | 45753 |  |  | 
|  |  |  | 45778 |  |  | 
|  |  |  | 45779 |  |  | 
|  |  |  | 45780 |  |  | 
|  |  |  | 45781 |  |  | 
|  |  |  | 45782 |  |  | 
|  |  |  | 45808 |  |  | 
|  |  |  | 45809 |  |  | 
|  |  |  | 45810 |  |  | 
|  |  |  | 45931 |  |  | 
|  |  |  | 45932 |  |  | 
|  |  |  | 45933 |  |  | 
|  |  |  | 45934 |  |  | 
|  |  |  | 45935 |  |  | 
|  |  |  | 45936 |  |  | 
|  |  |  | 45937 |  |  | 
|  |  |  | 45938 |  |  | 



2025-05-20 10:53:36,818 - INFO - 请求成功，状态码: 200
2025-05-20 10:53:36,819 - INFO - 模型返回：
{"660B":{"overtime_hours":60.5,"total_hours":228.5},"EF2H 3D数据":{"overtime_hours":4.5,"total_hours":13.5}}

2025-05-20 10:53:36,819 - INFO - 源数据表中的工时汇总数据：{'660B': {'overtime_hours': 60.5, 'total_hours': 228.5}, 'EF2H 3D数据': {'overtime_hours': 4.5, 'total_hours': 13.5}}
2025-05-20 10:53:36,852 - INFO - 上传文件: ['D:/sotos工作资料/test/5\\于浩鑫-工时表-重庆安道拓-2025年04月.xlsx', 'D:/sotos工作资料/test/5\\余平安工时表-重庆安道拓-2025年04月.xlsx', 'D:/sotos工作资料/test/5\\叶自川工时表-重庆安道拓-2025年04月.xlsx', 'D:/sotos工作资料/test/5\\张力工时表-重庆安道拓-2025年04月.xlsx', 'D:/sotos工作资料/test/5\\张博工时表-重庆安道拓-2025年04月.xlsx', 'D:/sotos工作资料/test/5\\易云红工时表-重庆安道拓-2025年04月.xlsx', 'D:/sotos工作资料/test/5\\游劲松工时表-重庆安道拓-2025年04月.xlsx', 'D:/sotos工作资料/test/5\\詹正军工时表-重庆安道拓-2025年04月.xlsx', 'D:/sotos工作资料/test/5\\郑太平工时表-重庆安道拓-2025年04月.xlsx', 'D:/sotos工作资料/test/5\\郑瑞环工时表-重庆安道拓-2025年04月.xlsx']
2025-05-20 10:53:36,853 - INFO - 文件处理进度：1 / 10
2025-05-20 10:53:36,853 - INFO - 开始处理工时文件：D:/sotos工作资料/test/5\于浩鑫-工时表-重庆安道拓-2025年04月.xlsx
2025-05-20 10:53:36,949 - INFO - Excel表格提取文本：
## 工作表: 于浩鑫

| A | B | C | D | E | F | G | H | I | J | 
|  --- | --- | --- | --- | --- | --- | --- | --- | --- | --- |
| 重庆延锋安道拓 | <- | 上海睿励信息技术有限公司 工时记录表 | <- | <- | <- | <- | <- | <- | <- | 
| ^ | ^<- | 供应商 |  | <- | <- | <- | <- | <- | <- | 
| 工程师 | 于浩鑫 | <- | 负责人 | 张何东 | 电话 | 15923471463 | <- | <- | <- | 
| 日期 | 项目名称 | 开始工作时间 | 工作结束时间 | 加班时间 | 总工作时间 | 备注 | <- | <- | <- | 
| 2025-04-01 | M70 | 08:00:00 | 17:30:00 | 1.00 | 9.00 | 报价 | <- | <- | <- | 
| 2025-04-02 | M70 | 08:00:00 | 18:00:00 | 1.50 | 9.50 | 报价 | <- | <- | <- | 
| 2025-04-03 | M70 | 08:00:00 | 17:00:00 | 0.50 | 8.50 | 报价 | <- | <- | <- | 
| 2025-04-04 |  |  |  |  |  |  | <- | <- | <- | 
| 2025-04-05 |  |  |  |  |  |  | <- | <- | <- | 
| 2025-04-06 |  |  |  |  |  |  | <- | <- | <- | 
| 2025-04-07 | D21 | 08:00:00 | 17:30:00 | 1.00 | 9.00 | 图纸，数据 | <- | <- | <- | 
| 2025-04-08 | D21 | 08:00:00 | 18:30:00 | 2.00 | 10.00 | 图纸，数据 | <- | <- | <- | 
| 2025-04-09 | D21 | 08:00:00 | 18:00:00 | 1.50 | 9.50 | 图纸，数据 | <- | <- | <- | 
| 2025-04-10 | D587 | 08:00:00 | 18:00:00 | 1.50 | 9.50 | 报价 | <- | <- | <- | 
| 2025-04-11 | D587 | 08:00:00 | 16:30:00 | 0.00 | 8.00 | 报价 | <- | <- | <- | 
| 2025-04-12 |  |  |  |  |  |  | <- | <- | <- | 
| 2025-04-13 |  |  |  |  |  |  | <- | <- | <- | 
| 2025-04-14 | D21 | 08:00:00 | 20:30:00 | 4.00 | 12.00 | 图纸，数据 | <- | <- | <- | 
| 2025-04-15 | D587 | 08:00:00 | 18:00:00 | 1.50 | 9.50 | 报价 | <- | <- | <- | 
| 2025-04-16 | D587 | 08:00:00 | 18:30:00 | 2.00 | 10.00 | 报价 | <- | <- | <- | 
| 2025-04-17 | D21 | 08:00:00 | 18:30:00 | 2.00 | 10.00 | 图纸，数据 | <- | <- | <- | 
| 2025-04-18 | D21 | 08:00:00 | 16:30:00 | 0.00 | 8.00 | 图纸，数据 | <- | <- | <- | 
| 2025-04-19 |  |  |  |  |  |  | <- | <- | <- | 
| 2025-04-20 |  |  |  |  |  |  | <- | <- | <- | 
| 2025-04-21 | D21 | 08:00:00 | 21:00:00 | 4.50 | 12.50 | 图纸，数据 | <- | <- | <- | 
| 2025-04-22 | D21 | 08:00:00 | 19:00:00 | 2.50 | 10.50 | 图纸，数据 | <- | <- | <- | 
| 2025-04-23 | D587 | 08:00:00 | 21:00:00 | 4.50 | 12.50 | 报价 | <- | <- | <- | 
| 2025-04-24 | D21 | 08:00:00 | 20:00:00 | 3.50 | 11.50 | 图纸，数据 | <- | <- | <- | 
| 2025-04-25 | D21 | 08:00:00 | 22:30:00 | 6.00 | 14.00 | 图纸，数据 | <- | <- | <- | 
| 2025-04-26 |  |  |  |  |  |  | <- | <- | <- | 
| 2025-04-27 | D21 | 08:00:00 | 22:00:00 | 5.50 | 13.50 | 图纸，数据 | <- | <- | <- | 
| 2025-04-28 | D21 | 08:00:00 | 18:00:00 | 1.50 | 9.50 | 图纸，数据 | <- | <- | <- | 
| 2025-04-29 | D21 | 08:00:00 | 20:00:00 | 3.50 | 11.50 | 图纸，数据 | <- | <- | <- | 
| 2025-04-30 | D21 | 08:00:00 | 17:30:00 | 1.00 | 9.00 | 图纸，数据 | <- | <- | <- | 
| 工时统计 | 项目名称 | 项目编号 | 加班 | <- | 工时 | 项目工程师签字 | <- | <- | <- | 
| ^ | D21 |  | 38.50 | <- | 150.50 |  | <- | <- | <- | 
| ^ | M70 |  | 3.0 | <- | 27.00 |  | <- | <- | <- | 
| ^ | D587 |  | 9.50 | <- | 49.50 |  | <- | <- | <- | 
| ^ |  |  | 51.00 | <- | 227.00 |  | <- | <- | <- | 
| 总计工时 | 227.00 | <- | 经理签字： | <- | <- |  | <- | <- | <- | 


## 工作表: Sheet1

| A | B | C | D | E | F | 
|  --- | --- | --- | --- | --- | --- |
|  |  |  | 一年调整一次，请勿随意删除 | <- | <- | 
|  |  |  | 2025 | <- | <- | 
| 年 | 月 |  | 节假日 | 调休加班日 |  | 
| 1905-07-17 | 4 |  | 45658 | 45683 |  | 
|  |  |  | 45685 | 45696 |  | 
|  |  |  | 45686 | 45774 |  | 
|  |  |  | 45687 | 45928 |  | 
|  |  |  | 45688 | 45941 |  | 
|  |  |  | 45689 |  |  | 
|  |  |  | 45690 |  |  | 
|  |  |  | 45691 |  |  | 
|  |  |  | 45692 |  |  | 
|  |  |  | 45751 |  |  | 
|  |  |  | 45752 |  |  | 
|  |  |  | 45753 |  |  | 
|  |  |  | 45778 |  |  | 
|  |  |  | 45779 |  |  | 
|  |  |  | 45780 |  |  | 
|  |  |  | 45781 |  |  | 
|  |  |  | 45782 |  |  | 
|  |  |  | 45808 |  |  | 
|  |  |  | 45809 |  |  | 
|  |  |  | 45810 |  |  | 
|  |  |  | 45931 |  |  | 
|  |  |  | 45932 |  |  | 
|  |  |  | 45933 |  |  | 
|  |  |  | 45934 |  |  | 
|  |  |  | 45935 |  |  | 
|  |  |  | 45936 |  |  | 
|  |  |  | 45937 |  |  | 
|  |  |  | 45938 |  |  | 



2025-05-20 10:53:36,957 - INFO - 从表格文本中，提取员工姓名和公司名称...
2025-05-20 10:53:36,957 - INFO - 发送请求到模型API...
2025-05-20 10:53:36,959 - INFO - system_prompt：
你是一个专业的表格信息提取助手。用户会提供给你一份Excel工时表，已转换为Markdown格式。你需要提取出表格包含的员工姓名`employee_name`和公司名称`company_name`。以JSON格式输出结果，包含`employee_name`和`company_name`两个字段。如果无法提取到员工姓名和公司名称，请返回空字符串。

markdown格式的表格中合并单元格表示法：
   - "^" 符号表示该单元格与上方单元格合并（纵向合并）
   - "<-" 符号表示该单元格与左侧单元格合并（横向合并）
   - "^<-" 符号表示该单元格同时与上方和左侧单元格合并（纵横合并）

比如：{"employee_name":"张三", "company_name":"XXX公司"}
注意：直接返回结果，不要包含任何解释或说明。

2025-05-20 10:53:36,959 - INFO - user_prompt：## 工作表: 于浩鑫

| A | B | C | D | E | F | G | H | I | J | 
|  --- | --- | --- | --- | --- | --- | --- | --- | --- | --- |
| 重庆延锋安道拓 | <- | 上海睿励信息技术有限公司 工时记录表 | <- | <- | <- | <- | <- | <- | <- | 
| ^ | ^<- | 供应商 |  | <- | <- | <- | <- | <- | <- | 
| 工程师 | 于浩鑫 | <- | 负责人 | 张何东 | 电话 | 15923471463 | <- | <- | <- | 
| 日期 | 项目名称 | 开始工作时间 | 工作结束时间 | 加班时间 | 总工作时间 | 备注 | <- | <- | <- | 
| 2025-04-01 | M70 | 08:00:00 | 17:30:00 | 1.00 | 9.00 | 报价 | <- | <- | <- | 
| 2025-04-02 | M70 | 08:00:00 | 18:00:00 | 1.50 | 9.50 | 报价 | <- | <- | <- | 
| 2025-04-03 | M70 | 08:00:00 | 17:00:00 | 0.50 | 8.50 | 报价 | <- | <- | <- | 
| 2025-04-04 |  |  |  |  |  |  | <- | <- | <- | 
| 2025-04-05 |  |  |  |  |  |  | <- | <- | <- | 
| 2025-04-06 |  |  |  |  |  |  | <- | <- | <- | 
| 2025-04-07 | D21 | 08:00:00 | 17:30:00 | 1.00 | 9.00 | 图纸，数据 | <- | <- | <- | 
| 2025-04-08 | D21 | 08:00:00 | 18:30:00 | 2.00 | 10.00 | 图纸，数据 | <- | <- | <- | 
| 2025-04-09 | D21 | 08:00:00 | 18:00:00 | 1.50 | 9.50 | 图纸，数据 | <- | <- | <- | 
| 2025-04-10 | D587 | 08:00:00 | 18:00:00 | 1.50 | 9.50 | 报价 | <- | <- | <- | 
| 2025-04-11 | D587 | 08:00:00 | 16:30:00 | 0.00 | 8.00 | 报价 | <- | <- | <- | 
| 2025-04-12 |  |  |  |  |  |  | <- | <- | <- | 
| 2025-04-13 |  |  |  |  |  |  | <- | <- | <- | 
| 2025-04-14 | D21 | 08:00:00 | 20:30:00 | 4.00 | 12.00 | 图纸，数据 | <- | <- | <- | 
| 2025-04-15 | D587 | 08:00:00 | 18:00:00 | 1.50 | 9.50 | 报价 | <- | <- | <- | 
| 2025-04-16 | D587 | 08:00:00 | 18:30:00 | 2.00 | 10.00 | 报价 | <- | <- | <- | 
| 2025-04-17 | D21 | 08:00:00 | 18:30:00 | 2.00 | 10.00 | 图纸，数据 | <- | <- | <- | 
| 2025-04-18 | D21 | 08:00:00 | 16:30:00 | 0.00 | 8.00 | 图纸，数据 | <- | <- | <- | 
| 2025-04-19 |  |  |  |  |  |  | <- | <- | <- | 
| 2025-04-20 |  |  |  |  |  |  | <- | <- | <- | 
| 2025-04-21 | D21 | 08:00:00 | 21:00:00 | 4.50 | 12.50 | 图纸，数据 | <- | <- | <- | 
| 2025-04-22 | D21 | 08:00:00 | 19:00:00 | 2.50 | 10.50 | 图纸，数据 | <- | <- | <- | 
| 2025-04-23 | D587 | 08:00:00 | 21:00:00 | 4.50 | 12.50 | 报价 | <- | <- | <- | 
| 2025-04-24 | D21 | 08:00:00 | 20:00:00 | 3.50 | 11.50 | 图纸，数据 | <- | <- | <- | 
| 2025-04-25 | D21 | 08:00:00 | 22:30:00 | 6.00 | 14.00 | 图纸，数据 | <- | <- | <- | 
| 2025-04-26 |  |  |  |  |  |  | <- | <- | <- | 
| 2025-04-27 | D21 | 08:00:00 | 22:00:00 | 5.50 | 13.50 | 图纸，数据 | <- | <- | <- | 
| 2025-04-28 | D21 | 08:00:00 | 18:00:00 | 1.50 | 9.50 | 图纸，数据 | <- | <- | <- | 
| 2025-04-29 | D21 | 08:00:00 | 20:00:00 | 3.50 | 11.50 | 图纸，数据 | <- | <- | <- | 
| 2025-04-30 | D21 | 08:00:00 | 17:30:00 | 1.00 | 9.00 | 图纸，数据 | <- | <- | <- | 
| 工时统计 | 项目名称 | 项目编号 | 加班 | <- | 工时 | 项目工程师签字 | <- | <- | <- | 
| ^ | D21 |  | 38.50 | <- | 150.50 |  | <- | <- | <- | 
| ^ | M70 |  | 3.0 | <- | 27.00 |  | <- | <- | <- | 
| ^ | D587 |  | 9.50 | <- | 49.50 |  | <- | <- | <- | 
| ^ |  |  | 51.00 | <- | 227.00 |  | <- | <- | <- | 
| 总计工时 | 227.00 | <- | 经理签字： | <- | <- |  | <- | <- | <- | 


## 工作表: Sheet1

| A | B | C | D | E | F | 
|  --- | --- | --- | --- | --- | --- |
|  |  |  | 一年调整一次，请勿随意删除 | <- | <- | 
|  |  |  | 2025 | <- | <- | 
| 年 | 月 |  | 节假日 | 调休加班日 |  | 
| 1905-07-17 | 4 |  | 45658 | 45683 |  | 
|  |  |  | 45685 | 45696 |  | 
|  |  |  | 45686 | 45774 |  | 
|  |  |  | 45687 | 45928 |  | 
|  |  |  | 45688 | 45941 |  | 
|  |  |  | 45689 |  |  | 
|  |  |  | 45690 |  |  | 
|  |  |  | 45691 |  |  | 
|  |  |  | 45692 |  |  | 
|  |  |  | 45751 |  |  | 
|  |  |  | 45752 |  |  | 
|  |  |  | 45753 |  |  | 
|  |  |  | 45778 |  |  | 
|  |  |  | 45779 |  |  | 
|  |  |  | 45780 |  |  | 
|  |  |  | 45781 |  |  | 
|  |  |  | 45782 |  |  | 
|  |  |  | 45808 |  |  | 
|  |  |  | 45809 |  |  | 
|  |  |  | 45810 |  |  | 
|  |  |  | 45931 |  |  | 
|  |  |  | 45932 |  |  | 
|  |  |  | 45933 |  |  | 
|  |  |  | 45934 |  |  | 
|  |  |  | 45935 |  |  | 
|  |  |  | 45936 |  |  | 
|  |  |  | 45937 |  |  | 
|  |  |  | 45938 |  |  | 



2025-05-20 10:53:38,933 - INFO - 请求成功，状态码: 200
2025-05-20 10:53:38,935 - INFO - 模型返回：{"employee_name":"于浩鑫", "company_name":"重庆延锋安道拓"}

2025-05-20 10:53:38,935 - INFO - 解析模型返回：
 - 员工姓名：于浩鑫,  - 公司名称：重庆延锋安道拓
2025-05-20 10:53:38,936 - INFO - 

从表格文本中，提取汇总数据...
2025-05-20 10:53:38,936 - INFO - 发送请求到模型API...
2025-05-20 10:53:38,936 - INFO - system_prompt：
你是一个专业的工时数据提取助手。用户会提供给你一份Excel工时表，已转换为Markdown格式。你需要提取出表格中的按照项目做统计的工时汇总数据。将提取结果以JSON格式输出。以项目名称作为key为项目名称，value为包含加班和工时的字典。

markdown格式的表格中合并单元格表示法：
   - "^" 符号表示该单元格与上方单元格合并（纵向合并）
   - "<-" 符号表示该单元格与左侧单元格合并（横向合并）
   - "^<-" 符号表示该单元格同时与上方和左侧单元格合并（纵横合并）

你可以按照以下步骤进行分析：
1. 首先，定位表格中工时统计汇总数据，通常在表格的下方。
2. 读取工时统计汇总数据，包含项目名称、项目编号、加班、工时等。项目编号可能为空。
3. 整理所有数据，以JSON格式输。key为项目名称，value为包含加班`overtime_hours`和工时`total_hours`的字典。

注意：
1.直接返回结果，不要包含任何解释或说明。
2.输出结果必须严格按照无语法错误的JSON格式输出，不能有任何其他格式。

以JSON格式输出结果，示例输出如下：
示例1：
{"D11":{"overtime_hours":20,"total_hours":120}, "A12":{"overtime_hours":6,"total_hours":14}, "B13":{"overtime_hours":1,"total_hours":10}}
示例2：
{"D11":{"overtime_hours":20,"total_hours":120}, "A12":{"overtime_hours":6,"total_hours":14}}

2025-05-20 10:53:38,939 - INFO - user_prompt：## 工作表: 于浩鑫

| A | B | C | D | E | F | G | H | I | J | 
|  --- | --- | --- | --- | --- | --- | --- | --- | --- | --- |
| 重庆延锋安道拓 | <- | 上海睿励信息技术有限公司 工时记录表 | <- | <- | <- | <- | <- | <- | <- | 
| ^ | ^<- | 供应商 |  | <- | <- | <- | <- | <- | <- | 
| 工程师 | 于浩鑫 | <- | 负责人 | 张何东 | 电话 | 15923471463 | <- | <- | <- | 
| 日期 | 项目名称 | 开始工作时间 | 工作结束时间 | 加班时间 | 总工作时间 | 备注 | <- | <- | <- | 
| 2025-04-01 | M70 | 08:00:00 | 17:30:00 | 1.00 | 9.00 | 报价 | <- | <- | <- | 
| 2025-04-02 | M70 | 08:00:00 | 18:00:00 | 1.50 | 9.50 | 报价 | <- | <- | <- | 
| 2025-04-03 | M70 | 08:00:00 | 17:00:00 | 0.50 | 8.50 | 报价 | <- | <- | <- | 
| 2025-04-04 |  |  |  |  |  |  | <- | <- | <- | 
| 2025-04-05 |  |  |  |  |  |  | <- | <- | <- | 
| 2025-04-06 |  |  |  |  |  |  | <- | <- | <- | 
| 2025-04-07 | D21 | 08:00:00 | 17:30:00 | 1.00 | 9.00 | 图纸，数据 | <- | <- | <- | 
| 2025-04-08 | D21 | 08:00:00 | 18:30:00 | 2.00 | 10.00 | 图纸，数据 | <- | <- | <- | 
| 2025-04-09 | D21 | 08:00:00 | 18:00:00 | 1.50 | 9.50 | 图纸，数据 | <- | <- | <- | 
| 2025-04-10 | D587 | 08:00:00 | 18:00:00 | 1.50 | 9.50 | 报价 | <- | <- | <- | 
| 2025-04-11 | D587 | 08:00:00 | 16:30:00 | 0.00 | 8.00 | 报价 | <- | <- | <- | 
| 2025-04-12 |  |  |  |  |  |  | <- | <- | <- | 
| 2025-04-13 |  |  |  |  |  |  | <- | <- | <- | 
| 2025-04-14 | D21 | 08:00:00 | 20:30:00 | 4.00 | 12.00 | 图纸，数据 | <- | <- | <- | 
| 2025-04-15 | D587 | 08:00:00 | 18:00:00 | 1.50 | 9.50 | 报价 | <- | <- | <- | 
| 2025-04-16 | D587 | 08:00:00 | 18:30:00 | 2.00 | 10.00 | 报价 | <- | <- | <- | 
| 2025-04-17 | D21 | 08:00:00 | 18:30:00 | 2.00 | 10.00 | 图纸，数据 | <- | <- | <- | 
| 2025-04-18 | D21 | 08:00:00 | 16:30:00 | 0.00 | 8.00 | 图纸，数据 | <- | <- | <- | 
| 2025-04-19 |  |  |  |  |  |  | <- | <- | <- | 
| 2025-04-20 |  |  |  |  |  |  | <- | <- | <- | 
| 2025-04-21 | D21 | 08:00:00 | 21:00:00 | 4.50 | 12.50 | 图纸，数据 | <- | <- | <- | 
| 2025-04-22 | D21 | 08:00:00 | 19:00:00 | 2.50 | 10.50 | 图纸，数据 | <- | <- | <- | 
| 2025-04-23 | D587 | 08:00:00 | 21:00:00 | 4.50 | 12.50 | 报价 | <- | <- | <- | 
| 2025-04-24 | D21 | 08:00:00 | 20:00:00 | 3.50 | 11.50 | 图纸，数据 | <- | <- | <- | 
| 2025-04-25 | D21 | 08:00:00 | 22:30:00 | 6.00 | 14.00 | 图纸，数据 | <- | <- | <- | 
| 2025-04-26 |  |  |  |  |  |  | <- | <- | <- | 
| 2025-04-27 | D21 | 08:00:00 | 22:00:00 | 5.50 | 13.50 | 图纸，数据 | <- | <- | <- | 
| 2025-04-28 | D21 | 08:00:00 | 18:00:00 | 1.50 | 9.50 | 图纸，数据 | <- | <- | <- | 
| 2025-04-29 | D21 | 08:00:00 | 20:00:00 | 3.50 | 11.50 | 图纸，数据 | <- | <- | <- | 
| 2025-04-30 | D21 | 08:00:00 | 17:30:00 | 1.00 | 9.00 | 图纸，数据 | <- | <- | <- | 
| 工时统计 | 项目名称 | 项目编号 | 加班 | <- | 工时 | 项目工程师签字 | <- | <- | <- | 
| ^ | D21 |  | 38.50 | <- | 150.50 |  | <- | <- | <- | 
| ^ | M70 |  | 3.0 | <- | 27.00 |  | <- | <- | <- | 
| ^ | D587 |  | 9.50 | <- | 49.50 |  | <- | <- | <- | 
| ^ |  |  | 51.00 | <- | 227.00 |  | <- | <- | <- | 
| 总计工时 | 227.00 | <- | 经理签字： | <- | <- |  | <- | <- | <- | 


## 工作表: Sheet1

| A | B | C | D | E | F | 
|  --- | --- | --- | --- | --- | --- |
|  |  |  | 一年调整一次，请勿随意删除 | <- | <- | 
|  |  |  | 2025 | <- | <- | 
| 年 | 月 |  | 节假日 | 调休加班日 |  | 
| 1905-07-17 | 4 |  | 45658 | 45683 |  | 
|  |  |  | 45685 | 45696 |  | 
|  |  |  | 45686 | 45774 |  | 
|  |  |  | 45687 | 45928 |  | 
|  |  |  | 45688 | 45941 |  | 
|  |  |  | 45689 |  |  | 
|  |  |  | 45690 |  |  | 
|  |  |  | 45691 |  |  | 
|  |  |  | 45692 |  |  | 
|  |  |  | 45751 |  |  | 
|  |  |  | 45752 |  |  | 
|  |  |  | 45753 |  |  | 
|  |  |  | 45778 |  |  | 
|  |  |  | 45779 |  |  | 
|  |  |  | 45780 |  |  | 
|  |  |  | 45781 |  |  | 
|  |  |  | 45782 |  |  | 
|  |  |  | 45808 |  |  | 
|  |  |  | 45809 |  |  | 
|  |  |  | 45810 |  |  | 
|  |  |  | 45931 |  |  | 
|  |  |  | 45932 |  |  | 
|  |  |  | 45933 |  |  | 
|  |  |  | 45934 |  |  | 
|  |  |  | 45935 |  |  | 
|  |  |  | 45936 |  |  | 
|  |  |  | 45937 |  |  | 
|  |  |  | 45938 |  |  | 



2025-05-20 10:53:41,699 - INFO - 请求成功，状态码: 200
2025-05-20 10:53:41,700 - INFO - 模型返回：
{"D21":{"overtime_hours":38.5,"total_hours":150.5},"M70":{"overtime_hours":3,"total_hours":27},"D587":{"overtime_hours":9.5,"total_hours":49.5}}

2025-05-20 10:53:41,701 - INFO - 源数据表中的工时汇总数据：{'D21': {'overtime_hours': 38.5, 'total_hours': 150.5}, 'M70': {'overtime_hours': 3, 'total_hours': 27}, 'D587': {'overtime_hours': 9.5, 'total_hours': 49.5}}
2025-05-20 10:53:41,702 - INFO - 文件处理进度：2 / 10
2025-05-20 10:53:41,702 - INFO - 开始处理工时文件：D:/sotos工作资料/test/5\余平安工时表-重庆安道拓-2025年04月.xlsx
2025-05-20 10:53:41,866 - INFO - Excel表格提取文本：
## 工作表: 余平安

| A | B | C | D | E | F | G | H | I | J | 
|  --- | --- | --- | --- | --- | --- | --- | --- | --- | --- |
| 重庆安道拓 | <- | 上海睿励信息技术有限公司 工时记录表 | <- | <- | <- | <- | <- | <- | <- | 
| ^ | ^<- | 供应商 |  | <- | <- | <- | <- | <- | <- | 
| 工程师 | 余平安 | <- | 负责人 | 刘长森 | 电话 | 15002335164 | <- | <- | <- | 
| 日期 | 项目名称 | 开始工作时间 | 工作结束时间 | 加班时间 | 总工作时间 | 备注 | <- | <- | <- | 
| 2025-04-01 | A66 | 08:30:00 | 20:00:00 | 3.0 | 11.0 | 前排坐垫数据修改 | <- | <- | <- | 
| 2025-04-02 | A66 | 08:00:00 | 19:30:00 | 3.0 | 11.0 | 中排坐垫B面数据 | <- | <- | <- | 
| 2025-04-03 | A66 | 08:00:00 | 19:00:00 | 2.5 | 10.5 | 后排靠背数据 | <- | <- | <- | 
| 2025-04-04 |  |  |  |  |  |  | <- | <- | <- | 
| 2025-04-05 |  |  |  |  |  |  | <- | <- | <- | 
| 2025-04-06 |  |  |  |  |  |  | <- | <- | <- | 
| 2025-04-07 | A66 | 08:30:00 | 20:00:00 | 3.0 | 11.0 | 前排图纸更新 | <- | <- | <- | 
| 2025-04-08 | A66 | 08:30:00 | 20:00:00 | 3.0 | 11.0 | 前排图纸更新 | <- | <- | <- | 
| 2025-04-09 | A66 | 08:30:00 | 20:00:00 | 3.0 | 11.0 | 前排数据上传图纸更新 | <- | <- | <- | 
| 2025-04-10 | A66 | 08:30:00 | 20:30:00 | 3.5 | 11.5 | 后排数据修改图纸更新 | <- | <- | <- | 
| 2025-04-11 | A66 | 08:30:00 | 19:30:00 | 2.5 | 10.5 | 后排数据修改图纸更新 | <- | <- | <- | 
| 2025-04-12 | A66 | 11:00:00 | 15:00:00 | 3.5 | 3.5 | 前排坐垫设计修改 | <- | <- | <- | 
| 2025-04-13 |  |  |  |  |  |  | <- | <- | <- | 
| 2025-04-14 | A66 | 08:30:00 | 20:00:00 | 3.0 | 11.0 | 后排数据修改图纸更新 | <- | <- | <- | 
| 2025-04-15 | A66 | 08:30:00 | 19:30:00 | 2.5 | 10.5 | 后排数据修改图纸更新 | <- | <- | <- | 
| 2025-04-16 | A66 | 08:30:00 | 20:00:00 | 3.0 | 11.0 | 后排数据修改图纸更新 | <- | <- | <- | 
| 2025-04-17 | A66 | 08:30:00 | 21:00:00 | 4.0 | 12.0 | 前排靠背设计修改 | <- | <- | <- | 
| 2025-04-18 | A66 | 08:30:00 | 19:30:00 | 2.5 | 10.5 | 前排靠背设计修改 | <- | <- | <- | 
| 2025-04-19 | A66 | 09:30:00 | 14:30:00 | 4.5 | 4.5 | 前排变更清单 | <- | <- | <- | 
| 2025-04-20 |  |  |  |  |  |  | <- | <- | <- | 
| 2025-04-21 | A66 | 08:30:00 | 20:00:00 | 3.0 | 11.0 | 前排靠背设计修改 | <- | <- | <- | 
| 2025-04-22 | A66 | 08:30:00 | 20:00:00 | 3.0 | 11.0 | 前排靠背设计修改 | <- | <- | <- | 
| 2025-04-23 | A66 | 08:30:00 | 20:00:00 | 3.0 | 11.0 | 前排靠背设计修改 | <- | <- | <- | 
| 2025-04-24 | A66 | 08:30:00 | 20:00:00 | 3.0 | 11.0 | 前排靠背设计修改 | <- | <- | <- | 
| 2025-04-25 | A66 | 08:00:00 | 19:00:00 | 2.5 | 10.5 | 前排靠背设计修改 | <- | <- | <- | 
| 2025-04-26 |  |  |  |  |  |  | <- | <- | <- | 
| 2025-04-27 | A66 | 08:30:00 | 20:00:00 | 3.0 | 11.0 | 前排靠背设计修改 | <- | <- | <- | 
| 2025-04-28 | A66 | 08:30:00 | 20:00:00 | 3.0 | 11.0 | 前排靠背设计修改 | <- | <- | <- | 
| 2025-04-29 | A66 | 08:30:00 | 20:00:00 | 3.0 | 11.0 | 前排靠背设计修改 | <- | <- | <- | 
| 2025-04-30 | A66 | 08:30:00 | 19:00:00 | 2.0 | 10.0 | 前排靠背设计修改 | <- | <- | <- | 
| 2025-05-01 |  |  |  |  |  |  | <- | <- | <- | 
| 工时统计 | 项目名称 | 项目编号 | 加班 | <- | 工时 | 项目工程师签字 | <- | <- | <- | 
| ^ | A66 |  | 72.0 | <- | 248.0 |  | <- | <- | <- | 
| ^ |  |  |  | <- |  |  | <- | <- | <- | 
| ^ |  |  |  | <- |  |  | <- | <- | <- | 
| ^ |  |  |  | <- |  |  | <- | <- | <- | 
| 总计工时 | 248.00 | <- | 经理签字： | <- | <- |  | <- | <- | <- | 


## 工作表: Sheet1

| A | B | C | D | E | F | 
|  --- | --- | --- | --- | --- | --- |
|  |  |  | 一年调整一次，请勿随意删除 | <- | <- | 
|  |  |  | 2025 | <- | <- | 
| 年 | 月 |  | 节假日 | 调休加班日 |  | 
| 1905-07-17 | 4 |  | 45658 | 45683 |  | 
|  |  |  | 45685 | 45696 |  | 
|  |  |  | 45686 | 45774 |  | 
|  |  |  | 45687 | 45928 |  | 
|  |  |  | 45688 | 45941 |  | 
|  |  |  | 45689 |  |  | 
|  |  |  | 45690 |  |  | 
|  |  |  | 45691 |  |  | 
|  |  |  | 45692 |  |  | 
|  |  |  | 45751 |  |  | 
|  |  |  | 45752 |  |  | 
|  |  |  | 45753 |  |  | 
|  |  |  | 45778 |  |  | 
|  |  |  | 45779 |  |  | 
|  |  |  | 45780 |  |  | 
|  |  |  | 45781 |  |  | 
|  |  |  | 45782 |  |  | 
|  |  |  | 45808 |  |  | 
|  |  |  | 45809 |  |  | 
|  |  |  | 45810 |  |  | 
|  |  |  | 45931 |  |  | 
|  |  |  | 45932 |  |  | 
|  |  |  | 45933 |  |  | 
|  |  |  | 45934 |  |  | 
|  |  |  | 45935 |  |  | 
|  |  |  | 45936 |  |  | 
|  |  |  | 45937 |  |  | 
|  |  |  | 45938 |  |  | 



2025-05-20 10:53:41,878 - INFO - 从表格文本中，提取员工姓名和公司名称...
2025-05-20 10:53:41,879 - INFO - 发送请求到模型API...
2025-05-20 10:53:41,879 - INFO - system_prompt：
你是一个专业的表格信息提取助手。用户会提供给你一份Excel工时表，已转换为Markdown格式。你需要提取出表格包含的员工姓名`employee_name`和公司名称`company_name`。以JSON格式输出结果，包含`employee_name`和`company_name`两个字段。如果无法提取到员工姓名和公司名称，请返回空字符串。

markdown格式的表格中合并单元格表示法：
   - "^" 符号表示该单元格与上方单元格合并（纵向合并）
   - "<-" 符号表示该单元格与左侧单元格合并（横向合并）
   - "^<-" 符号表示该单元格同时与上方和左侧单元格合并（纵横合并）

比如：{"employee_name":"张三", "company_name":"XXX公司"}
注意：直接返回结果，不要包含任何解释或说明。

2025-05-20 10:53:41,881 - INFO - user_prompt：## 工作表: 余平安

| A | B | C | D | E | F | G | H | I | J | 
|  --- | --- | --- | --- | --- | --- | --- | --- | --- | --- |
| 重庆安道拓 | <- | 上海睿励信息技术有限公司 工时记录表 | <- | <- | <- | <- | <- | <- | <- | 
| ^ | ^<- | 供应商 |  | <- | <- | <- | <- | <- | <- | 
| 工程师 | 余平安 | <- | 负责人 | 刘长森 | 电话 | 15002335164 | <- | <- | <- | 
| 日期 | 项目名称 | 开始工作时间 | 工作结束时间 | 加班时间 | 总工作时间 | 备注 | <- | <- | <- | 
| 2025-04-01 | A66 | 08:30:00 | 20:00:00 | 3.0 | 11.0 | 前排坐垫数据修改 | <- | <- | <- | 
| 2025-04-02 | A66 | 08:00:00 | 19:30:00 | 3.0 | 11.0 | 中排坐垫B面数据 | <- | <- | <- | 
| 2025-04-03 | A66 | 08:00:00 | 19:00:00 | 2.5 | 10.5 | 后排靠背数据 | <- | <- | <- | 
| 2025-04-04 |  |  |  |  |  |  | <- | <- | <- | 
| 2025-04-05 |  |  |  |  |  |  | <- | <- | <- | 
| 2025-04-06 |  |  |  |  |  |  | <- | <- | <- | 
| 2025-04-07 | A66 | 08:30:00 | 20:00:00 | 3.0 | 11.0 | 前排图纸更新 | <- | <- | <- | 
| 2025-04-08 | A66 | 08:30:00 | 20:00:00 | 3.0 | 11.0 | 前排图纸更新 | <- | <- | <- | 
| 2025-04-09 | A66 | 08:30:00 | 20:00:00 | 3.0 | 11.0 | 前排数据上传图纸更新 | <- | <- | <- | 
| 2025-04-10 | A66 | 08:30:00 | 20:30:00 | 3.5 | 11.5 | 后排数据修改图纸更新 | <- | <- | <- | 
| 2025-04-11 | A66 | 08:30:00 | 19:30:00 | 2.5 | 10.5 | 后排数据修改图纸更新 | <- | <- | <- | 
| 2025-04-12 | A66 | 11:00:00 | 15:00:00 | 3.5 | 3.5 | 前排坐垫设计修改 | <- | <- | <- | 
| 2025-04-13 |  |  |  |  |  |  | <- | <- | <- | 
| 2025-04-14 | A66 | 08:30:00 | 20:00:00 | 3.0 | 11.0 | 后排数据修改图纸更新 | <- | <- | <- | 
| 2025-04-15 | A66 | 08:30:00 | 19:30:00 | 2.5 | 10.5 | 后排数据修改图纸更新 | <- | <- | <- | 
| 2025-04-16 | A66 | 08:30:00 | 20:00:00 | 3.0 | 11.0 | 后排数据修改图纸更新 | <- | <- | <- | 
| 2025-04-17 | A66 | 08:30:00 | 21:00:00 | 4.0 | 12.0 | 前排靠背设计修改 | <- | <- | <- | 
| 2025-04-18 | A66 | 08:30:00 | 19:30:00 | 2.5 | 10.5 | 前排靠背设计修改 | <- | <- | <- | 
| 2025-04-19 | A66 | 09:30:00 | 14:30:00 | 4.5 | 4.5 | 前排变更清单 | <- | <- | <- | 
| 2025-04-20 |  |  |  |  |  |  | <- | <- | <- | 
| 2025-04-21 | A66 | 08:30:00 | 20:00:00 | 3.0 | 11.0 | 前排靠背设计修改 | <- | <- | <- | 
| 2025-04-22 | A66 | 08:30:00 | 20:00:00 | 3.0 | 11.0 | 前排靠背设计修改 | <- | <- | <- | 
| 2025-04-23 | A66 | 08:30:00 | 20:00:00 | 3.0 | 11.0 | 前排靠背设计修改 | <- | <- | <- | 
| 2025-04-24 | A66 | 08:30:00 | 20:00:00 | 3.0 | 11.0 | 前排靠背设计修改 | <- | <- | <- | 
| 2025-04-25 | A66 | 08:00:00 | 19:00:00 | 2.5 | 10.5 | 前排靠背设计修改 | <- | <- | <- | 
| 2025-04-26 |  |  |  |  |  |  | <- | <- | <- | 
| 2025-04-27 | A66 | 08:30:00 | 20:00:00 | 3.0 | 11.0 | 前排靠背设计修改 | <- | <- | <- | 
| 2025-04-28 | A66 | 08:30:00 | 20:00:00 | 3.0 | 11.0 | 前排靠背设计修改 | <- | <- | <- | 
| 2025-04-29 | A66 | 08:30:00 | 20:00:00 | 3.0 | 11.0 | 前排靠背设计修改 | <- | <- | <- | 
| 2025-04-30 | A66 | 08:30:00 | 19:00:00 | 2.0 | 10.0 | 前排靠背设计修改 | <- | <- | <- | 
| 2025-05-01 |  |  |  |  |  |  | <- | <- | <- | 
| 工时统计 | 项目名称 | 项目编号 | 加班 | <- | 工时 | 项目工程师签字 | <- | <- | <- | 
| ^ | A66 |  | 72.0 | <- | 248.0 |  | <- | <- | <- | 
| ^ |  |  |  | <- |  |  | <- | <- | <- | 
| ^ |  |  |  | <- |  |  | <- | <- | <- | 
| ^ |  |  |  | <- |  |  | <- | <- | <- | 
| 总计工时 | 248.00 | <- | 经理签字： | <- | <- |  | <- | <- | <- | 


## 工作表: Sheet1

| A | B | C | D | E | F | 
|  --- | --- | --- | --- | --- | --- |
|  |  |  | 一年调整一次，请勿随意删除 | <- | <- | 
|  |  |  | 2025 | <- | <- | 
| 年 | 月 |  | 节假日 | 调休加班日 |  | 
| 1905-07-17 | 4 |  | 45658 | 45683 |  | 
|  |  |  | 45685 | 45696 |  | 
|  |  |  | 45686 | 45774 |  | 
|  |  |  | 45687 | 45928 |  | 
|  |  |  | 45688 | 45941 |  | 
|  |  |  | 45689 |  |  | 
|  |  |  | 45690 |  |  | 
|  |  |  | 45691 |  |  | 
|  |  |  | 45692 |  |  | 
|  |  |  | 45751 |  |  | 
|  |  |  | 45752 |  |  | 
|  |  |  | 45753 |  |  | 
|  |  |  | 45778 |  |  | 
|  |  |  | 45779 |  |  | 
|  |  |  | 45780 |  |  | 
|  |  |  | 45781 |  |  | 
|  |  |  | 45782 |  |  | 
|  |  |  | 45808 |  |  | 
|  |  |  | 45809 |  |  | 
|  |  |  | 45810 |  |  | 
|  |  |  | 45931 |  |  | 
|  |  |  | 45932 |  |  | 
|  |  |  | 45933 |  |  | 
|  |  |  | 45934 |  |  | 
|  |  |  | 45935 |  |  | 
|  |  |  | 45936 |  |  | 
|  |  |  | 45937 |  |  | 
|  |  |  | 45938 |  |  | 



2025-05-20 10:53:43,643 - INFO - 请求成功，状态码: 200
2025-05-20 10:53:43,644 - INFO - 模型返回：{"employee_name":"余平安", "company_name":"重庆安道拓"}

2025-05-20 10:53:43,645 - INFO - 解析模型返回：
 - 员工姓名：余平安,  - 公司名称：重庆安道拓
2025-05-20 10:53:43,645 - INFO - 

从表格文本中，提取汇总数据...
2025-05-20 10:53:43,646 - INFO - 发送请求到模型API...
2025-05-20 10:53:43,646 - INFO - system_prompt：
你是一个专业的工时数据提取助手。用户会提供给你一份Excel工时表，已转换为Markdown格式。你需要提取出表格中的按照项目做统计的工时汇总数据。将提取结果以JSON格式输出。以项目名称作为key为项目名称，value为包含加班和工时的字典。

markdown格式的表格中合并单元格表示法：
   - "^" 符号表示该单元格与上方单元格合并（纵向合并）
   - "<-" 符号表示该单元格与左侧单元格合并（横向合并）
   - "^<-" 符号表示该单元格同时与上方和左侧单元格合并（纵横合并）

你可以按照以下步骤进行分析：
1. 首先，定位表格中工时统计汇总数据，通常在表格的下方。
2. 读取工时统计汇总数据，包含项目名称、项目编号、加班、工时等。项目编号可能为空。
3. 整理所有数据，以JSON格式输。key为项目名称，value为包含加班`overtime_hours`和工时`total_hours`的字典。

注意：
1.直接返回结果，不要包含任何解释或说明。
2.输出结果必须严格按照无语法错误的JSON格式输出，不能有任何其他格式。

以JSON格式输出结果，示例输出如下：
示例1：
{"D11":{"overtime_hours":20,"total_hours":120}, "A12":{"overtime_hours":6,"total_hours":14}, "B13":{"overtime_hours":1,"total_hours":10}}
示例2：
{"D11":{"overtime_hours":20,"total_hours":120}, "A12":{"overtime_hours":6,"total_hours":14}}

2025-05-20 10:53:43,648 - INFO - user_prompt：## 工作表: 余平安

| A | B | C | D | E | F | G | H | I | J | 
|  --- | --- | --- | --- | --- | --- | --- | --- | --- | --- |
| 重庆安道拓 | <- | 上海睿励信息技术有限公司 工时记录表 | <- | <- | <- | <- | <- | <- | <- | 
| ^ | ^<- | 供应商 |  | <- | <- | <- | <- | <- | <- | 
| 工程师 | 余平安 | <- | 负责人 | 刘长森 | 电话 | 15002335164 | <- | <- | <- | 
| 日期 | 项目名称 | 开始工作时间 | 工作结束时间 | 加班时间 | 总工作时间 | 备注 | <- | <- | <- | 
| 2025-04-01 | A66 | 08:30:00 | 20:00:00 | 3.0 | 11.0 | 前排坐垫数据修改 | <- | <- | <- | 
| 2025-04-02 | A66 | 08:00:00 | 19:30:00 | 3.0 | 11.0 | 中排坐垫B面数据 | <- | <- | <- | 
| 2025-04-03 | A66 | 08:00:00 | 19:00:00 | 2.5 | 10.5 | 后排靠背数据 | <- | <- | <- | 
| 2025-04-04 |  |  |  |  |  |  | <- | <- | <- | 
| 2025-04-05 |  |  |  |  |  |  | <- | <- | <- | 
| 2025-04-06 |  |  |  |  |  |  | <- | <- | <- | 
| 2025-04-07 | A66 | 08:30:00 | 20:00:00 | 3.0 | 11.0 | 前排图纸更新 | <- | <- | <- | 
| 2025-04-08 | A66 | 08:30:00 | 20:00:00 | 3.0 | 11.0 | 前排图纸更新 | <- | <- | <- | 
| 2025-04-09 | A66 | 08:30:00 | 20:00:00 | 3.0 | 11.0 | 前排数据上传图纸更新 | <- | <- | <- | 
| 2025-04-10 | A66 | 08:30:00 | 20:30:00 | 3.5 | 11.5 | 后排数据修改图纸更新 | <- | <- | <- | 
| 2025-04-11 | A66 | 08:30:00 | 19:30:00 | 2.5 | 10.5 | 后排数据修改图纸更新 | <- | <- | <- | 
| 2025-04-12 | A66 | 11:00:00 | 15:00:00 | 3.5 | 3.5 | 前排坐垫设计修改 | <- | <- | <- | 
| 2025-04-13 |  |  |  |  |  |  | <- | <- | <- | 
| 2025-04-14 | A66 | 08:30:00 | 20:00:00 | 3.0 | 11.0 | 后排数据修改图纸更新 | <- | <- | <- | 
| 2025-04-15 | A66 | 08:30:00 | 19:30:00 | 2.5 | 10.5 | 后排数据修改图纸更新 | <- | <- | <- | 
| 2025-04-16 | A66 | 08:30:00 | 20:00:00 | 3.0 | 11.0 | 后排数据修改图纸更新 | <- | <- | <- | 
| 2025-04-17 | A66 | 08:30:00 | 21:00:00 | 4.0 | 12.0 | 前排靠背设计修改 | <- | <- | <- | 
| 2025-04-18 | A66 | 08:30:00 | 19:30:00 | 2.5 | 10.5 | 前排靠背设计修改 | <- | <- | <- | 
| 2025-04-19 | A66 | 09:30:00 | 14:30:00 | 4.5 | 4.5 | 前排变更清单 | <- | <- | <- | 
| 2025-04-20 |  |  |  |  |  |  | <- | <- | <- | 
| 2025-04-21 | A66 | 08:30:00 | 20:00:00 | 3.0 | 11.0 | 前排靠背设计修改 | <- | <- | <- | 
| 2025-04-22 | A66 | 08:30:00 | 20:00:00 | 3.0 | 11.0 | 前排靠背设计修改 | <- | <- | <- | 
| 2025-04-23 | A66 | 08:30:00 | 20:00:00 | 3.0 | 11.0 | 前排靠背设计修改 | <- | <- | <- | 
| 2025-04-24 | A66 | 08:30:00 | 20:00:00 | 3.0 | 11.0 | 前排靠背设计修改 | <- | <- | <- | 
| 2025-04-25 | A66 | 08:00:00 | 19:00:00 | 2.5 | 10.5 | 前排靠背设计修改 | <- | <- | <- | 
| 2025-04-26 |  |  |  |  |  |  | <- | <- | <- | 
| 2025-04-27 | A66 | 08:30:00 | 20:00:00 | 3.0 | 11.0 | 前排靠背设计修改 | <- | <- | <- | 
| 2025-04-28 | A66 | 08:30:00 | 20:00:00 | 3.0 | 11.0 | 前排靠背设计修改 | <- | <- | <- | 
| 2025-04-29 | A66 | 08:30:00 | 20:00:00 | 3.0 | 11.0 | 前排靠背设计修改 | <- | <- | <- | 
| 2025-04-30 | A66 | 08:30:00 | 19:00:00 | 2.0 | 10.0 | 前排靠背设计修改 | <- | <- | <- | 
| 2025-05-01 |  |  |  |  |  |  | <- | <- | <- | 
| 工时统计 | 项目名称 | 项目编号 | 加班 | <- | 工时 | 项目工程师签字 | <- | <- | <- | 
| ^ | A66 |  | 72.0 | <- | 248.0 |  | <- | <- | <- | 
| ^ |  |  |  | <- |  |  | <- | <- | <- | 
| ^ |  |  |  | <- |  |  | <- | <- | <- | 
| ^ |  |  |  | <- |  |  | <- | <- | <- | 
| 总计工时 | 248.00 | <- | 经理签字： | <- | <- |  | <- | <- | <- | 


## 工作表: Sheet1

| A | B | C | D | E | F | 
|  --- | --- | --- | --- | --- | --- |
|  |  |  | 一年调整一次，请勿随意删除 | <- | <- | 
|  |  |  | 2025 | <- | <- | 
| 年 | 月 |  | 节假日 | 调休加班日 |  | 
| 1905-07-17 | 4 |  | 45658 | 45683 |  | 
|  |  |  | 45685 | 45696 |  | 
|  |  |  | 45686 | 45774 |  | 
|  |  |  | 45687 | 45928 |  | 
|  |  |  | 45688 | 45941 |  | 
|  |  |  | 45689 |  |  | 
|  |  |  | 45690 |  |  | 
|  |  |  | 45691 |  |  | 
|  |  |  | 45692 |  |  | 
|  |  |  | 45751 |  |  | 
|  |  |  | 45752 |  |  | 
|  |  |  | 45753 |  |  | 
|  |  |  | 45778 |  |  | 
|  |  |  | 45779 |  |  | 
|  |  |  | 45780 |  |  | 
|  |  |  | 45781 |  |  | 
|  |  |  | 45782 |  |  | 
|  |  |  | 45808 |  |  | 
|  |  |  | 45809 |  |  | 
|  |  |  | 45810 |  |  | 
|  |  |  | 45931 |  |  | 
|  |  |  | 45932 |  |  | 
|  |  |  | 45933 |  |  | 
|  |  |  | 45934 |  |  | 
|  |  |  | 45935 |  |  | 
|  |  |  | 45936 |  |  | 
|  |  |  | 45937 |  |  | 
|  |  |  | 45938 |  |  | 



2025-05-20 10:53:45,786 - INFO - 请求成功，状态码: 200
2025-05-20 10:53:45,787 - INFO - 模型返回：
{"A66":{"overtime_hours":72,"total_hours":248}}

2025-05-20 10:53:45,787 - INFO - 源数据表中的工时汇总数据：{'A66': {'overtime_hours': 72, 'total_hours': 248}}
2025-05-20 10:53:45,788 - INFO - 文件处理进度：3 / 10
2025-05-20 10:53:45,788 - INFO - 开始处理工时文件：D:/sotos工作资料/test/5\叶自川工时表-重庆安道拓-2025年04月.xlsx
2025-05-20 10:53:45,939 - INFO - Excel表格提取文本：
## 工作表: 叶自川

| A | B | C | D | E | F | G | H | I | J | 
|  --- | --- | --- | --- | --- | --- | --- | --- | --- | --- |
| 重庆延锋安道拓 | <- | 上海睿励信息技术有限公司 工时记录表 | <- | <- | <- | <- | <- | <- | <- | 
| ^ | ^<- | 供应商 |  | <- | <- | <- | <- | <- | <- | 
| 工程师 | 叶自川 | <- | 负责人 | 杨华梅 | 电话 | 18580050374 | <- | <- | <- | 
| 日期 | 项目名称 | 开始工作时间 | 工作结束时间 | 加班时间 | 总工作时间 | 备注 | <- | <- | <- | 
| 2025-04-01 | U625C | 09:00:00 | 20:30:00 | 3.0 | 11.0 | 更新PLM设变资料 | <- | <- | <- | 
| 2025-04-02 | Blanc | 09:00:00 | 19:00:00 | 1.5 | 9.5 | 拆耐久实验后座椅，查看座椅样件状态 | <- | <- | <- | 
| 2025-04-03 | Blanc | 09:00:00 | 17:30:00 | 0.0 | 8.0 | 拆耐久实验后座椅，编辑座椅实验后1的线束状态说明PPT文件 | <- | <- | <- | 
| 2025-04-04 |  |  |  |  |  | 清明节 | <- | <- | <- | 
| 2025-04-05 |  |  |  |  |  | 周六 | <- | <- | <- | 
| 2025-04-06 |  |  |  |  |  | 周日 | <- | <- | <- | 
| 2025-04-07 | Blanc | 09:00:00 | 22:00:00 | 4.5 | 12.5 | 在样件室差两把座椅的buckle寄给客户，更换扶手转轴核心件，整理塑料件供应商毅联的整椅图纸 | <- | <- | <- | 
| 2025-04-08 | Blanc | 09:00:00 | 20:00:00 | 2.5 | 10.5 | 上传PLM数据，搭整椅数据 | <- | <- | <- | 
| 2025-04-09 | Blanc | 09:00:00 | 19:00:00 | 1.5 | 9.5 | 上传PLM数据，搭整椅数据 | <- | <- | <- | 
| 2025-04-10 | Blanc | 09:00:00 | 21:30:00 | 4.0 | 12.0 | 拆装座椅，更换主副驾线束 | <- | <- | <- | 
| 2025-04-11 | Blanc | 09:00:00 | 19:00:00 | 1.5 | 9.5 | 前排座椅打包：纏繞錫紙和保險膜（座椅做VOC實驗） | <- | <- | <- | 
| 2025-04-12 | Blanc |  |  |  |  | 周六 | <- | <- | <- | 
| 2025-04-13 | Blanc |  |  |  |  | 周日 | <- | <- | <- | 
| 2025-04-14 | Blanc | 09:00:00 | 19:00:00 | 1.5 | 9.5 | 裁毛氈布（50*60）、測前排背板的地圖袋拉伸扭力 | <- | <- | <- | 
| 2025-04-15 | Blanc | 09:00:00 | 20:00:00 | 2.5 | 10.5 | 更新PLM整椅数据 | <- | <- | <- | 
| 2025-04-16 | Blanc | 09:00:00 | 21:00:00 | 3.5 | 11.5 | 拆座椅靠背 | <- | <- | <- | 
| 2025-04-17 | Blanc | 09:00:00 | 20:00:00 | 2.5 | 10.5 | 下载中排图纸 | <- | <- | <- | 
| 2025-04-18 | Blanc | 09:00:00 | 18:30:00 | 1.0 | 9.0 | 下载图纸，前排座椅打包：纏繞錫紙和保險膜（座椅做VOC實驗） | <- | <- | <- | 
| 2025-04-19 | Blanc |  |  |  |  | 周六 | <- | <- | <- | 
| 2025-04-20 | Blanc |  |  |  |  | 周日 | <- | <- | <- | 
| 2025-04-21 | Blanc | 09:00:00 | 21:00:00 | 3.5 | 11.5 | 更新PLM整椅数据 | <- | <- | <- | 
| 2025-04-22 | Blanc | 09:00:00 | 19:30:00 | 2.0 | 10.0 | 更新PLM整椅数据 | <- | <- | <- | 
| 2025-04-23 | Blanc | 09:00:00 | 20:00:00 | 2.5 | 10.5 | 下载后排图纸 | <- | <- | <- | 
| 2025-04-24 | Blanc | 09:00:00 | 20:30:00 | 3.0 | 11.0 | 更新前排整椅图纸 | <- | <- | <- | 
| 2025-04-25 | Blanc | 09:00:00 | 19:00:00 | 1.5 | 9.5 | 更新中排排整椅图纸 | <- | <- | <- | 
| 2025-04-26 | Blanc |  |  |  |  |  | <- | <- | <- | 
| 2025-04-27 | Blanc | 09:00:00 | 19:00:00 | 1.5 | 9.5 | 更新后排整椅图纸 | <- | <- | <- | 
| 2025-04-28 | Blanc | 09:00:00 | 21:30:00 | 4.0 | 12.0 | 拆3把主驾座椅靠背(气囊点爆实验)、3把副驾背板 | <- | <- | <- | 
| 2025-04-29 | Blanc | 09:00:00 | 21:00:00 | 3.5 | 11.5 | 拆整椅，装座椅 | <- | <- | <- | 
| 2025-04-30 | Blanc | 09:00:00 | 18:00:00 | 0.5 | 8.5 | 出前排整椅图纸 | <- | <- | <- | 
| 工时统计 | 项目名称 | 项目编号 | 加班 | <- | 工时 | 项目工程师签字 | <- | <- | <- | 
| ^ | Blanc |  | 48.5 | <- | 216.5 |  | <- | <- | <- | 
| ^ | U625C |  | 3 | <- | 11 |  | <- | <- | <- | 
| ^ |  |  |  | <- |  |  | <- | <- | <- | 
| ^ |  |  |  | <- |  |  | <- | <- | <- | 
| 总计工时 | 227.50 | <- | 经理签字： | <- | <- |  | <- | <- | <- | 


## 工作表: Sheet1

| A | B | C | D | E | F | 
|  --- | --- | --- | --- | --- | --- |
|  |  |  | 一年调整一次，请勿随意删除 | <- | <- | 
|  |  |  | 2025 | <- | <- | 
| 年 | 月 |  | 节假日 | 调休加班日 |  | 
| 1905-07-17 | 4 |  | 45658 | 45683 |  | 
|  |  |  | 45685 | 45696 |  | 
|  |  |  | 45686 | 45774 |  | 
|  |  |  | 45687 | 45928 |  | 
|  |  |  | 45688 | 45941 |  | 
|  |  |  | 45689 |  |  | 
|  |  |  | 45690 |  |  | 
|  |  |  | 45691 |  |  | 
|  |  |  | 45692 |  |  | 
|  |  |  | 45751 |  |  | 
|  |  |  | 45752 |  |  | 
|  |  |  | 45753 |  |  | 
|  |  |  | 45778 |  |  | 
|  |  |  | 45779 |  |  | 
|  |  |  | 45780 |  |  | 
|  |  |  | 45781 |  |  | 
|  |  |  | 45782 |  |  | 
|  |  |  | 45808 |  |  | 
|  |  |  | 45809 |  |  | 
|  |  |  | 45810 |  |  | 
|  |  |  | 45931 |  |  | 
|  |  |  | 45932 |  |  | 
|  |  |  | 45933 |  |  | 
|  |  |  | 45934 |  |  | 
|  |  |  | 45935 |  |  | 
|  |  |  | 45936 |  |  | 
|  |  |  | 45937 |  |  | 
|  |  |  | 45938 |  |  | 



2025-05-20 10:53:45,949 - INFO - 从表格文本中，提取员工姓名和公司名称...
2025-05-20 10:53:45,949 - INFO - 发送请求到模型API...
2025-05-20 10:53:45,949 - INFO - system_prompt：
你是一个专业的表格信息提取助手。用户会提供给你一份Excel工时表，已转换为Markdown格式。你需要提取出表格包含的员工姓名`employee_name`和公司名称`company_name`。以JSON格式输出结果，包含`employee_name`和`company_name`两个字段。如果无法提取到员工姓名和公司名称，请返回空字符串。

markdown格式的表格中合并单元格表示法：
   - "^" 符号表示该单元格与上方单元格合并（纵向合并）
   - "<-" 符号表示该单元格与左侧单元格合并（横向合并）
   - "^<-" 符号表示该单元格同时与上方和左侧单元格合并（纵横合并）

比如：{"employee_name":"张三", "company_name":"XXX公司"}
注意：直接返回结果，不要包含任何解释或说明。

2025-05-20 10:53:45,951 - INFO - user_prompt：## 工作表: 叶自川

| A | B | C | D | E | F | G | H | I | J | 
|  --- | --- | --- | --- | --- | --- | --- | --- | --- | --- |
| 重庆延锋安道拓 | <- | 上海睿励信息技术有限公司 工时记录表 | <- | <- | <- | <- | <- | <- | <- | 
| ^ | ^<- | 供应商 |  | <- | <- | <- | <- | <- | <- | 
| 工程师 | 叶自川 | <- | 负责人 | 杨华梅 | 电话 | 18580050374 | <- | <- | <- | 
| 日期 | 项目名称 | 开始工作时间 | 工作结束时间 | 加班时间 | 总工作时间 | 备注 | <- | <- | <- | 
| 2025-04-01 | U625C | 09:00:00 | 20:30:00 | 3.0 | 11.0 | 更新PLM设变资料 | <- | <- | <- | 
| 2025-04-02 | Blanc | 09:00:00 | 19:00:00 | 1.5 | 9.5 | 拆耐久实验后座椅，查看座椅样件状态 | <- | <- | <- | 
| 2025-04-03 | Blanc | 09:00:00 | 17:30:00 | 0.0 | 8.0 | 拆耐久实验后座椅，编辑座椅实验后1的线束状态说明PPT文件 | <- | <- | <- | 
| 2025-04-04 |  |  |  |  |  | 清明节 | <- | <- | <- | 
| 2025-04-05 |  |  |  |  |  | 周六 | <- | <- | <- | 
| 2025-04-06 |  |  |  |  |  | 周日 | <- | <- | <- | 
| 2025-04-07 | Blanc | 09:00:00 | 22:00:00 | 4.5 | 12.5 | 在样件室差两把座椅的buckle寄给客户，更换扶手转轴核心件，整理塑料件供应商毅联的整椅图纸 | <- | <- | <- | 
| 2025-04-08 | Blanc | 09:00:00 | 20:00:00 | 2.5 | 10.5 | 上传PLM数据，搭整椅数据 | <- | <- | <- | 
| 2025-04-09 | Blanc | 09:00:00 | 19:00:00 | 1.5 | 9.5 | 上传PLM数据，搭整椅数据 | <- | <- | <- | 
| 2025-04-10 | Blanc | 09:00:00 | 21:30:00 | 4.0 | 12.0 | 拆装座椅，更换主副驾线束 | <- | <- | <- | 
| 2025-04-11 | Blanc | 09:00:00 | 19:00:00 | 1.5 | 9.5 | 前排座椅打包：纏繞錫紙和保險膜（座椅做VOC實驗） | <- | <- | <- | 
| 2025-04-12 | Blanc |  |  |  |  | 周六 | <- | <- | <- | 
| 2025-04-13 | Blanc |  |  |  |  | 周日 | <- | <- | <- | 
| 2025-04-14 | Blanc | 09:00:00 | 19:00:00 | 1.5 | 9.5 | 裁毛氈布（50*60）、測前排背板的地圖袋拉伸扭力 | <- | <- | <- | 
| 2025-04-15 | Blanc | 09:00:00 | 20:00:00 | 2.5 | 10.5 | 更新PLM整椅数据 | <- | <- | <- | 
| 2025-04-16 | Blanc | 09:00:00 | 21:00:00 | 3.5 | 11.5 | 拆座椅靠背 | <- | <- | <- | 
| 2025-04-17 | Blanc | 09:00:00 | 20:00:00 | 2.5 | 10.5 | 下载中排图纸 | <- | <- | <- | 
| 2025-04-18 | Blanc | 09:00:00 | 18:30:00 | 1.0 | 9.0 | 下载图纸，前排座椅打包：纏繞錫紙和保險膜（座椅做VOC實驗） | <- | <- | <- | 
| 2025-04-19 | Blanc |  |  |  |  | 周六 | <- | <- | <- | 
| 2025-04-20 | Blanc |  |  |  |  | 周日 | <- | <- | <- | 
| 2025-04-21 | Blanc | 09:00:00 | 21:00:00 | 3.5 | 11.5 | 更新PLM整椅数据 | <- | <- | <- | 
| 2025-04-22 | Blanc | 09:00:00 | 19:30:00 | 2.0 | 10.0 | 更新PLM整椅数据 | <- | <- | <- | 
| 2025-04-23 | Blanc | 09:00:00 | 20:00:00 | 2.5 | 10.5 | 下载后排图纸 | <- | <- | <- | 
| 2025-04-24 | Blanc | 09:00:00 | 20:30:00 | 3.0 | 11.0 | 更新前排整椅图纸 | <- | <- | <- | 
| 2025-04-25 | Blanc | 09:00:00 | 19:00:00 | 1.5 | 9.5 | 更新中排排整椅图纸 | <- | <- | <- | 
| 2025-04-26 | Blanc |  |  |  |  |  | <- | <- | <- | 
| 2025-04-27 | Blanc | 09:00:00 | 19:00:00 | 1.5 | 9.5 | 更新后排整椅图纸 | <- | <- | <- | 
| 2025-04-28 | Blanc | 09:00:00 | 21:30:00 | 4.0 | 12.0 | 拆3把主驾座椅靠背(气囊点爆实验)、3把副驾背板 | <- | <- | <- | 
| 2025-04-29 | Blanc | 09:00:00 | 21:00:00 | 3.5 | 11.5 | 拆整椅，装座椅 | <- | <- | <- | 
| 2025-04-30 | Blanc | 09:00:00 | 18:00:00 | 0.5 | 8.5 | 出前排整椅图纸 | <- | <- | <- | 
| 工时统计 | 项目名称 | 项目编号 | 加班 | <- | 工时 | 项目工程师签字 | <- | <- | <- | 
| ^ | Blanc |  | 48.5 | <- | 216.5 |  | <- | <- | <- | 
| ^ | U625C |  | 3 | <- | 11 |  | <- | <- | <- | 
| ^ |  |  |  | <- |  |  | <- | <- | <- | 
| ^ |  |  |  | <- |  |  | <- | <- | <- | 
| 总计工时 | 227.50 | <- | 经理签字： | <- | <- |  | <- | <- | <- | 


## 工作表: Sheet1

| A | B | C | D | E | F | 
|  --- | --- | --- | --- | --- | --- |
|  |  |  | 一年调整一次，请勿随意删除 | <- | <- | 
|  |  |  | 2025 | <- | <- | 
| 年 | 月 |  | 节假日 | 调休加班日 |  | 
| 1905-07-17 | 4 |  | 45658 | 45683 |  | 
|  |  |  | 45685 | 45696 |  | 
|  |  |  | 45686 | 45774 |  | 
|  |  |  | 45687 | 45928 |  | 
|  |  |  | 45688 | 45941 |  | 
|  |  |  | 45689 |  |  | 
|  |  |  | 45690 |  |  | 
|  |  |  | 45691 |  |  | 
|  |  |  | 45692 |  |  | 
|  |  |  | 45751 |  |  | 
|  |  |  | 45752 |  |  | 
|  |  |  | 45753 |  |  | 
|  |  |  | 45778 |  |  | 
|  |  |  | 45779 |  |  | 
|  |  |  | 45780 |  |  | 
|  |  |  | 45781 |  |  | 
|  |  |  | 45782 |  |  | 
|  |  |  | 45808 |  |  | 
|  |  |  | 45809 |  |  | 
|  |  |  | 45810 |  |  | 
|  |  |  | 45931 |  |  | 
|  |  |  | 45932 |  |  | 
|  |  |  | 45933 |  |  | 
|  |  |  | 45934 |  |  | 
|  |  |  | 45935 |  |  | 
|  |  |  | 45936 |  |  | 
|  |  |  | 45937 |  |  | 
|  |  |  | 45938 |  |  | 



2025-05-20 10:53:47,877 - INFO - 请求成功，状态码: 200
2025-05-20 10:53:47,878 - INFO - 模型返回：{"employee_name":"叶自川", "company_name":"重庆延锋安道拓"}

2025-05-20 10:53:47,878 - INFO - 解析模型返回：
 - 员工姓名：叶自川,  - 公司名称：重庆延锋安道拓
2025-05-20 10:53:47,879 - INFO - 

从表格文本中，提取汇总数据...
2025-05-20 10:53:47,879 - INFO - 发送请求到模型API...
2025-05-20 10:53:47,880 - INFO - system_prompt：
你是一个专业的工时数据提取助手。用户会提供给你一份Excel工时表，已转换为Markdown格式。你需要提取出表格中的按照项目做统计的工时汇总数据。将提取结果以JSON格式输出。以项目名称作为key为项目名称，value为包含加班和工时的字典。

markdown格式的表格中合并单元格表示法：
   - "^" 符号表示该单元格与上方单元格合并（纵向合并）
   - "<-" 符号表示该单元格与左侧单元格合并（横向合并）
   - "^<-" 符号表示该单元格同时与上方和左侧单元格合并（纵横合并）

你可以按照以下步骤进行分析：
1. 首先，定位表格中工时统计汇总数据，通常在表格的下方。
2. 读取工时统计汇总数据，包含项目名称、项目编号、加班、工时等。项目编号可能为空。
3. 整理所有数据，以JSON格式输。key为项目名称，value为包含加班`overtime_hours`和工时`total_hours`的字典。

注意：
1.直接返回结果，不要包含任何解释或说明。
2.输出结果必须严格按照无语法错误的JSON格式输出，不能有任何其他格式。

以JSON格式输出结果，示例输出如下：
示例1：
{"D11":{"overtime_hours":20,"total_hours":120}, "A12":{"overtime_hours":6,"total_hours":14}, "B13":{"overtime_hours":1,"total_hours":10}}
示例2：
{"D11":{"overtime_hours":20,"total_hours":120}, "A12":{"overtime_hours":6,"total_hours":14}}

2025-05-20 10:53:47,882 - INFO - user_prompt：## 工作表: 叶自川

| A | B | C | D | E | F | G | H | I | J | 
|  --- | --- | --- | --- | --- | --- | --- | --- | --- | --- |
| 重庆延锋安道拓 | <- | 上海睿励信息技术有限公司 工时记录表 | <- | <- | <- | <- | <- | <- | <- | 
| ^ | ^<- | 供应商 |  | <- | <- | <- | <- | <- | <- | 
| 工程师 | 叶自川 | <- | 负责人 | 杨华梅 | 电话 | 18580050374 | <- | <- | <- | 
| 日期 | 项目名称 | 开始工作时间 | 工作结束时间 | 加班时间 | 总工作时间 | 备注 | <- | <- | <- | 
| 2025-04-01 | U625C | 09:00:00 | 20:30:00 | 3.0 | 11.0 | 更新PLM设变资料 | <- | <- | <- | 
| 2025-04-02 | Blanc | 09:00:00 | 19:00:00 | 1.5 | 9.5 | 拆耐久实验后座椅，查看座椅样件状态 | <- | <- | <- | 
| 2025-04-03 | Blanc | 09:00:00 | 17:30:00 | 0.0 | 8.0 | 拆耐久实验后座椅，编辑座椅实验后1的线束状态说明PPT文件 | <- | <- | <- | 
| 2025-04-04 |  |  |  |  |  | 清明节 | <- | <- | <- | 
| 2025-04-05 |  |  |  |  |  | 周六 | <- | <- | <- | 
| 2025-04-06 |  |  |  |  |  | 周日 | <- | <- | <- | 
| 2025-04-07 | Blanc | 09:00:00 | 22:00:00 | 4.5 | 12.5 | 在样件室差两把座椅的buckle寄给客户，更换扶手转轴核心件，整理塑料件供应商毅联的整椅图纸 | <- | <- | <- | 
| 2025-04-08 | Blanc | 09:00:00 | 20:00:00 | 2.5 | 10.5 | 上传PLM数据，搭整椅数据 | <- | <- | <- | 
| 2025-04-09 | Blanc | 09:00:00 | 19:00:00 | 1.5 | 9.5 | 上传PLM数据，搭整椅数据 | <- | <- | <- | 
| 2025-04-10 | Blanc | 09:00:00 | 21:30:00 | 4.0 | 12.0 | 拆装座椅，更换主副驾线束 | <- | <- | <- | 
| 2025-04-11 | Blanc | 09:00:00 | 19:00:00 | 1.5 | 9.5 | 前排座椅打包：纏繞錫紙和保險膜（座椅做VOC實驗） | <- | <- | <- | 
| 2025-04-12 | Blanc |  |  |  |  | 周六 | <- | <- | <- | 
| 2025-04-13 | Blanc |  |  |  |  | 周日 | <- | <- | <- | 
| 2025-04-14 | Blanc | 09:00:00 | 19:00:00 | 1.5 | 9.5 | 裁毛氈布（50*60）、測前排背板的地圖袋拉伸扭力 | <- | <- | <- | 
| 2025-04-15 | Blanc | 09:00:00 | 20:00:00 | 2.5 | 10.5 | 更新PLM整椅数据 | <- | <- | <- | 
| 2025-04-16 | Blanc | 09:00:00 | 21:00:00 | 3.5 | 11.5 | 拆座椅靠背 | <- | <- | <- | 
| 2025-04-17 | Blanc | 09:00:00 | 20:00:00 | 2.5 | 10.5 | 下载中排图纸 | <- | <- | <- | 
| 2025-04-18 | Blanc | 09:00:00 | 18:30:00 | 1.0 | 9.0 | 下载图纸，前排座椅打包：纏繞錫紙和保險膜（座椅做VOC實驗） | <- | <- | <- | 
| 2025-04-19 | Blanc |  |  |  |  | 周六 | <- | <- | <- | 
| 2025-04-20 | Blanc |  |  |  |  | 周日 | <- | <- | <- | 
| 2025-04-21 | Blanc | 09:00:00 | 21:00:00 | 3.5 | 11.5 | 更新PLM整椅数据 | <- | <- | <- | 
| 2025-04-22 | Blanc | 09:00:00 | 19:30:00 | 2.0 | 10.0 | 更新PLM整椅数据 | <- | <- | <- | 
| 2025-04-23 | Blanc | 09:00:00 | 20:00:00 | 2.5 | 10.5 | 下载后排图纸 | <- | <- | <- | 
| 2025-04-24 | Blanc | 09:00:00 | 20:30:00 | 3.0 | 11.0 | 更新前排整椅图纸 | <- | <- | <- | 
| 2025-04-25 | Blanc | 09:00:00 | 19:00:00 | 1.5 | 9.5 | 更新中排排整椅图纸 | <- | <- | <- | 
| 2025-04-26 | Blanc |  |  |  |  |  | <- | <- | <- | 
| 2025-04-27 | Blanc | 09:00:00 | 19:00:00 | 1.5 | 9.5 | 更新后排整椅图纸 | <- | <- | <- | 
| 2025-04-28 | Blanc | 09:00:00 | 21:30:00 | 4.0 | 12.0 | 拆3把主驾座椅靠背(气囊点爆实验)、3把副驾背板 | <- | <- | <- | 
| 2025-04-29 | Blanc | 09:00:00 | 21:00:00 | 3.5 | 11.5 | 拆整椅，装座椅 | <- | <- | <- | 
| 2025-04-30 | Blanc | 09:00:00 | 18:00:00 | 0.5 | 8.5 | 出前排整椅图纸 | <- | <- | <- | 
| 工时统计 | 项目名称 | 项目编号 | 加班 | <- | 工时 | 项目工程师签字 | <- | <- | <- | 
| ^ | Blanc |  | 48.5 | <- | 216.5 |  | <- | <- | <- | 
| ^ | U625C |  | 3 | <- | 11 |  | <- | <- | <- | 
| ^ |  |  |  | <- |  |  | <- | <- | <- | 
| ^ |  |  |  | <- |  |  | <- | <- | <- | 
| 总计工时 | 227.50 | <- | 经理签字： | <- | <- |  | <- | <- | <- | 


## 工作表: Sheet1

| A | B | C | D | E | F | 
|  --- | --- | --- | --- | --- | --- |
|  |  |  | 一年调整一次，请勿随意删除 | <- | <- | 
|  |  |  | 2025 | <- | <- | 
| 年 | 月 |  | 节假日 | 调休加班日 |  | 
| 1905-07-17 | 4 |  | 45658 | 45683 |  | 
|  |  |  | 45685 | 45696 |  | 
|  |  |  | 45686 | 45774 |  | 
|  |  |  | 45687 | 45928 |  | 
|  |  |  | 45688 | 45941 |  | 
|  |  |  | 45689 |  |  | 
|  |  |  | 45690 |  |  | 
|  |  |  | 45691 |  |  | 
|  |  |  | 45692 |  |  | 
|  |  |  | 45751 |  |  | 
|  |  |  | 45752 |  |  | 
|  |  |  | 45753 |  |  | 
|  |  |  | 45778 |  |  | 
|  |  |  | 45779 |  |  | 
|  |  |  | 45780 |  |  | 
|  |  |  | 45781 |  |  | 
|  |  |  | 45782 |  |  | 
|  |  |  | 45808 |  |  | 
|  |  |  | 45809 |  |  | 
|  |  |  | 45810 |  |  | 
|  |  |  | 45931 |  |  | 
|  |  |  | 45932 |  |  | 
|  |  |  | 45933 |  |  | 
|  |  |  | 45934 |  |  | 
|  |  |  | 45935 |  |  | 
|  |  |  | 45936 |  |  | 
|  |  |  | 45937 |  |  | 
|  |  |  | 45938 |  |  | 



2025-05-20 10:53:51,061 - INFO - 请求成功，状态码: 200
2025-05-20 10:53:51,062 - INFO - 模型返回：
{"Blanc":{"overtime_hours":48.5,"total_hours":216.5},"U625C":{"overtime_hours":3,"total_hours":11}}

2025-05-20 10:53:51,063 - INFO - 源数据表中的工时汇总数据：{'Blanc': {'overtime_hours': 48.5, 'total_hours': 216.5}, 'U625C': {'overtime_hours': 3, 'total_hours': 11}}
2025-05-20 10:53:51,064 - INFO - 文件处理进度：4 / 10
2025-05-20 10:53:51,064 - INFO - 开始处理工时文件：D:/sotos工作资料/test/5\张力工时表-重庆安道拓-2025年04月.xlsx
2025-05-20 10:53:51,155 - INFO - Excel表格提取文本：
## 工作表: xxx

| A | B | C | D | E | F | G | H | I | J | 
|  --- | --- | --- | --- | --- | --- | --- | --- | --- | --- |
| 重庆延锋安道拓 | <- | 上海睿励信息技术有限公司 工时记录表 | <- | <- | <- | <- | <- | <- | <- | 
| ^ | ^<- | 供应商 |  | <- | <- | <- | <- | <- | <- | 
| 工程师 | 张力 | <- | 负责人 | xxx | 电话 | 13246190093 | <- | <- | <- | 
| 日期 | 项目名称 | 开始工作时间 | 工作结束时间 | 加班时间 | 总工作时间 | 备注 | <- | <- | <- | 
| 2025-04-01 | FY25 seat demo-电动大扶手 | 08:30:00 | 19:30:00 | 2.5 | 10.5 | 数据优化 |  |  |  | 
| 2025-04-02 | FY25 seat demo-电动大扶手 | 08:30:00 | 19:30:00 | 2.5 | 10.5 | 数据优化 |  |  |  | 
| 2025-04-03 | FY25 seat demo-电动大扶手 | 09:00:00 | 20:00:00 | 2.5 | 10.5 | 数据优化 |  |  |  | 
| 2025-04-04 |  |  |  |  |  |  |  |  |  | 
| 2025-04-05 |  |  |  |  |  |  |  |  |  | 
| 2025-04-06 |  |  |  |  |  |  |  |  |  | 
| 2025-04-07 | FY25 seat demo-电动大扶手 | 09:00:00 | 20:00:00 | 2.5 | 10.5 | 数据优化 |  |  |  | 
| 2025-04-08 | FY25 seat demo-电动大扶手 | 08:30:00 | 19:30:00 | 2.5 | 10.5 | 数据优化 |  |  |  | 
| 2025-04-09 | FY25 seat demo-电动大扶手 | 08:30:00 | 19:30:00 | 2.5 | 10.5 | 数据优化 |  |  |  | 
| 2025-04-10 | FY25 seat demo-电动大扶手 | 08:30:00 | 19:30:00 | 2.5 | 10.5 | 数据优化 |  |  |  | 
| 2025-04-11 | FY25 seat demo-电动大扶手 | 08:30:00 | 18:00:00 | 1.0 | 9.0 | 数据优化 |  |  |  | 
| 2025-04-12 |  |  |  |  |  |  |  |  |  | 
| 2025-04-13 |  |  |  |  |  |  |  |  |  | 
| 2025-04-14 | FY25 seat demo-电动大扶手 | 08:30:00 | 19:30:00 | 2.5 | 10.5 | 数据优化 |  |  |  | 
| 2025-04-15 | FY25 seat demo-电动大扶手 | 08:30:00 | 19:30:00 | 2.5 | 10.5 | 数据优化 |  |  |  | 
| 2025-04-16 | FY25 seat demo-电动大扶手 | 08:30:00 | 19:30:00 | 2.5 | 10.5 | 数据优化 |  |  |  | 
| 2025-04-17 | FY25 seat demo-电动大扶手 | 08:30:00 | 19:30:00 | 2.5 | 10.5 | 数据优化 |  |  |  | 
| 2025-04-18 | FY25 seat demo-电动大扶手 | 08:30:00 | 17:00:00 | 0.0 | 8.0 | 数据优化 |  |  |  | 
| 2025-04-19 |  |  |  |  |  |  |  |  |  | 
| 2025-04-20 |  |  |  |  |  |  |  |  |  | 
| 2025-04-21 | FY25 seat demo-电动大扶手 | 08:30:00 | 19:00:00 | 2.0 | 10.0 | 数据优化 |  |  |  | 
| 2025-04-22 | FY25 seat demo-电动大扶手 | 08:30:00 | 19:30:00 | 2.5 | 10.5 | 数据优化 |  |  |  | 
| 2025-04-23 | FY25 seat demo-电动大扶手 | 08:30:00 | 17:00:00 | 0.0 | 8.0 | 数据优化 |  |  |  | 
| 2025-04-24 | FY25 seat demo-电动大扶手 | 08:30:00 | 19:30:00 | 2.5 | 10.5 | 数据优化 |  |  |  | 
| 2025-04-25 | FY25 seat demo-电动大扶手 | 08:30:00 | 20:30:00 | 3.5 | 11.5 | 数据优化 |  |  |  | 
| 2025-04-26 |  |  |  |  |  |  |  |  |  | 
| 2025-04-27 | FY25 seat demo-电动大扶手 | 08:30:00 | 20:00:00 | 3.0 | 11.0 | 数据优化 |  |  |  | 
| 2025-04-28 | FY25 seat demo-电动大扶手 | 08:30:00 | 20:00:00 | 3.0 | 11.0 | 数据优化 |  |  |  | 
| 2025-04-29 | FY25 seat demo-电动大扶手 | 08:30:00 | 19:30:00 | 2.5 | 10.5 | 数据优化 |  |  |  | 
| 2025-04-30 | FY25 seat demo-电动大扶手 | 08:30:00 | 17:00:00 | 0.0 | 8.0 | 数据优化 | <- | <- | <- | 
| 工时统计 | 项目名称 | 项目编号 | 加班 | <- | 工时 | 项目工程师签字 | <- | <- | <- | 
| ^ | FY25 seat demo-电动大扶手 | FY25 seat demo-电动大扶手 | 47.5 | <- | 223.5 |  | <- | <- | <- | 
| ^ |  |  |  | <- |  |  | <- | <- | <- | 
| ^ |  |  |  | <- |  |  | <- | <- | <- | 
| ^ |  |  |  | <- |  |  | <- | <- | <- | 
| 总计工时 | 223.50 | <- | 经理签字： | <- | <- |  | <- | <- | <- | 


## 工作表: Sheet1

| A | B | C | D | E | F | 
|  --- | --- | --- | --- | --- | --- |
|  |  |  | 一年调整一次，请勿随意删除 | <- | <- | 
|  |  |  | 2025 | <- | <- | 
| 年 | 月 |  | 节假日 | 调休加班日 |  | 
| 1905-07-17 | 4 |  | 45658 | 45683 |  | 
|  |  |  | 45685 | 45696 |  | 
|  |  |  | 45686 | 45774 |  | 
|  |  |  | 45687 | 45928 |  | 
|  |  |  | 45688 | 45941 |  | 
|  |  |  | 45689 |  |  | 
|  |  |  | 45690 |  |  | 
|  |  |  | 45691 |  |  | 
|  |  |  | 45692 |  |  | 
|  |  |  | 45751 |  |  | 
|  |  |  | 45752 |  |  | 
|  |  |  | 45753 |  |  | 
|  |  |  | 45778 |  |  | 
|  |  |  | 45779 |  |  | 
|  |  |  | 45780 |  |  | 
|  |  |  | 45781 |  |  | 
|  |  |  | 45782 |  |  | 
|  |  |  | 45808 |  |  | 
|  |  |  | 45809 |  |  | 
|  |  |  | 45810 |  |  | 
|  |  |  | 45931 |  |  | 
|  |  |  | 45932 |  |  | 
|  |  |  | 45933 |  |  | 
|  |  |  | 45934 |  |  | 
|  |  |  | 45935 |  |  | 
|  |  |  | 45936 |  |  | 
|  |  |  | 45937 |  |  | 
|  |  |  | 45938 |  |  | 



2025-05-20 10:53:51,168 - INFO - 从表格文本中，提取员工姓名和公司名称...
2025-05-20 10:53:51,168 - INFO - 发送请求到模型API...
2025-05-20 10:53:51,168 - INFO - system_prompt：
你是一个专业的表格信息提取助手。用户会提供给你一份Excel工时表，已转换为Markdown格式。你需要提取出表格包含的员工姓名`employee_name`和公司名称`company_name`。以JSON格式输出结果，包含`employee_name`和`company_name`两个字段。如果无法提取到员工姓名和公司名称，请返回空字符串。

markdown格式的表格中合并单元格表示法：
   - "^" 符号表示该单元格与上方单元格合并（纵向合并）
   - "<-" 符号表示该单元格与左侧单元格合并（横向合并）
   - "^<-" 符号表示该单元格同时与上方和左侧单元格合并（纵横合并）

比如：{"employee_name":"张三", "company_name":"XXX公司"}
注意：直接返回结果，不要包含任何解释或说明。

2025-05-20 10:53:51,170 - INFO - user_prompt：## 工作表: xxx

| A | B | C | D | E | F | G | H | I | J | 
|  --- | --- | --- | --- | --- | --- | --- | --- | --- | --- |
| 重庆延锋安道拓 | <- | 上海睿励信息技术有限公司 工时记录表 | <- | <- | <- | <- | <- | <- | <- | 
| ^ | ^<- | 供应商 |  | <- | <- | <- | <- | <- | <- | 
| 工程师 | 张力 | <- | 负责人 | xxx | 电话 | 13246190093 | <- | <- | <- | 
| 日期 | 项目名称 | 开始工作时间 | 工作结束时间 | 加班时间 | 总工作时间 | 备注 | <- | <- | <- | 
| 2025-04-01 | FY25 seat demo-电动大扶手 | 08:30:00 | 19:30:00 | 2.5 | 10.5 | 数据优化 |  |  |  | 
| 2025-04-02 | FY25 seat demo-电动大扶手 | 08:30:00 | 19:30:00 | 2.5 | 10.5 | 数据优化 |  |  |  | 
| 2025-04-03 | FY25 seat demo-电动大扶手 | 09:00:00 | 20:00:00 | 2.5 | 10.5 | 数据优化 |  |  |  | 
| 2025-04-04 |  |  |  |  |  |  |  |  |  | 
| 2025-04-05 |  |  |  |  |  |  |  |  |  | 
| 2025-04-06 |  |  |  |  |  |  |  |  |  | 
| 2025-04-07 | FY25 seat demo-电动大扶手 | 09:00:00 | 20:00:00 | 2.5 | 10.5 | 数据优化 |  |  |  | 
| 2025-04-08 | FY25 seat demo-电动大扶手 | 08:30:00 | 19:30:00 | 2.5 | 10.5 | 数据优化 |  |  |  | 
| 2025-04-09 | FY25 seat demo-电动大扶手 | 08:30:00 | 19:30:00 | 2.5 | 10.5 | 数据优化 |  |  |  | 
| 2025-04-10 | FY25 seat demo-电动大扶手 | 08:30:00 | 19:30:00 | 2.5 | 10.5 | 数据优化 |  |  |  | 
| 2025-04-11 | FY25 seat demo-电动大扶手 | 08:30:00 | 18:00:00 | 1.0 | 9.0 | 数据优化 |  |  |  | 
| 2025-04-12 |  |  |  |  |  |  |  |  |  | 
| 2025-04-13 |  |  |  |  |  |  |  |  |  | 
| 2025-04-14 | FY25 seat demo-电动大扶手 | 08:30:00 | 19:30:00 | 2.5 | 10.5 | 数据优化 |  |  |  | 
| 2025-04-15 | FY25 seat demo-电动大扶手 | 08:30:00 | 19:30:00 | 2.5 | 10.5 | 数据优化 |  |  |  | 
| 2025-04-16 | FY25 seat demo-电动大扶手 | 08:30:00 | 19:30:00 | 2.5 | 10.5 | 数据优化 |  |  |  | 
| 2025-04-17 | FY25 seat demo-电动大扶手 | 08:30:00 | 19:30:00 | 2.5 | 10.5 | 数据优化 |  |  |  | 
| 2025-04-18 | FY25 seat demo-电动大扶手 | 08:30:00 | 17:00:00 | 0.0 | 8.0 | 数据优化 |  |  |  | 
| 2025-04-19 |  |  |  |  |  |  |  |  |  | 
| 2025-04-20 |  |  |  |  |  |  |  |  |  | 
| 2025-04-21 | FY25 seat demo-电动大扶手 | 08:30:00 | 19:00:00 | 2.0 | 10.0 | 数据优化 |  |  |  | 
| 2025-04-22 | FY25 seat demo-电动大扶手 | 08:30:00 | 19:30:00 | 2.5 | 10.5 | 数据优化 |  |  |  | 
| 2025-04-23 | FY25 seat demo-电动大扶手 | 08:30:00 | 17:00:00 | 0.0 | 8.0 | 数据优化 |  |  |  | 
| 2025-04-24 | FY25 seat demo-电动大扶手 | 08:30:00 | 19:30:00 | 2.5 | 10.5 | 数据优化 |  |  |  | 
| 2025-04-25 | FY25 seat demo-电动大扶手 | 08:30:00 | 20:30:00 | 3.5 | 11.5 | 数据优化 |  |  |  | 
| 2025-04-26 |  |  |  |  |  |  |  |  |  | 
| 2025-04-27 | FY25 seat demo-电动大扶手 | 08:30:00 | 20:00:00 | 3.0 | 11.0 | 数据优化 |  |  |  | 
| 2025-04-28 | FY25 seat demo-电动大扶手 | 08:30:00 | 20:00:00 | 3.0 | 11.0 | 数据优化 |  |  |  | 
| 2025-04-29 | FY25 seat demo-电动大扶手 | 08:30:00 | 19:30:00 | 2.5 | 10.5 | 数据优化 |  |  |  | 
| 2025-04-30 | FY25 seat demo-电动大扶手 | 08:30:00 | 17:00:00 | 0.0 | 8.0 | 数据优化 | <- | <- | <- | 
| 工时统计 | 项目名称 | 项目编号 | 加班 | <- | 工时 | 项目工程师签字 | <- | <- | <- | 
| ^ | FY25 seat demo-电动大扶手 | FY25 seat demo-电动大扶手 | 47.5 | <- | 223.5 |  | <- | <- | <- | 
| ^ |  |  |  | <- |  |  | <- | <- | <- | 
| ^ |  |  |  | <- |  |  | <- | <- | <- | 
| ^ |  |  |  | <- |  |  | <- | <- | <- | 
| 总计工时 | 223.50 | <- | 经理签字： | <- | <- |  | <- | <- | <- | 


## 工作表: Sheet1

| A | B | C | D | E | F | 
|  --- | --- | --- | --- | --- | --- |
|  |  |  | 一年调整一次，请勿随意删除 | <- | <- | 
|  |  |  | 2025 | <- | <- | 
| 年 | 月 |  | 节假日 | 调休加班日 |  | 
| 1905-07-17 | 4 |  | 45658 | 45683 |  | 
|  |  |  | 45685 | 45696 |  | 
|  |  |  | 45686 | 45774 |  | 
|  |  |  | 45687 | 45928 |  | 
|  |  |  | 45688 | 45941 |  | 
|  |  |  | 45689 |  |  | 
|  |  |  | 45690 |  |  | 
|  |  |  | 45691 |  |  | 
|  |  |  | 45692 |  |  | 
|  |  |  | 45751 |  |  | 
|  |  |  | 45752 |  |  | 
|  |  |  | 45753 |  |  | 
|  |  |  | 45778 |  |  | 
|  |  |  | 45779 |  |  | 
|  |  |  | 45780 |  |  | 
|  |  |  | 45781 |  |  | 
|  |  |  | 45782 |  |  | 
|  |  |  | 45808 |  |  | 
|  |  |  | 45809 |  |  | 
|  |  |  | 45810 |  |  | 
|  |  |  | 45931 |  |  | 
|  |  |  | 45932 |  |  | 
|  |  |  | 45933 |  |  | 
|  |  |  | 45934 |  |  | 
|  |  |  | 45935 |  |  | 
|  |  |  | 45936 |  |  | 
|  |  |  | 45937 |  |  | 
|  |  |  | 45938 |  |  | 



2025-05-20 10:53:53,851 - INFO - 请求成功，状态码: 200
2025-05-20 10:53:53,852 - INFO - 模型返回：{"employee_name":"张力", "company_name":"上海睿励信息技术有限公司"}

2025-05-20 10:53:53,852 - INFO - 解析模型返回：
 - 员工姓名：张力,  - 公司名称：上海睿励信息技术有限公司
2025-05-20 10:53:53,852 - INFO - 

从表格文本中，提取汇总数据...
2025-05-20 10:53:53,853 - INFO - 发送请求到模型API...
2025-05-20 10:53:53,853 - INFO - system_prompt：
你是一个专业的工时数据提取助手。用户会提供给你一份Excel工时表，已转换为Markdown格式。你需要提取出表格中的按照项目做统计的工时汇总数据。将提取结果以JSON格式输出。以项目名称作为key为项目名称，value为包含加班和工时的字典。

markdown格式的表格中合并单元格表示法：
   - "^" 符号表示该单元格与上方单元格合并（纵向合并）
   - "<-" 符号表示该单元格与左侧单元格合并（横向合并）
   - "^<-" 符号表示该单元格同时与上方和左侧单元格合并（纵横合并）

你可以按照以下步骤进行分析：
1. 首先，定位表格中工时统计汇总数据，通常在表格的下方。
2. 读取工时统计汇总数据，包含项目名称、项目编号、加班、工时等。项目编号可能为空。
3. 整理所有数据，以JSON格式输。key为项目名称，value为包含加班`overtime_hours`和工时`total_hours`的字典。

注意：
1.直接返回结果，不要包含任何解释或说明。
2.输出结果必须严格按照无语法错误的JSON格式输出，不能有任何其他格式。

以JSON格式输出结果，示例输出如下：
示例1：
{"D11":{"overtime_hours":20,"total_hours":120}, "A12":{"overtime_hours":6,"total_hours":14}, "B13":{"overtime_hours":1,"total_hours":10}}
示例2：
{"D11":{"overtime_hours":20,"total_hours":120}, "A12":{"overtime_hours":6,"total_hours":14}}

2025-05-20 10:53:53,855 - INFO - user_prompt：## 工作表: xxx

| A | B | C | D | E | F | G | H | I | J | 
|  --- | --- | --- | --- | --- | --- | --- | --- | --- | --- |
| 重庆延锋安道拓 | <- | 上海睿励信息技术有限公司 工时记录表 | <- | <- | <- | <- | <- | <- | <- | 
| ^ | ^<- | 供应商 |  | <- | <- | <- | <- | <- | <- | 
| 工程师 | 张力 | <- | 负责人 | xxx | 电话 | 13246190093 | <- | <- | <- | 
| 日期 | 项目名称 | 开始工作时间 | 工作结束时间 | 加班时间 | 总工作时间 | 备注 | <- | <- | <- | 
| 2025-04-01 | FY25 seat demo-电动大扶手 | 08:30:00 | 19:30:00 | 2.5 | 10.5 | 数据优化 |  |  |  | 
| 2025-04-02 | FY25 seat demo-电动大扶手 | 08:30:00 | 19:30:00 | 2.5 | 10.5 | 数据优化 |  |  |  | 
| 2025-04-03 | FY25 seat demo-电动大扶手 | 09:00:00 | 20:00:00 | 2.5 | 10.5 | 数据优化 |  |  |  | 
| 2025-04-04 |  |  |  |  |  |  |  |  |  | 
| 2025-04-05 |  |  |  |  |  |  |  |  |  | 
| 2025-04-06 |  |  |  |  |  |  |  |  |  | 
| 2025-04-07 | FY25 seat demo-电动大扶手 | 09:00:00 | 20:00:00 | 2.5 | 10.5 | 数据优化 |  |  |  | 
| 2025-04-08 | FY25 seat demo-电动大扶手 | 08:30:00 | 19:30:00 | 2.5 | 10.5 | 数据优化 |  |  |  | 
| 2025-04-09 | FY25 seat demo-电动大扶手 | 08:30:00 | 19:30:00 | 2.5 | 10.5 | 数据优化 |  |  |  | 
| 2025-04-10 | FY25 seat demo-电动大扶手 | 08:30:00 | 19:30:00 | 2.5 | 10.5 | 数据优化 |  |  |  | 
| 2025-04-11 | FY25 seat demo-电动大扶手 | 08:30:00 | 18:00:00 | 1.0 | 9.0 | 数据优化 |  |  |  | 
| 2025-04-12 |  |  |  |  |  |  |  |  |  | 
| 2025-04-13 |  |  |  |  |  |  |  |  |  | 
| 2025-04-14 | FY25 seat demo-电动大扶手 | 08:30:00 | 19:30:00 | 2.5 | 10.5 | 数据优化 |  |  |  | 
| 2025-04-15 | FY25 seat demo-电动大扶手 | 08:30:00 | 19:30:00 | 2.5 | 10.5 | 数据优化 |  |  |  | 
| 2025-04-16 | FY25 seat demo-电动大扶手 | 08:30:00 | 19:30:00 | 2.5 | 10.5 | 数据优化 |  |  |  | 
| 2025-04-17 | FY25 seat demo-电动大扶手 | 08:30:00 | 19:30:00 | 2.5 | 10.5 | 数据优化 |  |  |  | 
| 2025-04-18 | FY25 seat demo-电动大扶手 | 08:30:00 | 17:00:00 | 0.0 | 8.0 | 数据优化 |  |  |  | 
| 2025-04-19 |  |  |  |  |  |  |  |  |  | 
| 2025-04-20 |  |  |  |  |  |  |  |  |  | 
| 2025-04-21 | FY25 seat demo-电动大扶手 | 08:30:00 | 19:00:00 | 2.0 | 10.0 | 数据优化 |  |  |  | 
| 2025-04-22 | FY25 seat demo-电动大扶手 | 08:30:00 | 19:30:00 | 2.5 | 10.5 | 数据优化 |  |  |  | 
| 2025-04-23 | FY25 seat demo-电动大扶手 | 08:30:00 | 17:00:00 | 0.0 | 8.0 | 数据优化 |  |  |  | 
| 2025-04-24 | FY25 seat demo-电动大扶手 | 08:30:00 | 19:30:00 | 2.5 | 10.5 | 数据优化 |  |  |  | 
| 2025-04-25 | FY25 seat demo-电动大扶手 | 08:30:00 | 20:30:00 | 3.5 | 11.5 | 数据优化 |  |  |  | 
| 2025-04-26 |  |  |  |  |  |  |  |  |  | 
| 2025-04-27 | FY25 seat demo-电动大扶手 | 08:30:00 | 20:00:00 | 3.0 | 11.0 | 数据优化 |  |  |  | 
| 2025-04-28 | FY25 seat demo-电动大扶手 | 08:30:00 | 20:00:00 | 3.0 | 11.0 | 数据优化 |  |  |  | 
| 2025-04-29 | FY25 seat demo-电动大扶手 | 08:30:00 | 19:30:00 | 2.5 | 10.5 | 数据优化 |  |  |  | 
| 2025-04-30 | FY25 seat demo-电动大扶手 | 08:30:00 | 17:00:00 | 0.0 | 8.0 | 数据优化 | <- | <- | <- | 
| 工时统计 | 项目名称 | 项目编号 | 加班 | <- | 工时 | 项目工程师签字 | <- | <- | <- | 
| ^ | FY25 seat demo-电动大扶手 | FY25 seat demo-电动大扶手 | 47.5 | <- | 223.5 |  | <- | <- | <- | 
| ^ |  |  |  | <- |  |  | <- | <- | <- | 
| ^ |  |  |  | <- |  |  | <- | <- | <- | 
| ^ |  |  |  | <- |  |  | <- | <- | <- | 
| 总计工时 | 223.50 | <- | 经理签字： | <- | <- |  | <- | <- | <- | 


## 工作表: Sheet1

| A | B | C | D | E | F | 
|  --- | --- | --- | --- | --- | --- |
|  |  |  | 一年调整一次，请勿随意删除 | <- | <- | 
|  |  |  | 2025 | <- | <- | 
| 年 | 月 |  | 节假日 | 调休加班日 |  | 
| 1905-07-17 | 4 |  | 45658 | 45683 |  | 
|  |  |  | 45685 | 45696 |  | 
|  |  |  | 45686 | 45774 |  | 
|  |  |  | 45687 | 45928 |  | 
|  |  |  | 45688 | 45941 |  | 
|  |  |  | 45689 |  |  | 
|  |  |  | 45690 |  |  | 
|  |  |  | 45691 |  |  | 
|  |  |  | 45692 |  |  | 
|  |  |  | 45751 |  |  | 
|  |  |  | 45752 |  |  | 
|  |  |  | 45753 |  |  | 
|  |  |  | 45778 |  |  | 
|  |  |  | 45779 |  |  | 
|  |  |  | 45780 |  |  | 
|  |  |  | 45781 |  |  | 
|  |  |  | 45782 |  |  | 
|  |  |  | 45808 |  |  | 
|  |  |  | 45809 |  |  | 
|  |  |  | 45810 |  |  | 
|  |  |  | 45931 |  |  | 
|  |  |  | 45932 |  |  | 
|  |  |  | 45933 |  |  | 
|  |  |  | 45934 |  |  | 
|  |  |  | 45935 |  |  | 
|  |  |  | 45936 |  |  | 
|  |  |  | 45937 |  |  | 
|  |  |  | 45938 |  |  | 



2025-05-20 10:53:56,732 - INFO - 请求成功，状态码: 200
2025-05-20 10:53:56,734 - INFO - 模型返回：
{"FY25 seat demo-电动大扶手":{"overtime_hours":47.5,"total_hours":223.5}}

2025-05-20 10:53:56,734 - INFO - 源数据表中的工时汇总数据：{'FY25 seat demo-电动大扶手': {'overtime_hours': 47.5, 'total_hours': 223.5}}
2025-05-20 10:53:56,735 - INFO - 文件处理进度：5 / 10
2025-05-20 10:53:56,735 - INFO - 开始处理工时文件：D:/sotos工作资料/test/5\张博工时表-重庆安道拓-2025年04月.xlsx
2025-05-20 10:53:56,876 - INFO - Excel表格提取文本：
## 工作表: 张博

| A | B | C | D | E | F | G | H | I | J | 
|  --- | --- | --- | --- | --- | --- | --- | --- | --- | --- |
| 重庆延锋安道拓 | <- | 上海睿励信息技术有限公司 工时记录表 | <- | <- | <- | <- | <- | <- | <- | 
| ^ | ^<- | 供应商 |  | <- | <- | <- | <- | <- | <- | 
| 工程师 | 张博 | <- | 负责人 | 邹杰 | 电话 | 13184582305 | <- | <- | <- | 
| 日期 | 项目名称 | 开始工作时间 | 工作结束时间 | 加班时间 | 总工作时间 | 备注 | <- | <- | <- | 
| 2025-04-01 | G01 | 08:00:00 | 19:30:00 | 3.0 | 11.0 | 数据优化 | <- | <- | <- | 
| 2025-04-02 | G01 | 08:00:00 | 20:30:00 | 4.0 | 12.0 | 数据优化 | <- | <- | <- | 
| 2025-04-03 | G01 | 08:00:00 | 16:30:00 | 0.0 | 8.0 | 数据优化 | <- | <- | <- | 
| 2025-04-04 | G01 |  |  |  |  |  | <- | <- | <- | 
| 2025-04-05 | G01 |  |  |  |  |  | <- | <- | <- | 
| 2025-04-06 | G01 |  |  |  |  |  | <- | <- | <- | 
| 2025-04-07 | G01 | 08:00:00 | 17:00:00 | 0.5 | 8.5 | 数据优化 | <- | <- | <- | 
| 2025-04-08 | G01 | 08:00:00 | 17:30:00 | 1.0 | 9.0 | 数据优化 | <- | <- | <- | 
| 2025-04-09 | G01 | 08:00:00 | 16:30:00 | 0.0 | 8.0 | 数据优化 | <- | <- | <- | 
| 2025-04-10 | G01 | 08:00:00 | 18:00:00 | 1.5 | 9.5 | 数据优化 | <- | <- | <- | 
| 2025-04-11 | G01 | 08:00:00 | 16:30:00 | 0.0 | 8.0 | 数据优化 | <- | <- | <- | 
| 2025-04-12 | G01 |  |  |  |  |  | <- | <- | <- | 
| 2025-04-13 | G01 |  |  |  |  |  | <- | <- | <- | 
| 2025-04-14 | G01 | 08:00:00 | 17:30:00 | 1.0 | 9.0 | 数据优化 | <- | <- | <- | 
| 2025-04-15 | G01 | 08:00:00 | 20:00:00 | 3.5 | 11.5 | 数据优化 | <- | <- | <- | 
| 2025-04-16 | G01 | 08:00:00 | 20:00:00 | 3.5 | 11.5 | 数据优化 | <- | <- | <- | 
| 2025-04-17 | G01 | 08:00:00 | 19:30:00 | 3.0 | 11.0 | 数据优化 | <- | <- | <- | 
| 2025-04-18 | G01 | 08:00:00 | 20:30:00 | 4.0 | 12.0 | 数据优化 | <- | <- | <- | 
| 2025-04-19 | G01 |  |  |  |  |  | <- | <- | <- | 
| 2025-04-20 | G01 | 10:00:00 | 15:30:00 | 5.0 | 5.0 | 数据优化 | <- | <- | <- | 
| 2025-04-21 | G01 | 08:00:00 | 18:30:00 | 2.0 | 10.0 | 数据优化 | <- | <- | <- | 
| 2025-04-22 | G01 | 08:00:00 | 16:30:00 | 0.0 | 8.0 | 数据优化 | <- | <- | <- | 
| 2025-04-23 | G01 | 08:00:00 | 17:00:00 | 0.5 | 8.5 | 数据优化 | <- | <- | <- | 
| 2025-04-24 | G01 | 08:00:00 | 17:30:00 | 1.0 | 9.0 | 数据优化 | <- | <- | <- | 
| 2025-04-25 | G01 | 08:00:00 | 17:00:00 | 0.5 | 8.5 | 数据优化 | <- | <- | <- | 
| 2025-04-26 | V530-Tophat | 08:00:00 | 12:30:00 | 4.0 | 4.0 | 数据优化 | <- | <- | <- | 
| 2025-04-27 | V530-Tophat | 08:00:00 | 18:30:00 | 2.0 | 10.0 | 数据优化 | <- | <- | <- | 
| 2025-04-28 | V530-Tophat | 08:00:00 | 18:00:00 | 1.5 | 9.5 | 数据优化 | <- | <- | <- | 
| 2025-04-29 | V530-Tophat | 08:00:00 | 18:00:00 | 1.5 | 9.5 | 数据优化 | <- | <- | <- | 
| 2025-04-30 | V530-Tophat | 08:00:00 | 16:30:00 | 0.0 | 8.0 | 数据优化 | <- | <- | <- | 
| 2025-05-01 |  |  |  |  |  |  | <- | <- | <- | 
| 工时统计 | 项目名称 | 项目编号 | 加班 | <- | 工时 | 项目工程师签字 | <- | <- | <- | 
| ^ | G01 |  | 34.0 | <- | 178.0 | 邹杰 | <- | <- | <- | 
| ^ | V530-Tophat |  | 9 | <- | 41 |  | <- | <- | <- | 
| ^ |  |  |  | <- |  |  | <- | <- | <- | 
| ^ |  |  |  | <- |  |  | <- | <- | <- | 
| 总计工时 | 219.00 | <- | 经理签字： | <- | <- |  | <- | <- | <- | 


## 工作表: Sheet1

| A | B | C | D | E | F | 
|  --- | --- | --- | --- | --- | --- |
|  |  |  | 一年调整一次，请勿随意删除 | <- | <- | 
|  |  |  | 2025 | <- | <- | 
| 年 | 月 |  | 节假日 | 调休加班日 |  | 
| 1905-07-17 | 4 |  | 45658 | 45683 |  | 
|  |  |  | 45685 | 45696 |  | 
|  |  |  | 45686 | 45774 |  | 
|  |  |  | 45687 | 45928 |  | 
|  |  |  | 45688 | 45941 |  | 
|  |  |  | 45689 |  |  | 
|  |  |  | 45690 |  |  | 
|  |  |  | 45691 |  |  | 
|  |  |  | 45692 |  |  | 
|  |  |  | 45751 |  |  | 
|  |  |  | 45752 |  |  | 
|  |  |  | 45753 |  |  | 
|  |  |  | 45778 |  |  | 
|  |  |  | 45779 |  |  | 
|  |  |  | 45780 |  |  | 
|  |  |  | 45781 |  |  | 
|  |  |  | 45782 |  |  | 
|  |  |  | 45808 |  |  | 
|  |  |  | 45809 |  |  | 
|  |  |  | 45810 |  |  | 
|  |  |  | 45931 |  |  | 
|  |  |  | 45932 |  |  | 
|  |  |  | 45933 |  |  | 
|  |  |  | 45934 |  |  | 
|  |  |  | 45935 |  |  | 
|  |  |  | 45936 |  |  | 
|  |  |  | 45937 |  |  | 
|  |  |  | 45938 |  |  | 



2025-05-20 10:53:56,889 - INFO - 从表格文本中，提取员工姓名和公司名称...
2025-05-20 10:53:56,890 - INFO - 发送请求到模型API...
2025-05-20 10:53:56,890 - INFO - system_prompt：
你是一个专业的表格信息提取助手。用户会提供给你一份Excel工时表，已转换为Markdown格式。你需要提取出表格包含的员工姓名`employee_name`和公司名称`company_name`。以JSON格式输出结果，包含`employee_name`和`company_name`两个字段。如果无法提取到员工姓名和公司名称，请返回空字符串。

markdown格式的表格中合并单元格表示法：
   - "^" 符号表示该单元格与上方单元格合并（纵向合并）
   - "<-" 符号表示该单元格与左侧单元格合并（横向合并）
   - "^<-" 符号表示该单元格同时与上方和左侧单元格合并（纵横合并）

比如：{"employee_name":"张三", "company_name":"XXX公司"}
注意：直接返回结果，不要包含任何解释或说明。

2025-05-20 10:53:56,892 - INFO - user_prompt：## 工作表: 张博

| A | B | C | D | E | F | G | H | I | J | 
|  --- | --- | --- | --- | --- | --- | --- | --- | --- | --- |
| 重庆延锋安道拓 | <- | 上海睿励信息技术有限公司 工时记录表 | <- | <- | <- | <- | <- | <- | <- | 
| ^ | ^<- | 供应商 |  | <- | <- | <- | <- | <- | <- | 
| 工程师 | 张博 | <- | 负责人 | 邹杰 | 电话 | 13184582305 | <- | <- | <- | 
| 日期 | 项目名称 | 开始工作时间 | 工作结束时间 | 加班时间 | 总工作时间 | 备注 | <- | <- | <- | 
| 2025-04-01 | G01 | 08:00:00 | 19:30:00 | 3.0 | 11.0 | 数据优化 | <- | <- | <- | 
| 2025-04-02 | G01 | 08:00:00 | 20:30:00 | 4.0 | 12.0 | 数据优化 | <- | <- | <- | 
| 2025-04-03 | G01 | 08:00:00 | 16:30:00 | 0.0 | 8.0 | 数据优化 | <- | <- | <- | 
| 2025-04-04 | G01 |  |  |  |  |  | <- | <- | <- | 
| 2025-04-05 | G01 |  |  |  |  |  | <- | <- | <- | 
| 2025-04-06 | G01 |  |  |  |  |  | <- | <- | <- | 
| 2025-04-07 | G01 | 08:00:00 | 17:00:00 | 0.5 | 8.5 | 数据优化 | <- | <- | <- | 
| 2025-04-08 | G01 | 08:00:00 | 17:30:00 | 1.0 | 9.0 | 数据优化 | <- | <- | <- | 
| 2025-04-09 | G01 | 08:00:00 | 16:30:00 | 0.0 | 8.0 | 数据优化 | <- | <- | <- | 
| 2025-04-10 | G01 | 08:00:00 | 18:00:00 | 1.5 | 9.5 | 数据优化 | <- | <- | <- | 
| 2025-04-11 | G01 | 08:00:00 | 16:30:00 | 0.0 | 8.0 | 数据优化 | <- | <- | <- | 
| 2025-04-12 | G01 |  |  |  |  |  | <- | <- | <- | 
| 2025-04-13 | G01 |  |  |  |  |  | <- | <- | <- | 
| 2025-04-14 | G01 | 08:00:00 | 17:30:00 | 1.0 | 9.0 | 数据优化 | <- | <- | <- | 
| 2025-04-15 | G01 | 08:00:00 | 20:00:00 | 3.5 | 11.5 | 数据优化 | <- | <- | <- | 
| 2025-04-16 | G01 | 08:00:00 | 20:00:00 | 3.5 | 11.5 | 数据优化 | <- | <- | <- | 
| 2025-04-17 | G01 | 08:00:00 | 19:30:00 | 3.0 | 11.0 | 数据优化 | <- | <- | <- | 
| 2025-04-18 | G01 | 08:00:00 | 20:30:00 | 4.0 | 12.0 | 数据优化 | <- | <- | <- | 
| 2025-04-19 | G01 |  |  |  |  |  | <- | <- | <- | 
| 2025-04-20 | G01 | 10:00:00 | 15:30:00 | 5.0 | 5.0 | 数据优化 | <- | <- | <- | 
| 2025-04-21 | G01 | 08:00:00 | 18:30:00 | 2.0 | 10.0 | 数据优化 | <- | <- | <- | 
| 2025-04-22 | G01 | 08:00:00 | 16:30:00 | 0.0 | 8.0 | 数据优化 | <- | <- | <- | 
| 2025-04-23 | G01 | 08:00:00 | 17:00:00 | 0.5 | 8.5 | 数据优化 | <- | <- | <- | 
| 2025-04-24 | G01 | 08:00:00 | 17:30:00 | 1.0 | 9.0 | 数据优化 | <- | <- | <- | 
| 2025-04-25 | G01 | 08:00:00 | 17:00:00 | 0.5 | 8.5 | 数据优化 | <- | <- | <- | 
| 2025-04-26 | V530-Tophat | 08:00:00 | 12:30:00 | 4.0 | 4.0 | 数据优化 | <- | <- | <- | 
| 2025-04-27 | V530-Tophat | 08:00:00 | 18:30:00 | 2.0 | 10.0 | 数据优化 | <- | <- | <- | 
| 2025-04-28 | V530-Tophat | 08:00:00 | 18:00:00 | 1.5 | 9.5 | 数据优化 | <- | <- | <- | 
| 2025-04-29 | V530-Tophat | 08:00:00 | 18:00:00 | 1.5 | 9.5 | 数据优化 | <- | <- | <- | 
| 2025-04-30 | V530-Tophat | 08:00:00 | 16:30:00 | 0.0 | 8.0 | 数据优化 | <- | <- | <- | 
| 2025-05-01 |  |  |  |  |  |  | <- | <- | <- | 
| 工时统计 | 项目名称 | 项目编号 | 加班 | <- | 工时 | 项目工程师签字 | <- | <- | <- | 
| ^ | G01 |  | 34.0 | <- | 178.0 | 邹杰 | <- | <- | <- | 
| ^ | V530-Tophat |  | 9 | <- | 41 |  | <- | <- | <- | 
| ^ |  |  |  | <- |  |  | <- | <- | <- | 
| ^ |  |  |  | <- |  |  | <- | <- | <- | 
| 总计工时 | 219.00 | <- | 经理签字： | <- | <- |  | <- | <- | <- | 


## 工作表: Sheet1

| A | B | C | D | E | F | 
|  --- | --- | --- | --- | --- | --- |
|  |  |  | 一年调整一次，请勿随意删除 | <- | <- | 
|  |  |  | 2025 | <- | <- | 
| 年 | 月 |  | 节假日 | 调休加班日 |  | 
| 1905-07-17 | 4 |  | 45658 | 45683 |  | 
|  |  |  | 45685 | 45696 |  | 
|  |  |  | 45686 | 45774 |  | 
|  |  |  | 45687 | 45928 |  | 
|  |  |  | 45688 | 45941 |  | 
|  |  |  | 45689 |  |  | 
|  |  |  | 45690 |  |  | 
|  |  |  | 45691 |  |  | 
|  |  |  | 45692 |  |  | 
|  |  |  | 45751 |  |  | 
|  |  |  | 45752 |  |  | 
|  |  |  | 45753 |  |  | 
|  |  |  | 45778 |  |  | 
|  |  |  | 45779 |  |  | 
|  |  |  | 45780 |  |  | 
|  |  |  | 45781 |  |  | 
|  |  |  | 45782 |  |  | 
|  |  |  | 45808 |  |  | 
|  |  |  | 45809 |  |  | 
|  |  |  | 45810 |  |  | 
|  |  |  | 45931 |  |  | 
|  |  |  | 45932 |  |  | 
|  |  |  | 45933 |  |  | 
|  |  |  | 45934 |  |  | 
|  |  |  | 45935 |  |  | 
|  |  |  | 45936 |  |  | 
|  |  |  | 45937 |  |  | 
|  |  |  | 45938 |  |  | 



2025-05-20 10:53:59,139 - INFO - 请求成功，状态码: 200
2025-05-20 10:53:59,140 - INFO - 模型返回：{"employee_name":"张博", "company_name":"上海睿励信息技术有限公司"}

2025-05-20 10:53:59,140 - INFO - 解析模型返回：
 - 员工姓名：张博,  - 公司名称：上海睿励信息技术有限公司
2025-05-20 10:53:59,141 - INFO - 

从表格文本中，提取汇总数据...
2025-05-20 10:53:59,142 - INFO - 发送请求到模型API...
2025-05-20 10:53:59,142 - INFO - system_prompt：
你是一个专业的工时数据提取助手。用户会提供给你一份Excel工时表，已转换为Markdown格式。你需要提取出表格中的按照项目做统计的工时汇总数据。将提取结果以JSON格式输出。以项目名称作为key为项目名称，value为包含加班和工时的字典。

markdown格式的表格中合并单元格表示法：
   - "^" 符号表示该单元格与上方单元格合并（纵向合并）
   - "<-" 符号表示该单元格与左侧单元格合并（横向合并）
   - "^<-" 符号表示该单元格同时与上方和左侧单元格合并（纵横合并）

你可以按照以下步骤进行分析：
1. 首先，定位表格中工时统计汇总数据，通常在表格的下方。
2. 读取工时统计汇总数据，包含项目名称、项目编号、加班、工时等。项目编号可能为空。
3. 整理所有数据，以JSON格式输。key为项目名称，value为包含加班`overtime_hours`和工时`total_hours`的字典。

注意：
1.直接返回结果，不要包含任何解释或说明。
2.输出结果必须严格按照无语法错误的JSON格式输出，不能有任何其他格式。

以JSON格式输出结果，示例输出如下：
示例1：
{"D11":{"overtime_hours":20,"total_hours":120}, "A12":{"overtime_hours":6,"total_hours":14}, "B13":{"overtime_hours":1,"total_hours":10}}
示例2：
{"D11":{"overtime_hours":20,"total_hours":120}, "A12":{"overtime_hours":6,"total_hours":14}}

2025-05-20 10:53:59,145 - INFO - user_prompt：## 工作表: 张博

| A | B | C | D | E | F | G | H | I | J | 
|  --- | --- | --- | --- | --- | --- | --- | --- | --- | --- |
| 重庆延锋安道拓 | <- | 上海睿励信息技术有限公司 工时记录表 | <- | <- | <- | <- | <- | <- | <- | 
| ^ | ^<- | 供应商 |  | <- | <- | <- | <- | <- | <- | 
| 工程师 | 张博 | <- | 负责人 | 邹杰 | 电话 | 13184582305 | <- | <- | <- | 
| 日期 | 项目名称 | 开始工作时间 | 工作结束时间 | 加班时间 | 总工作时间 | 备注 | <- | <- | <- | 
| 2025-04-01 | G01 | 08:00:00 | 19:30:00 | 3.0 | 11.0 | 数据优化 | <- | <- | <- | 
| 2025-04-02 | G01 | 08:00:00 | 20:30:00 | 4.0 | 12.0 | 数据优化 | <- | <- | <- | 
| 2025-04-03 | G01 | 08:00:00 | 16:30:00 | 0.0 | 8.0 | 数据优化 | <- | <- | <- | 
| 2025-04-04 | G01 |  |  |  |  |  | <- | <- | <- | 
| 2025-04-05 | G01 |  |  |  |  |  | <- | <- | <- | 
| 2025-04-06 | G01 |  |  |  |  |  | <- | <- | <- | 
| 2025-04-07 | G01 | 08:00:00 | 17:00:00 | 0.5 | 8.5 | 数据优化 | <- | <- | <- | 
| 2025-04-08 | G01 | 08:00:00 | 17:30:00 | 1.0 | 9.0 | 数据优化 | <- | <- | <- | 
| 2025-04-09 | G01 | 08:00:00 | 16:30:00 | 0.0 | 8.0 | 数据优化 | <- | <- | <- | 
| 2025-04-10 | G01 | 08:00:00 | 18:00:00 | 1.5 | 9.5 | 数据优化 | <- | <- | <- | 
| 2025-04-11 | G01 | 08:00:00 | 16:30:00 | 0.0 | 8.0 | 数据优化 | <- | <- | <- | 
| 2025-04-12 | G01 |  |  |  |  |  | <- | <- | <- | 
| 2025-04-13 | G01 |  |  |  |  |  | <- | <- | <- | 
| 2025-04-14 | G01 | 08:00:00 | 17:30:00 | 1.0 | 9.0 | 数据优化 | <- | <- | <- | 
| 2025-04-15 | G01 | 08:00:00 | 20:00:00 | 3.5 | 11.5 | 数据优化 | <- | <- | <- | 
| 2025-04-16 | G01 | 08:00:00 | 20:00:00 | 3.5 | 11.5 | 数据优化 | <- | <- | <- | 
| 2025-04-17 | G01 | 08:00:00 | 19:30:00 | 3.0 | 11.0 | 数据优化 | <- | <- | <- | 
| 2025-04-18 | G01 | 08:00:00 | 20:30:00 | 4.0 | 12.0 | 数据优化 | <- | <- | <- | 
| 2025-04-19 | G01 |  |  |  |  |  | <- | <- | <- | 
| 2025-04-20 | G01 | 10:00:00 | 15:30:00 | 5.0 | 5.0 | 数据优化 | <- | <- | <- | 
| 2025-04-21 | G01 | 08:00:00 | 18:30:00 | 2.0 | 10.0 | 数据优化 | <- | <- | <- | 
| 2025-04-22 | G01 | 08:00:00 | 16:30:00 | 0.0 | 8.0 | 数据优化 | <- | <- | <- | 
| 2025-04-23 | G01 | 08:00:00 | 17:00:00 | 0.5 | 8.5 | 数据优化 | <- | <- | <- | 
| 2025-04-24 | G01 | 08:00:00 | 17:30:00 | 1.0 | 9.0 | 数据优化 | <- | <- | <- | 
| 2025-04-25 | G01 | 08:00:00 | 17:00:00 | 0.5 | 8.5 | 数据优化 | <- | <- | <- | 
| 2025-04-26 | V530-Tophat | 08:00:00 | 12:30:00 | 4.0 | 4.0 | 数据优化 | <- | <- | <- | 
| 2025-04-27 | V530-Tophat | 08:00:00 | 18:30:00 | 2.0 | 10.0 | 数据优化 | <- | <- | <- | 
| 2025-04-28 | V530-Tophat | 08:00:00 | 18:00:00 | 1.5 | 9.5 | 数据优化 | <- | <- | <- | 
| 2025-04-29 | V530-Tophat | 08:00:00 | 18:00:00 | 1.5 | 9.5 | 数据优化 | <- | <- | <- | 
| 2025-04-30 | V530-Tophat | 08:00:00 | 16:30:00 | 0.0 | 8.0 | 数据优化 | <- | <- | <- | 
| 2025-05-01 |  |  |  |  |  |  | <- | <- | <- | 
| 工时统计 | 项目名称 | 项目编号 | 加班 | <- | 工时 | 项目工程师签字 | <- | <- | <- | 
| ^ | G01 |  | 34.0 | <- | 178.0 | 邹杰 | <- | <- | <- | 
| ^ | V530-Tophat |  | 9 | <- | 41 |  | <- | <- | <- | 
| ^ |  |  |  | <- |  |  | <- | <- | <- | 
| ^ |  |  |  | <- |  |  | <- | <- | <- | 
| 总计工时 | 219.00 | <- | 经理签字： | <- | <- |  | <- | <- | <- | 


## 工作表: Sheet1

| A | B | C | D | E | F | 
|  --- | --- | --- | --- | --- | --- |
|  |  |  | 一年调整一次，请勿随意删除 | <- | <- | 
|  |  |  | 2025 | <- | <- | 
| 年 | 月 |  | 节假日 | 调休加班日 |  | 
| 1905-07-17 | 4 |  | 45658 | 45683 |  | 
|  |  |  | 45685 | 45696 |  | 
|  |  |  | 45686 | 45774 |  | 
|  |  |  | 45687 | 45928 |  | 
|  |  |  | 45688 | 45941 |  | 
|  |  |  | 45689 |  |  | 
|  |  |  | 45690 |  |  | 
|  |  |  | 45691 |  |  | 
|  |  |  | 45692 |  |  | 
|  |  |  | 45751 |  |  | 
|  |  |  | 45752 |  |  | 
|  |  |  | 45753 |  |  | 
|  |  |  | 45778 |  |  | 
|  |  |  | 45779 |  |  | 
|  |  |  | 45780 |  |  | 
|  |  |  | 45781 |  |  | 
|  |  |  | 45782 |  |  | 
|  |  |  | 45808 |  |  | 
|  |  |  | 45809 |  |  | 
|  |  |  | 45810 |  |  | 
|  |  |  | 45931 |  |  | 
|  |  |  | 45932 |  |  | 
|  |  |  | 45933 |  |  | 
|  |  |  | 45934 |  |  | 
|  |  |  | 45935 |  |  | 
|  |  |  | 45936 |  |  | 
|  |  |  | 45937 |  |  | 
|  |  |  | 45938 |  |  | 



2025-05-20 10:54:01,589 - INFO - 请求成功，状态码: 200
2025-05-20 10:54:01,590 - INFO - 模型返回：
{"G01":{"overtime_hours":34.0,"total_hours":178.0},"V530-Tophat":{"overtime_hours":9,"total_hours":41}}

2025-05-20 10:54:01,590 - INFO - 源数据表中的工时汇总数据：{'G01': {'overtime_hours': 34.0, 'total_hours': 178.0}, 'V530-Tophat': {'overtime_hours': 9, 'total_hours': 41}}
2025-05-20 10:54:01,591 - INFO - 文件处理进度：6 / 10
2025-05-20 10:54:01,591 - INFO - 开始处理工时文件：D:/sotos工作资料/test/5\易云红工时表-重庆安道拓-2025年04月.xlsx
2025-05-20 10:54:01,701 - INFO - Excel表格提取文本：
## 工作表: 易云红

| A | B | C | D | E | F | G | H | I | J | 
|  --- | --- | --- | --- | --- | --- | --- | --- | --- | --- |
| 重庆延锋安道拓 | <- | 上海睿励信息技术有限公司 工时记录表 | <- | <- | <- | <- | <- | <- | <- | 
| ^ | ^<- | 供应商 |  | <- | <- | <- | <- | <- | <- | 
| 工程师 | 易云红 | <- | 负责人 | 易启洪 | 电话 | 18580050326 | <- | <- | <- | 
| 日期 | 项目名称 | 开始工作时间 | 工作结束时间 | 加班时间 | 总工作时间 | 备注 | <- | <- | <- | 
| 2025-04-01 | V530 | 08:00:00 | 19:00:00 | 2.5 | 10.5 | CN8C数据上传系统并对比借用件是否有差异。K579方案。 | <- | <- | <- | 
| 2025-04-02 | V530 | 08:00:00 | 19:00:00 | 2.5 | 10.5 | K579方案数据(零重力推动方式更改为推)。 | <- | <- | <- | 
| 2025-04-03 | V530 | 08:00:00 | 17:00:00 | 0.5 | 8.5 | 小米昆仑钢丝数据上传系统以及出钢丝图纸。 | <- | <- | <- | 
| 2025-04-04 |  |  |  |  |  |  | <- | <- | <- | 
| 2025-04-05 |  |  |  |  |  |  | <- | <- | <- | 
| 2025-04-06 |  |  |  |  |  |  | <- | <- | <- | 
| 2025-04-07 | V530 | 08:00:00 | 19:00:00 | 2.5 | 10.5 | 小米昆仑钢丝图纸。推杆零重力加前滑专利数据。 | <- | <- | <- | 
| 2025-04-08 | V530 | 08:00:00 | 18:30:00 | 2.0 | 10.0 | 小米昆仑钢丝图纸。推杆零重力加前滑专利数据。 | <- | <- | <- | 
| 2025-04-09 | V530 | 08:00:00 | 18:00:00 | 1.5 | 9.5 | 推杆零重力加前滑专利数据。M70铝合金报价数据。 | <- | <- | <- | 
| 2025-04-10 | V530 | 08:00:00 | 18:00:00 | 1.5 | 9.5 | K579-DMU，M70脚托线图方案。 | <- | <- | <- | 
| 2025-04-11 | V530 | 08:00:00 | 17:00:00 | 0.5 | 8.5 | CN8C客户图纸。 | <- | <- | <- | 
| 2025-04-12 | V530 | 11:00:00 | 13:30:00 | 2.0 | 2.0 | CN8C客户图纸。 | <- | <- | <- | 
| 2025-04-13 |  |  |  |  |  |  | <- | <- | <- | 
| 2025-04-14 | V530 | 08:00:00 | 18:30:00 | 2.0 | 10.0 | CN8C客户图纸,EBOM更改,座框图纸更新。 | <- | <- | <- | 
| 2025-04-15 | V530 | 08:00:00 | 18:00:00 | 1.5 | 9.5 | CN8C系统层级数据更改，系统数据更新。CX810数据上传。 | <- | <- | <- | 
| 2025-04-16 | V530 | 08:00:00 | 18:30:00 | 2.0 | 10.0 | CX810系统层级搭建。E12MCA报价方案数据。 | <- | <- | <- | 
| 2025-04-17 | V530 | 08:00:00 | 18:30:00 | 2.0 | 10.0 | CN8C客户图纸。E12MCA报价方案数据。 | <- | <- | <- | 
| 2025-04-18 | V530 | 08:00:00 | 17:00:00 | 0.5 | 8.5 | CN8C客户图纸。 | <- | <- | <- | 
| 2025-04-19 |  |  |  |  |  |  | <- | <- | <- | 
| 2025-04-20 |  |  |  |  |  |  | <- | <- | <- | 
| 2025-04-21 | V530 | 08:00:00 | 18:00:00 | 1.5 | 9.5 | CN8C客户图纸。T88-M前脚板横梁方案数据。 | <- | <- | <- | 
| 2025-04-22 | V530 | 08:00:00 | 18:00:00 | 1.5 | 9.5 | E12MCA方案数据，E05M方案数据。 | <- | <- | <- | 
| 2025-04-23 | V530 | 08:00:00 | 18:30:00 | 2.0 | 10.0 | 前滑加零重力方案数据(新位置状态)。 | <- | <- | <- | 
| 2025-04-24 | V530 | 08:00:00 | 18:30:00 | 2.0 | 10.0 | 前滑加零重力方案数据(新位置状态)。曼岛数据更改。 | <- | <- | <- | 
| 2025-04-25 | V530 | 08:00:00 | 18:30:00 | 2.0 | 10.0 | 曼岛数据更改。 | <- | <- | <- | 
| 2025-04-26 |  |  |  |  |  |  | <- | <- | <- | 
| 2025-04-27 | V530 | 08:00:00 | 17:30:00 | 1.0 | 9.0 | CN8C总成图纸更新。 | <- | <- | <- | 
| 2025-04-28 | V530 | 08:00:00 | 20:00:00 | 3.5 | 11.5 | E235报价数据以及焊缝，CN8C客户图纸更新。 | <- | <- | <- | 
| 2025-04-29 | V530 | 08:00:00 | 19:00:00 | 2.5 | 10.5 | CN8C客户图纸更新。曼岛数据更改。E235报价QBOM。 | <- | <- | <- | 
| 2025-04-30 | V530 | 08:00:00 | 17:00:00 | 0.5 | 8.5 | E235报价QBOM | <- | <- | <- | 
| 2025-05-01 |  |  |  |  |  |  | <- | <- | <- | 
| 工时统计 | 项目名称 | 项目编号 | 加班 | <- | 工时 | 项目工程师签字 | <- | <- | <- | 
| ^ | V530 |  | 40.0 | <- | 216.0 |  | <- | <- | <- | 
| ^ |  |  |  | <- |  |  | <- | <- | <- | 
| ^ |  |  |  | <- |  |  | <- | <- | <- | 
| ^ |  |  |  | <- |  |  | <- | <- | <- | 
| 总计工时 | 216.00 | <- | 经理签字： | <- | <- |  | <- | <- | <- | 


## 工作表: Sheet1

| A | B | C | D | E | F | 
|  --- | --- | --- | --- | --- | --- |
|  |  |  | 一年调整一次，请勿随意删除 | <- | <- | 
|  |  |  | 2025 | <- | <- | 
| 年 | 月 |  | 节假日 | 调休加班日 |  | 
| 1905-07-17 | 4 |  | 45658 | 45683 |  | 
|  |  |  | 45685 | 45696 |  | 
|  |  |  | 45686 | 45774 |  | 
|  |  |  | 45687 | 45928 |  | 
|  |  |  | 45688 | 45941 |  | 
|  |  |  | 45689 |  |  | 
|  |  |  | 45690 |  |  | 
|  |  |  | 45691 |  |  | 
|  |  |  | 45692 |  |  | 
|  |  |  | 45751 |  |  | 
|  |  |  | 45752 |  |  | 
|  |  |  | 45753 |  |  | 
|  |  |  | 45778 |  |  | 
|  |  |  | 45779 |  |  | 
|  |  |  | 45780 |  |  | 
|  |  |  | 45781 |  |  | 
|  |  |  | 45782 |  |  | 
|  |  |  | 45808 |  |  | 
|  |  |  | 45809 |  |  | 
|  |  |  | 45810 |  |  | 
|  |  |  | 45931 |  |  | 
|  |  |  | 45932 |  |  | 
|  |  |  | 45933 |  |  | 
|  |  |  | 45934 |  |  | 
|  |  |  | 45935 |  |  | 
|  |  |  | 45936 |  |  | 
|  |  |  | 45937 |  |  | 
|  |  |  | 45938 |  |  | 



2025-05-20 10:54:01,710 - INFO - 从表格文本中，提取员工姓名和公司名称...
2025-05-20 10:54:01,710 - INFO - 发送请求到模型API...
2025-05-20 10:54:01,711 - INFO - system_prompt：
你是一个专业的表格信息提取助手。用户会提供给你一份Excel工时表，已转换为Markdown格式。你需要提取出表格包含的员工姓名`employee_name`和公司名称`company_name`。以JSON格式输出结果，包含`employee_name`和`company_name`两个字段。如果无法提取到员工姓名和公司名称，请返回空字符串。

markdown格式的表格中合并单元格表示法：
   - "^" 符号表示该单元格与上方单元格合并（纵向合并）
   - "<-" 符号表示该单元格与左侧单元格合并（横向合并）
   - "^<-" 符号表示该单元格同时与上方和左侧单元格合并（纵横合并）

比如：{"employee_name":"张三", "company_name":"XXX公司"}
注意：直接返回结果，不要包含任何解释或说明。

2025-05-20 10:54:01,712 - INFO - user_prompt：## 工作表: 易云红

| A | B | C | D | E | F | G | H | I | J | 
|  --- | --- | --- | --- | --- | --- | --- | --- | --- | --- |
| 重庆延锋安道拓 | <- | 上海睿励信息技术有限公司 工时记录表 | <- | <- | <- | <- | <- | <- | <- | 
| ^ | ^<- | 供应商 |  | <- | <- | <- | <- | <- | <- | 
| 工程师 | 易云红 | <- | 负责人 | 易启洪 | 电话 | 18580050326 | <- | <- | <- | 
| 日期 | 项目名称 | 开始工作时间 | 工作结束时间 | 加班时间 | 总工作时间 | 备注 | <- | <- | <- | 
| 2025-04-01 | V530 | 08:00:00 | 19:00:00 | 2.5 | 10.5 | CN8C数据上传系统并对比借用件是否有差异。K579方案。 | <- | <- | <- | 
| 2025-04-02 | V530 | 08:00:00 | 19:00:00 | 2.5 | 10.5 | K579方案数据(零重力推动方式更改为推)。 | <- | <- | <- | 
| 2025-04-03 | V530 | 08:00:00 | 17:00:00 | 0.5 | 8.5 | 小米昆仑钢丝数据上传系统以及出钢丝图纸。 | <- | <- | <- | 
| 2025-04-04 |  |  |  |  |  |  | <- | <- | <- | 
| 2025-04-05 |  |  |  |  |  |  | <- | <- | <- | 
| 2025-04-06 |  |  |  |  |  |  | <- | <- | <- | 
| 2025-04-07 | V530 | 08:00:00 | 19:00:00 | 2.5 | 10.5 | 小米昆仑钢丝图纸。推杆零重力加前滑专利数据。 | <- | <- | <- | 
| 2025-04-08 | V530 | 08:00:00 | 18:30:00 | 2.0 | 10.0 | 小米昆仑钢丝图纸。推杆零重力加前滑专利数据。 | <- | <- | <- | 
| 2025-04-09 | V530 | 08:00:00 | 18:00:00 | 1.5 | 9.5 | 推杆零重力加前滑专利数据。M70铝合金报价数据。 | <- | <- | <- | 
| 2025-04-10 | V530 | 08:00:00 | 18:00:00 | 1.5 | 9.5 | K579-DMU，M70脚托线图方案。 | <- | <- | <- | 
| 2025-04-11 | V530 | 08:00:00 | 17:00:00 | 0.5 | 8.5 | CN8C客户图纸。 | <- | <- | <- | 
| 2025-04-12 | V530 | 11:00:00 | 13:30:00 | 2.0 | 2.0 | CN8C客户图纸。 | <- | <- | <- | 
| 2025-04-13 |  |  |  |  |  |  | <- | <- | <- | 
| 2025-04-14 | V530 | 08:00:00 | 18:30:00 | 2.0 | 10.0 | CN8C客户图纸,EBOM更改,座框图纸更新。 | <- | <- | <- | 
| 2025-04-15 | V530 | 08:00:00 | 18:00:00 | 1.5 | 9.5 | CN8C系统层级数据更改，系统数据更新。CX810数据上传。 | <- | <- | <- | 
| 2025-04-16 | V530 | 08:00:00 | 18:30:00 | 2.0 | 10.0 | CX810系统层级搭建。E12MCA报价方案数据。 | <- | <- | <- | 
| 2025-04-17 | V530 | 08:00:00 | 18:30:00 | 2.0 | 10.0 | CN8C客户图纸。E12MCA报价方案数据。 | <- | <- | <- | 
| 2025-04-18 | V530 | 08:00:00 | 17:00:00 | 0.5 | 8.5 | CN8C客户图纸。 | <- | <- | <- | 
| 2025-04-19 |  |  |  |  |  |  | <- | <- | <- | 
| 2025-04-20 |  |  |  |  |  |  | <- | <- | <- | 
| 2025-04-21 | V530 | 08:00:00 | 18:00:00 | 1.5 | 9.5 | CN8C客户图纸。T88-M前脚板横梁方案数据。 | <- | <- | <- | 
| 2025-04-22 | V530 | 08:00:00 | 18:00:00 | 1.5 | 9.5 | E12MCA方案数据，E05M方案数据。 | <- | <- | <- | 
| 2025-04-23 | V530 | 08:00:00 | 18:30:00 | 2.0 | 10.0 | 前滑加零重力方案数据(新位置状态)。 | <- | <- | <- | 
| 2025-04-24 | V530 | 08:00:00 | 18:30:00 | 2.0 | 10.0 | 前滑加零重力方案数据(新位置状态)。曼岛数据更改。 | <- | <- | <- | 
| 2025-04-25 | V530 | 08:00:00 | 18:30:00 | 2.0 | 10.0 | 曼岛数据更改。 | <- | <- | <- | 
| 2025-04-26 |  |  |  |  |  |  | <- | <- | <- | 
| 2025-04-27 | V530 | 08:00:00 | 17:30:00 | 1.0 | 9.0 | CN8C总成图纸更新。 | <- | <- | <- | 
| 2025-04-28 | V530 | 08:00:00 | 20:00:00 | 3.5 | 11.5 | E235报价数据以及焊缝，CN8C客户图纸更新。 | <- | <- | <- | 
| 2025-04-29 | V530 | 08:00:00 | 19:00:00 | 2.5 | 10.5 | CN8C客户图纸更新。曼岛数据更改。E235报价QBOM。 | <- | <- | <- | 
| 2025-04-30 | V530 | 08:00:00 | 17:00:00 | 0.5 | 8.5 | E235报价QBOM | <- | <- | <- | 
| 2025-05-01 |  |  |  |  |  |  | <- | <- | <- | 
| 工时统计 | 项目名称 | 项目编号 | 加班 | <- | 工时 | 项目工程师签字 | <- | <- | <- | 
| ^ | V530 |  | 40.0 | <- | 216.0 |  | <- | <- | <- | 
| ^ |  |  |  | <- |  |  | <- | <- | <- | 
| ^ |  |  |  | <- |  |  | <- | <- | <- | 
| ^ |  |  |  | <- |  |  | <- | <- | <- | 
| 总计工时 | 216.00 | <- | 经理签字： | <- | <- |  | <- | <- | <- | 


## 工作表: Sheet1

| A | B | C | D | E | F | 
|  --- | --- | --- | --- | --- | --- |
|  |  |  | 一年调整一次，请勿随意删除 | <- | <- | 
|  |  |  | 2025 | <- | <- | 
| 年 | 月 |  | 节假日 | 调休加班日 |  | 
| 1905-07-17 | 4 |  | 45658 | 45683 |  | 
|  |  |  | 45685 | 45696 |  | 
|  |  |  | 45686 | 45774 |  | 
|  |  |  | 45687 | 45928 |  | 
|  |  |  | 45688 | 45941 |  | 
|  |  |  | 45689 |  |  | 
|  |  |  | 45690 |  |  | 
|  |  |  | 45691 |  |  | 
|  |  |  | 45692 |  |  | 
|  |  |  | 45751 |  |  | 
|  |  |  | 45752 |  |  | 
|  |  |  | 45753 |  |  | 
|  |  |  | 45778 |  |  | 
|  |  |  | 45779 |  |  | 
|  |  |  | 45780 |  |  | 
|  |  |  | 45781 |  |  | 
|  |  |  | 45782 |  |  | 
|  |  |  | 45808 |  |  | 
|  |  |  | 45809 |  |  | 
|  |  |  | 45810 |  |  | 
|  |  |  | 45931 |  |  | 
|  |  |  | 45932 |  |  | 
|  |  |  | 45933 |  |  | 
|  |  |  | 45934 |  |  | 
|  |  |  | 45935 |  |  | 
|  |  |  | 45936 |  |  | 
|  |  |  | 45937 |  |  | 
|  |  |  | 45938 |  |  | 



2025-05-20 10:54:03,686 - INFO - 请求成功，状态码: 200
2025-05-20 10:54:03,686 - INFO - 模型返回：{"employee_name":"易云红", "company_name":"重庆延锋安道拓"}

2025-05-20 10:54:03,687 - INFO - 解析模型返回：
 - 员工姓名：易云红,  - 公司名称：重庆延锋安道拓
2025-05-20 10:54:03,687 - INFO - 

从表格文本中，提取汇总数据...
2025-05-20 10:54:03,688 - INFO - 发送请求到模型API...
2025-05-20 10:54:03,688 - INFO - system_prompt：
你是一个专业的工时数据提取助手。用户会提供给你一份Excel工时表，已转换为Markdown格式。你需要提取出表格中的按照项目做统计的工时汇总数据。将提取结果以JSON格式输出。以项目名称作为key为项目名称，value为包含加班和工时的字典。

markdown格式的表格中合并单元格表示法：
   - "^" 符号表示该单元格与上方单元格合并（纵向合并）
   - "<-" 符号表示该单元格与左侧单元格合并（横向合并）
   - "^<-" 符号表示该单元格同时与上方和左侧单元格合并（纵横合并）

你可以按照以下步骤进行分析：
1. 首先，定位表格中工时统计汇总数据，通常在表格的下方。
2. 读取工时统计汇总数据，包含项目名称、项目编号、加班、工时等。项目编号可能为空。
3. 整理所有数据，以JSON格式输。key为项目名称，value为包含加班`overtime_hours`和工时`total_hours`的字典。

注意：
1.直接返回结果，不要包含任何解释或说明。
2.输出结果必须严格按照无语法错误的JSON格式输出，不能有任何其他格式。

以JSON格式输出结果，示例输出如下：
示例1：
{"D11":{"overtime_hours":20,"total_hours":120}, "A12":{"overtime_hours":6,"total_hours":14}, "B13":{"overtime_hours":1,"total_hours":10}}
示例2：
{"D11":{"overtime_hours":20,"total_hours":120}, "A12":{"overtime_hours":6,"total_hours":14}}

2025-05-20 10:54:03,690 - INFO - user_prompt：## 工作表: 易云红

| A | B | C | D | E | F | G | H | I | J | 
|  --- | --- | --- | --- | --- | --- | --- | --- | --- | --- |
| 重庆延锋安道拓 | <- | 上海睿励信息技术有限公司 工时记录表 | <- | <- | <- | <- | <- | <- | <- | 
| ^ | ^<- | 供应商 |  | <- | <- | <- | <- | <- | <- | 
| 工程师 | 易云红 | <- | 负责人 | 易启洪 | 电话 | 18580050326 | <- | <- | <- | 
| 日期 | 项目名称 | 开始工作时间 | 工作结束时间 | 加班时间 | 总工作时间 | 备注 | <- | <- | <- | 
| 2025-04-01 | V530 | 08:00:00 | 19:00:00 | 2.5 | 10.5 | CN8C数据上传系统并对比借用件是否有差异。K579方案。 | <- | <- | <- | 
| 2025-04-02 | V530 | 08:00:00 | 19:00:00 | 2.5 | 10.5 | K579方案数据(零重力推动方式更改为推)。 | <- | <- | <- | 
| 2025-04-03 | V530 | 08:00:00 | 17:00:00 | 0.5 | 8.5 | 小米昆仑钢丝数据上传系统以及出钢丝图纸。 | <- | <- | <- | 
| 2025-04-04 |  |  |  |  |  |  | <- | <- | <- | 
| 2025-04-05 |  |  |  |  |  |  | <- | <- | <- | 
| 2025-04-06 |  |  |  |  |  |  | <- | <- | <- | 
| 2025-04-07 | V530 | 08:00:00 | 19:00:00 | 2.5 | 10.5 | 小米昆仑钢丝图纸。推杆零重力加前滑专利数据。 | <- | <- | <- | 
| 2025-04-08 | V530 | 08:00:00 | 18:30:00 | 2.0 | 10.0 | 小米昆仑钢丝图纸。推杆零重力加前滑专利数据。 | <- | <- | <- | 
| 2025-04-09 | V530 | 08:00:00 | 18:00:00 | 1.5 | 9.5 | 推杆零重力加前滑专利数据。M70铝合金报价数据。 | <- | <- | <- | 
| 2025-04-10 | V530 | 08:00:00 | 18:00:00 | 1.5 | 9.5 | K579-DMU，M70脚托线图方案。 | <- | <- | <- | 
| 2025-04-11 | V530 | 08:00:00 | 17:00:00 | 0.5 | 8.5 | CN8C客户图纸。 | <- | <- | <- | 
| 2025-04-12 | V530 | 11:00:00 | 13:30:00 | 2.0 | 2.0 | CN8C客户图纸。 | <- | <- | <- | 
| 2025-04-13 |  |  |  |  |  |  | <- | <- | <- | 
| 2025-04-14 | V530 | 08:00:00 | 18:30:00 | 2.0 | 10.0 | CN8C客户图纸,EBOM更改,座框图纸更新。 | <- | <- | <- | 
| 2025-04-15 | V530 | 08:00:00 | 18:00:00 | 1.5 | 9.5 | CN8C系统层级数据更改，系统数据更新。CX810数据上传。 | <- | <- | <- | 
| 2025-04-16 | V530 | 08:00:00 | 18:30:00 | 2.0 | 10.0 | CX810系统层级搭建。E12MCA报价方案数据。 | <- | <- | <- | 
| 2025-04-17 | V530 | 08:00:00 | 18:30:00 | 2.0 | 10.0 | CN8C客户图纸。E12MCA报价方案数据。 | <- | <- | <- | 
| 2025-04-18 | V530 | 08:00:00 | 17:00:00 | 0.5 | 8.5 | CN8C客户图纸。 | <- | <- | <- | 
| 2025-04-19 |  |  |  |  |  |  | <- | <- | <- | 
| 2025-04-20 |  |  |  |  |  |  | <- | <- | <- | 
| 2025-04-21 | V530 | 08:00:00 | 18:00:00 | 1.5 | 9.5 | CN8C客户图纸。T88-M前脚板横梁方案数据。 | <- | <- | <- | 
| 2025-04-22 | V530 | 08:00:00 | 18:00:00 | 1.5 | 9.5 | E12MCA方案数据，E05M方案数据。 | <- | <- | <- | 
| 2025-04-23 | V530 | 08:00:00 | 18:30:00 | 2.0 | 10.0 | 前滑加零重力方案数据(新位置状态)。 | <- | <- | <- | 
| 2025-04-24 | V530 | 08:00:00 | 18:30:00 | 2.0 | 10.0 | 前滑加零重力方案数据(新位置状态)。曼岛数据更改。 | <- | <- | <- | 
| 2025-04-25 | V530 | 08:00:00 | 18:30:00 | 2.0 | 10.0 | 曼岛数据更改。 | <- | <- | <- | 
| 2025-04-26 |  |  |  |  |  |  | <- | <- | <- | 
| 2025-04-27 | V530 | 08:00:00 | 17:30:00 | 1.0 | 9.0 | CN8C总成图纸更新。 | <- | <- | <- | 
| 2025-04-28 | V530 | 08:00:00 | 20:00:00 | 3.5 | 11.5 | E235报价数据以及焊缝，CN8C客户图纸更新。 | <- | <- | <- | 
| 2025-04-29 | V530 | 08:00:00 | 19:00:00 | 2.5 | 10.5 | CN8C客户图纸更新。曼岛数据更改。E235报价QBOM。 | <- | <- | <- | 
| 2025-04-30 | V530 | 08:00:00 | 17:00:00 | 0.5 | 8.5 | E235报价QBOM | <- | <- | <- | 
| 2025-05-01 |  |  |  |  |  |  | <- | <- | <- | 
| 工时统计 | 项目名称 | 项目编号 | 加班 | <- | 工时 | 项目工程师签字 | <- | <- | <- | 
| ^ | V530 |  | 40.0 | <- | 216.0 |  | <- | <- | <- | 
| ^ |  |  |  | <- |  |  | <- | <- | <- | 
| ^ |  |  |  | <- |  |  | <- | <- | <- | 
| ^ |  |  |  | <- |  |  | <- | <- | <- | 
| 总计工时 | 216.00 | <- | 经理签字： | <- | <- |  | <- | <- | <- | 


## 工作表: Sheet1

| A | B | C | D | E | F | 
|  --- | --- | --- | --- | --- | --- |
|  |  |  | 一年调整一次，请勿随意删除 | <- | <- | 
|  |  |  | 2025 | <- | <- | 
| 年 | 月 |  | 节假日 | 调休加班日 |  | 
| 1905-07-17 | 4 |  | 45658 | 45683 |  | 
|  |  |  | 45685 | 45696 |  | 
|  |  |  | 45686 | 45774 |  | 
|  |  |  | 45687 | 45928 |  | 
|  |  |  | 45688 | 45941 |  | 
|  |  |  | 45689 |  |  | 
|  |  |  | 45690 |  |  | 
|  |  |  | 45691 |  |  | 
|  |  |  | 45692 |  |  | 
|  |  |  | 45751 |  |  | 
|  |  |  | 45752 |  |  | 
|  |  |  | 45753 |  |  | 
|  |  |  | 45778 |  |  | 
|  |  |  | 45779 |  |  | 
|  |  |  | 45780 |  |  | 
|  |  |  | 45781 |  |  | 
|  |  |  | 45782 |  |  | 
|  |  |  | 45808 |  |  | 
|  |  |  | 45809 |  |  | 
|  |  |  | 45810 |  |  | 
|  |  |  | 45931 |  |  | 
|  |  |  | 45932 |  |  | 
|  |  |  | 45933 |  |  | 
|  |  |  | 45934 |  |  | 
|  |  |  | 45935 |  |  | 
|  |  |  | 45936 |  |  | 
|  |  |  | 45937 |  |  | 
|  |  |  | 45938 |  |  | 



2025-05-20 10:54:05,759 - INFO - 请求成功，状态码: 200
2025-05-20 10:54:05,761 - INFO - 模型返回：
{"V530":{"overtime_hours":40.0,"total_hours":216.0}}

2025-05-20 10:54:05,762 - INFO - 源数据表中的工时汇总数据：{'V530': {'overtime_hours': 40.0, 'total_hours': 216.0}}
2025-05-20 10:54:05,762 - INFO - 文件处理进度：7 / 10
2025-05-20 10:54:05,763 - INFO - 开始处理工时文件：D:/sotos工作资料/test/5\游劲松工时表-重庆安道拓-2025年04月.xlsx
2025-05-20 10:54:05,966 - INFO - Excel表格提取文本：
## 工作表: 游劲松

| A | B | C | D | E | F | G | H | I | J | 
|  --- | --- | --- | --- | --- | --- | --- | --- | --- | --- |
| 重庆延锋安道拓 | <- | 上海睿励信息技术有限公司 工时记录表 | <- | <- | <- | <- | <- | <- | <- | 
| ^ | ^<- | 供应商 |  | <- | <- | <- | <- | <- | <- | 
| 工程师 | 游劲松 | <- | 负责人 | 陈伟 | 电话 | 13983979072 | <- | <- | <- | 
| 日期 | 项目名称 | 开始工作时间 | 工作结束时间 | 加班时间 | 总工作时间 | 备注 | <- | <- | <- | 
| 2025-04-01 | T9M-2 | 08:00:00 | 20:00:00 | 3.5 | 11.5 | 升降扶手机构件数据更新 | <- | <- | <- | 
| 2025-04-02 | T9M-2 | 08:00:00 | 20:00:00 | 3.5 | 11.5 | 升降扶手机构件数据更新 | <- | <- | <- | 
| 2025-04-03 | T9M-2 | 08:00:00 | 19:00:00 | 2.5 | 10.5 | 升降扶手机构件数据更新 | <- | <- | <- | 
| 2025-04-04 |  |  |  |  |  |  | <- | <- | <- | 
| 2025-04-05 |  |  |  |  |  |  | <- | <- | <- | 
| 2025-04-06 |  |  |  |  |  |  | <- | <- | <- | 
| 2025-04-07 | T9M-2 | 08:30:00 | 20:00:00 | 3.0 | 11.0 | 升降扶手机构件数据更新 | <- | <- | <- | 
| 2025-04-08 | T9M-2 | 08:00:00 | 20:00:00 | 3.5 | 11.5 | 升降扶手机构件数据更新 | <- | <- | <- | 
| 2025-04-09 | T9M-2 | 08:00:00 | 20:00:00 | 3.5 | 11.5 | 升降扶手机构件数据更新 | <- | <- | <- | 
| 2025-04-10 | T9M-2 | 08:00:00 | 19:30:00 | 3.0 | 11.0 | 升降扶手机构件数据更新 | <- | <- | <- | 
| 2025-04-11 | T9M-2 | 08:30:00 | 18:30:00 | 1.5 | 9.5 | 升降扶手机构件数据更新 | <- | <- | <- | 
| 2025-04-12 |  |  |  |  |  |  | <- | <- | <- | 
| 2025-04-13 |  |  |  |  |  |  | <- | <- | <- | 
| 2025-04-14 | T9M-2 | 08:30:00 | 20:00:00 | 3.0 | 11.0 | 升降扶手机构件数据更新 | <- | <- | <- | 
| 2025-04-15 | T9M-2 | 09:00:00 | 20:00:00 | 2.5 | 10.5 | 升降扶手机构件数据更新 | <- | <- | <- | 
| 2025-04-16 | T9M-2 | 08:00:00 | 19:00:00 | 2.5 | 10.5 | 升降扶手机构件数据更新 | <- | <- | <- | 
| 2025-04-17 | T9M-2 | 08:00:00 | 19:30:00 | 3.0 | 11.0 | 升降扶手机构件数据更新 | <- | <- | <- | 
| 2025-04-18 | T9M-2 | 08:30:00 | 19:30:00 | 2.5 | 10.5 | 升降扶手机构件数据更新 | <- | <- | <- | 
| 2025-04-19 |  |  |  |  |  |  | <- | <- | <- | 
| 2025-04-20 |  |  |  |  |  |  | <- | <- | <- | 
| 2025-04-21 | T9M-2 | 08:00:00 | 19:30:00 | 3.0 | 11.0 | 升降扶手机构件数据更新 | <- | <- | <- | 
| 2025-04-22 | T9M-2 | 08:00:00 | 20:00:00 | 3.5 | 11.5 | 升降扶手机构件数据更新 | <- | <- | <- | 
| 2025-04-23 | T9M-2 | 08:30:00 | 17:00:00 | 0.0 | 8.0 | 升降扶手机构件数据更新 | <- | <- | <- | 
| 2025-04-24 | T9M-2 | 08:30:00 | 17:00:00 | 0.0 | 8.0 | 升降扶手机构件数据更新 | <- | <- | <- | 
| 2025-04-25 | T9M-2 | 08:00:00 | 18:30:00 | 2.0 | 10.0 | 升降扶手机构件数据更新 | <- | <- | <- | 
| 2025-04-26 |  |  |  |  |  |  | <- | <- | <- | 
| 2025-04-27 | T9M-2 | 08:30:00 | 20:00:00 | 3.0 | 11.0 | 升降扶手机构件数据更新 | <- | <- | <- | 
| 2025-04-28 | T9M-2 | 08:00:00 | 19:00:00 | 2.5 | 10.5 | 升降扶手机构件数据更新 | <- | <- | <- | 
| 2025-04-29 | T9M-2 | 08:30:00 | 20:00:00 | 3.0 | 11.0 | 升降扶手机构件数据更新 | <- | <- | <- | 
| 2025-04-30 | T9M-2 | 08:00:00 | 20:00:00 | 3.5 | 11.5 | 升降扶手机构件数据更新 | <- | <- | <- | 
|  |  |  |  |  |  |  | <- | <- | <- | 
| 工时统计 | 项目名称 | 项目编号 | 加班 | <- | 工时 | 项目工程师签字 | <- | <- | <- | 
| ^ | T9M-2 |  | 58.0 | <- | 234.0 |  | <- | <- | <- | 
| ^ |  |  |  | <- |  |  | <- | <- | <- | 
| ^ |  |  |  | <- |  |  | <- | <- | <- | 
| ^ |  |  |  | <- |  |  | <- | <- | <- | 
| 总计工时 | 234.00 | <- | 经理签字： | <- | <- |  | <- | <- | <- | 


## 工作表: Sheet1

| A | B | C | D | E | F | 
|  --- | --- | --- | --- | --- | --- |
|  |  |  | 一年调整一次，请勿随意删除 | <- | <- | 
|  |  |  | 2025 | <- | <- | 
| 年 | 月 |  | 节假日 | 调休加班日 |  | 
| 1905-07-17 | 4 |  | 45658 | 45683 |  | 
|  |  |  | 45685 | 45696 |  | 
|  |  |  | 45686 | 45774 |  | 
|  |  |  | 45687 | 45928 |  | 
|  |  |  | 45688 | 45941 |  | 
|  |  |  | 45689 |  |  | 
|  |  |  | 45690 |  |  | 
|  |  |  | 45691 |  |  | 
|  |  |  | 45692 |  |  | 
|  |  |  | 45751 |  |  | 
|  |  |  | 45752 |  |  | 
|  |  |  | 45753 |  |  | 
|  |  |  | 45778 |  |  | 
|  |  |  | 45779 |  |  | 
|  |  |  | 45780 |  |  | 
|  |  |  | 45781 |  |  | 
|  |  |  | 45782 |  |  | 
|  |  |  | 45808 |  |  | 
|  |  |  | 45809 |  |  | 
|  |  |  | 45810 |  |  | 
|  |  |  | 45931 |  |  | 
|  |  |  | 45932 |  |  | 
|  |  |  | 45933 |  |  | 
|  |  |  | 45934 |  |  | 
|  |  |  | 45935 |  |  | 
|  |  |  | 45936 |  |  | 
|  |  |  | 45937 |  |  | 
|  |  |  | 45938 |  |  | 



2025-05-20 10:54:05,978 - INFO - 从表格文本中，提取员工姓名和公司名称...
2025-05-20 10:54:05,979 - INFO - 发送请求到模型API...
2025-05-20 10:54:05,980 - INFO - system_prompt：
你是一个专业的表格信息提取助手。用户会提供给你一份Excel工时表，已转换为Markdown格式。你需要提取出表格包含的员工姓名`employee_name`和公司名称`company_name`。以JSON格式输出结果，包含`employee_name`和`company_name`两个字段。如果无法提取到员工姓名和公司名称，请返回空字符串。

markdown格式的表格中合并单元格表示法：
   - "^" 符号表示该单元格与上方单元格合并（纵向合并）
   - "<-" 符号表示该单元格与左侧单元格合并（横向合并）
   - "^<-" 符号表示该单元格同时与上方和左侧单元格合并（纵横合并）

比如：{"employee_name":"张三", "company_name":"XXX公司"}
注意：直接返回结果，不要包含任何解释或说明。

2025-05-20 10:54:05,982 - INFO - user_prompt：## 工作表: 游劲松

| A | B | C | D | E | F | G | H | I | J | 
|  --- | --- | --- | --- | --- | --- | --- | --- | --- | --- |
| 重庆延锋安道拓 | <- | 上海睿励信息技术有限公司 工时记录表 | <- | <- | <- | <- | <- | <- | <- | 
| ^ | ^<- | 供应商 |  | <- | <- | <- | <- | <- | <- | 
| 工程师 | 游劲松 | <- | 负责人 | 陈伟 | 电话 | 13983979072 | <- | <- | <- | 
| 日期 | 项目名称 | 开始工作时间 | 工作结束时间 | 加班时间 | 总工作时间 | 备注 | <- | <- | <- | 
| 2025-04-01 | T9M-2 | 08:00:00 | 20:00:00 | 3.5 | 11.5 | 升降扶手机构件数据更新 | <- | <- | <- | 
| 2025-04-02 | T9M-2 | 08:00:00 | 20:00:00 | 3.5 | 11.5 | 升降扶手机构件数据更新 | <- | <- | <- | 
| 2025-04-03 | T9M-2 | 08:00:00 | 19:00:00 | 2.5 | 10.5 | 升降扶手机构件数据更新 | <- | <- | <- | 
| 2025-04-04 |  |  |  |  |  |  | <- | <- | <- | 
| 2025-04-05 |  |  |  |  |  |  | <- | <- | <- | 
| 2025-04-06 |  |  |  |  |  |  | <- | <- | <- | 
| 2025-04-07 | T9M-2 | 08:30:00 | 20:00:00 | 3.0 | 11.0 | 升降扶手机构件数据更新 | <- | <- | <- | 
| 2025-04-08 | T9M-2 | 08:00:00 | 20:00:00 | 3.5 | 11.5 | 升降扶手机构件数据更新 | <- | <- | <- | 
| 2025-04-09 | T9M-2 | 08:00:00 | 20:00:00 | 3.5 | 11.5 | 升降扶手机构件数据更新 | <- | <- | <- | 
| 2025-04-10 | T9M-2 | 08:00:00 | 19:30:00 | 3.0 | 11.0 | 升降扶手机构件数据更新 | <- | <- | <- | 
| 2025-04-11 | T9M-2 | 08:30:00 | 18:30:00 | 1.5 | 9.5 | 升降扶手机构件数据更新 | <- | <- | <- | 
| 2025-04-12 |  |  |  |  |  |  | <- | <- | <- | 
| 2025-04-13 |  |  |  |  |  |  | <- | <- | <- | 
| 2025-04-14 | T9M-2 | 08:30:00 | 20:00:00 | 3.0 | 11.0 | 升降扶手机构件数据更新 | <- | <- | <- | 
| 2025-04-15 | T9M-2 | 09:00:00 | 20:00:00 | 2.5 | 10.5 | 升降扶手机构件数据更新 | <- | <- | <- | 
| 2025-04-16 | T9M-2 | 08:00:00 | 19:00:00 | 2.5 | 10.5 | 升降扶手机构件数据更新 | <- | <- | <- | 
| 2025-04-17 | T9M-2 | 08:00:00 | 19:30:00 | 3.0 | 11.0 | 升降扶手机构件数据更新 | <- | <- | <- | 
| 2025-04-18 | T9M-2 | 08:30:00 | 19:30:00 | 2.5 | 10.5 | 升降扶手机构件数据更新 | <- | <- | <- | 
| 2025-04-19 |  |  |  |  |  |  | <- | <- | <- | 
| 2025-04-20 |  |  |  |  |  |  | <- | <- | <- | 
| 2025-04-21 | T9M-2 | 08:00:00 | 19:30:00 | 3.0 | 11.0 | 升降扶手机构件数据更新 | <- | <- | <- | 
| 2025-04-22 | T9M-2 | 08:00:00 | 20:00:00 | 3.5 | 11.5 | 升降扶手机构件数据更新 | <- | <- | <- | 
| 2025-04-23 | T9M-2 | 08:30:00 | 17:00:00 | 0.0 | 8.0 | 升降扶手机构件数据更新 | <- | <- | <- | 
| 2025-04-24 | T9M-2 | 08:30:00 | 17:00:00 | 0.0 | 8.0 | 升降扶手机构件数据更新 | <- | <- | <- | 
| 2025-04-25 | T9M-2 | 08:00:00 | 18:30:00 | 2.0 | 10.0 | 升降扶手机构件数据更新 | <- | <- | <- | 
| 2025-04-26 |  |  |  |  |  |  | <- | <- | <- | 
| 2025-04-27 | T9M-2 | 08:30:00 | 20:00:00 | 3.0 | 11.0 | 升降扶手机构件数据更新 | <- | <- | <- | 
| 2025-04-28 | T9M-2 | 08:00:00 | 19:00:00 | 2.5 | 10.5 | 升降扶手机构件数据更新 | <- | <- | <- | 
| 2025-04-29 | T9M-2 | 08:30:00 | 20:00:00 | 3.0 | 11.0 | 升降扶手机构件数据更新 | <- | <- | <- | 
| 2025-04-30 | T9M-2 | 08:00:00 | 20:00:00 | 3.5 | 11.5 | 升降扶手机构件数据更新 | <- | <- | <- | 
|  |  |  |  |  |  |  | <- | <- | <- | 
| 工时统计 | 项目名称 | 项目编号 | 加班 | <- | 工时 | 项目工程师签字 | <- | <- | <- | 
| ^ | T9M-2 |  | 58.0 | <- | 234.0 |  | <- | <- | <- | 
| ^ |  |  |  | <- |  |  | <- | <- | <- | 
| ^ |  |  |  | <- |  |  | <- | <- | <- | 
| ^ |  |  |  | <- |  |  | <- | <- | <- | 
| 总计工时 | 234.00 | <- | 经理签字： | <- | <- |  | <- | <- | <- | 


## 工作表: Sheet1

| A | B | C | D | E | F | 
|  --- | --- | --- | --- | --- | --- |
|  |  |  | 一年调整一次，请勿随意删除 | <- | <- | 
|  |  |  | 2025 | <- | <- | 
| 年 | 月 |  | 节假日 | 调休加班日 |  | 
| 1905-07-17 | 4 |  | 45658 | 45683 |  | 
|  |  |  | 45685 | 45696 |  | 
|  |  |  | 45686 | 45774 |  | 
|  |  |  | 45687 | 45928 |  | 
|  |  |  | 45688 | 45941 |  | 
|  |  |  | 45689 |  |  | 
|  |  |  | 45690 |  |  | 
|  |  |  | 45691 |  |  | 
|  |  |  | 45692 |  |  | 
|  |  |  | 45751 |  |  | 
|  |  |  | 45752 |  |  | 
|  |  |  | 45753 |  |  | 
|  |  |  | 45778 |  |  | 
|  |  |  | 45779 |  |  | 
|  |  |  | 45780 |  |  | 
|  |  |  | 45781 |  |  | 
|  |  |  | 45782 |  |  | 
|  |  |  | 45808 |  |  | 
|  |  |  | 45809 |  |  | 
|  |  |  | 45810 |  |  | 
|  |  |  | 45931 |  |  | 
|  |  |  | 45932 |  |  | 
|  |  |  | 45933 |  |  | 
|  |  |  | 45934 |  |  | 
|  |  |  | 45935 |  |  | 
|  |  |  | 45936 |  |  | 
|  |  |  | 45937 |  |  | 
|  |  |  | 45938 |  |  | 



2025-05-20 10:54:08,639 - INFO - 请求成功，状态码: 200
2025-05-20 10:54:08,640 - INFO - 模型返回：{"employee_name":"游劲松", "company_name":"重庆延锋安道拓"}

2025-05-20 10:54:08,640 - INFO - 解析模型返回：
 - 员工姓名：游劲松,  - 公司名称：重庆延锋安道拓
2025-05-20 10:54:08,641 - INFO - 

从表格文本中，提取汇总数据...
2025-05-20 10:54:08,641 - INFO - 发送请求到模型API...
2025-05-20 10:54:08,642 - INFO - system_prompt：
你是一个专业的工时数据提取助手。用户会提供给你一份Excel工时表，已转换为Markdown格式。你需要提取出表格中的按照项目做统计的工时汇总数据。将提取结果以JSON格式输出。以项目名称作为key为项目名称，value为包含加班和工时的字典。

markdown格式的表格中合并单元格表示法：
   - "^" 符号表示该单元格与上方单元格合并（纵向合并）
   - "<-" 符号表示该单元格与左侧单元格合并（横向合并）
   - "^<-" 符号表示该单元格同时与上方和左侧单元格合并（纵横合并）

你可以按照以下步骤进行分析：
1. 首先，定位表格中工时统计汇总数据，通常在表格的下方。
2. 读取工时统计汇总数据，包含项目名称、项目编号、加班、工时等。项目编号可能为空。
3. 整理所有数据，以JSON格式输。key为项目名称，value为包含加班`overtime_hours`和工时`total_hours`的字典。

注意：
1.直接返回结果，不要包含任何解释或说明。
2.输出结果必须严格按照无语法错误的JSON格式输出，不能有任何其他格式。

以JSON格式输出结果，示例输出如下：
示例1：
{"D11":{"overtime_hours":20,"total_hours":120}, "A12":{"overtime_hours":6,"total_hours":14}, "B13":{"overtime_hours":1,"total_hours":10}}
示例2：
{"D11":{"overtime_hours":20,"total_hours":120}, "A12":{"overtime_hours":6,"total_hours":14}}

2025-05-20 10:54:08,645 - INFO - user_prompt：## 工作表: 游劲松

| A | B | C | D | E | F | G | H | I | J | 
|  --- | --- | --- | --- | --- | --- | --- | --- | --- | --- |
| 重庆延锋安道拓 | <- | 上海睿励信息技术有限公司 工时记录表 | <- | <- | <- | <- | <- | <- | <- | 
| ^ | ^<- | 供应商 |  | <- | <- | <- | <- | <- | <- | 
| 工程师 | 游劲松 | <- | 负责人 | 陈伟 | 电话 | 13983979072 | <- | <- | <- | 
| 日期 | 项目名称 | 开始工作时间 | 工作结束时间 | 加班时间 | 总工作时间 | 备注 | <- | <- | <- | 
| 2025-04-01 | T9M-2 | 08:00:00 | 20:00:00 | 3.5 | 11.5 | 升降扶手机构件数据更新 | <- | <- | <- | 
| 2025-04-02 | T9M-2 | 08:00:00 | 20:00:00 | 3.5 | 11.5 | 升降扶手机构件数据更新 | <- | <- | <- | 
| 2025-04-03 | T9M-2 | 08:00:00 | 19:00:00 | 2.5 | 10.5 | 升降扶手机构件数据更新 | <- | <- | <- | 
| 2025-04-04 |  |  |  |  |  |  | <- | <- | <- | 
| 2025-04-05 |  |  |  |  |  |  | <- | <- | <- | 
| 2025-04-06 |  |  |  |  |  |  | <- | <- | <- | 
| 2025-04-07 | T9M-2 | 08:30:00 | 20:00:00 | 3.0 | 11.0 | 升降扶手机构件数据更新 | <- | <- | <- | 
| 2025-04-08 | T9M-2 | 08:00:00 | 20:00:00 | 3.5 | 11.5 | 升降扶手机构件数据更新 | <- | <- | <- | 
| 2025-04-09 | T9M-2 | 08:00:00 | 20:00:00 | 3.5 | 11.5 | 升降扶手机构件数据更新 | <- | <- | <- | 
| 2025-04-10 | T9M-2 | 08:00:00 | 19:30:00 | 3.0 | 11.0 | 升降扶手机构件数据更新 | <- | <- | <- | 
| 2025-04-11 | T9M-2 | 08:30:00 | 18:30:00 | 1.5 | 9.5 | 升降扶手机构件数据更新 | <- | <- | <- | 
| 2025-04-12 |  |  |  |  |  |  | <- | <- | <- | 
| 2025-04-13 |  |  |  |  |  |  | <- | <- | <- | 
| 2025-04-14 | T9M-2 | 08:30:00 | 20:00:00 | 3.0 | 11.0 | 升降扶手机构件数据更新 | <- | <- | <- | 
| 2025-04-15 | T9M-2 | 09:00:00 | 20:00:00 | 2.5 | 10.5 | 升降扶手机构件数据更新 | <- | <- | <- | 
| 2025-04-16 | T9M-2 | 08:00:00 | 19:00:00 | 2.5 | 10.5 | 升降扶手机构件数据更新 | <- | <- | <- | 
| 2025-04-17 | T9M-2 | 08:00:00 | 19:30:00 | 3.0 | 11.0 | 升降扶手机构件数据更新 | <- | <- | <- | 
| 2025-04-18 | T9M-2 | 08:30:00 | 19:30:00 | 2.5 | 10.5 | 升降扶手机构件数据更新 | <- | <- | <- | 
| 2025-04-19 |  |  |  |  |  |  | <- | <- | <- | 
| 2025-04-20 |  |  |  |  |  |  | <- | <- | <- | 
| 2025-04-21 | T9M-2 | 08:00:00 | 19:30:00 | 3.0 | 11.0 | 升降扶手机构件数据更新 | <- | <- | <- | 
| 2025-04-22 | T9M-2 | 08:00:00 | 20:00:00 | 3.5 | 11.5 | 升降扶手机构件数据更新 | <- | <- | <- | 
| 2025-04-23 | T9M-2 | 08:30:00 | 17:00:00 | 0.0 | 8.0 | 升降扶手机构件数据更新 | <- | <- | <- | 
| 2025-04-24 | T9M-2 | 08:30:00 | 17:00:00 | 0.0 | 8.0 | 升降扶手机构件数据更新 | <- | <- | <- | 
| 2025-04-25 | T9M-2 | 08:00:00 | 18:30:00 | 2.0 | 10.0 | 升降扶手机构件数据更新 | <- | <- | <- | 
| 2025-04-26 |  |  |  |  |  |  | <- | <- | <- | 
| 2025-04-27 | T9M-2 | 08:30:00 | 20:00:00 | 3.0 | 11.0 | 升降扶手机构件数据更新 | <- | <- | <- | 
| 2025-04-28 | T9M-2 | 08:00:00 | 19:00:00 | 2.5 | 10.5 | 升降扶手机构件数据更新 | <- | <- | <- | 
| 2025-04-29 | T9M-2 | 08:30:00 | 20:00:00 | 3.0 | 11.0 | 升降扶手机构件数据更新 | <- | <- | <- | 
| 2025-04-30 | T9M-2 | 08:00:00 | 20:00:00 | 3.5 | 11.5 | 升降扶手机构件数据更新 | <- | <- | <- | 
|  |  |  |  |  |  |  | <- | <- | <- | 
| 工时统计 | 项目名称 | 项目编号 | 加班 | <- | 工时 | 项目工程师签字 | <- | <- | <- | 
| ^ | T9M-2 |  | 58.0 | <- | 234.0 |  | <- | <- | <- | 
| ^ |  |  |  | <- |  |  | <- | <- | <- | 
| ^ |  |  |  | <- |  |  | <- | <- | <- | 
| ^ |  |  |  | <- |  |  | <- | <- | <- | 
| 总计工时 | 234.00 | <- | 经理签字： | <- | <- |  | <- | <- | <- | 


## 工作表: Sheet1

| A | B | C | D | E | F | 
|  --- | --- | --- | --- | --- | --- |
|  |  |  | 一年调整一次，请勿随意删除 | <- | <- | 
|  |  |  | 2025 | <- | <- | 
| 年 | 月 |  | 节假日 | 调休加班日 |  | 
| 1905-07-17 | 4 |  | 45658 | 45683 |  | 
|  |  |  | 45685 | 45696 |  | 
|  |  |  | 45686 | 45774 |  | 
|  |  |  | 45687 | 45928 |  | 
|  |  |  | 45688 | 45941 |  | 
|  |  |  | 45689 |  |  | 
|  |  |  | 45690 |  |  | 
|  |  |  | 45691 |  |  | 
|  |  |  | 45692 |  |  | 
|  |  |  | 45751 |  |  | 
|  |  |  | 45752 |  |  | 
|  |  |  | 45753 |  |  | 
|  |  |  | 45778 |  |  | 
|  |  |  | 45779 |  |  | 
|  |  |  | 45780 |  |  | 
|  |  |  | 45781 |  |  | 
|  |  |  | 45782 |  |  | 
|  |  |  | 45808 |  |  | 
|  |  |  | 45809 |  |  | 
|  |  |  | 45810 |  |  | 
|  |  |  | 45931 |  |  | 
|  |  |  | 45932 |  |  | 
|  |  |  | 45933 |  |  | 
|  |  |  | 45934 |  |  | 
|  |  |  | 45935 |  |  | 
|  |  |  | 45936 |  |  | 
|  |  |  | 45937 |  |  | 
|  |  |  | 45938 |  |  | 



2025-05-20 10:54:10,897 - INFO - 请求成功，状态码: 200
2025-05-20 10:54:10,898 - INFO - 模型返回：
{"T9M-2":{"overtime_hours":58.0,"total_hours":234.0}}

2025-05-20 10:54:10,899 - INFO - 源数据表中的工时汇总数据：{'T9M-2': {'overtime_hours': 58.0, 'total_hours': 234.0}}
2025-05-20 10:54:10,899 - INFO - 文件处理进度：8 / 10
2025-05-20 10:54:10,899 - INFO - 开始处理工时文件：D:/sotos工作资料/test/5\詹正军工时表-重庆安道拓-2025年04月.xlsx
2025-05-20 10:54:11,056 - INFO - Excel表格提取文本：
## 工作表: 詹正军

| A | B | C | D | E | F | G | H | I | J | 
|  --- | --- | --- | --- | --- | --- | --- | --- | --- | --- |
| 重庆延锋安道拓 | <- | 上海睿励信息技术有限公司 工时记录表 | <- | <- | <- | <- | <- | <- | <- | 
| ^ | ^<- | 供应商 |  | <- | <- | <- | <- | <- | <- | 
| 工程师 | 詹正军 | <- | 负责人 | 王川 | 电话 | 187 1668 4430 | <- | <- | <- | 
| 日期 | 项目名称 | 开始工作时间 | 工作结束时间 | 加班时间 | 总工作时间 | 备注 | <- | <- | <- | 
| 2025-04-01 | E518 | 08:00:00 | 21:00:00 | 4.5 | 12.5 | E518第二轮样件需求沟通 | <- | <- | <- | 
| 2025-04-02 | E518 | 08:00:00 | 21:00:00 | 4.5 | 12.5 | E518报价资料 | <- | <- | <- | 
| 2025-04-03 | E518 | 08:00:00 | 21:00:00 | 4.5 | 12.5 | E518报价资料 | <- | <- | <- | 
| 2025-04-04 | E518 | 08:00:00 | 18:30:00 | 10.0 | 10.0 | E518报价资料 | <- | <- | <- | 
| 2025-04-05 |  |  |  |  |  |  | <- | <- | <- | 
| 2025-04-06 |  |  |  |  |  |  | <- | <- | <- | 
| 2025-04-07 | E518 | 08:00:00 | 20:30:00 | 4.0 | 12.0 | E518报价资料 | <- | <- | <- | 
| 2025-04-08 | E518 | 08:00:00 | 20:00:00 | 3.5 | 11.5 | E518报价资料 | <- | <- | <- | 
| 2025-04-09 | E518 | 08:00:00 | 20:30:00 | 4.0 | 12.0 | E518报价资料 | <- | <- | <- | 
| 2025-04-10 | E518 |  |  |  |  | 年休假 | <- | <- | <- | 
| 2025-04-11 | E518 | 08:00:00 | 20:00:00 | 3.5 | 11.5 | E518报价资料 | <- | <- | <- | 
| 2025-04-12 | E518 | 08:00:00 | 15:00:00 | 6.5 | 6.5 | E518报价资料 | <- | <- | <- | 
| 2025-04-13 |  |  |  |  |  |  | <- | <- | <- | 
| 2025-04-14 | E518 | 08:00:00 | 20:00:00 | 3.5 | 11.5 | E518报价资料 | <- | <- | <- | 
| 2025-04-15 | E518 | 08:00:00 | 20:30:00 | 4.0 | 12.0 | E518样件沟通 | <- | <- | <- | 
| 2025-04-16 | E518 | 08:00:00 | 20:30:00 | 4.0 | 12.0 | E518样件沟通 | <- | <- | <- | 
| 2025-04-17 | E518 | 08:00:00 | 20:30:00 | 4.0 | 12.0 | E518样件沟通 | <- | <- | <- | 
| 2025-04-18 | E518 | 08:00:00 | 20:00:00 | 3.5 | 11.5 | E518样件沟通 | <- | <- | <- | 
| 2025-04-19 |  |  |  |  |  |  | <- | <- | <- | 
| 2025-04-20 | E518 | 14:00:00 | 17:00:00 | 3.0 | 3.0 | E518样件断面发客户确认、CX810打样收货流程整理并发起 | <- | <- | <- | 
| 2025-04-21 | E518 | 08:00:00 | 20:00:00 | 3.5 | 11.5 | E518样件沟通 | <- | <- | <- | 
| 2025-04-22 | E518 | 08:00:00 | 20:30:00 | 4.0 | 12.0 | E518样件沟通 | <- | <- | <- | 
| 2025-04-23 | E518 | 08:00:00 | 21:30:00 | 5.0 | 13.0 | E518样件沟通 | <- | <- | <- | 
| 2025-04-24 | E518 | 08:00:00 | 20:00:00 | 3.5 | 11.5 | E518第一轮样椅拆解备用 | <- | <- | <- | 
| 2025-04-25 | E518 | 08:00:00 | 19:00:00 | 2.5 | 10.5 | E518样件沟通 | <- | <- | <- | 
| 2025-04-26 |  |  |  |  |  |  | <- | <- | <- | 
| 2025-04-27 | E518 | 08:00:00 | 20:00:00 | 3.5 | 11.5 | E518样件沟通 | <- | <- | <- | 
| 2025-04-28 | E518 | 08:00:00 | 20:00:00 | 3.5 | 11.5 | E518样件沟通 | <- | <- | <- | 
| 2025-04-29 | E518 | 08:00:00 | 20:00:00 | 3.5 | 11.5 | E518样件沟通 | <- | <- | <- | 
| 2025-04-30 | E518 | 08:00:00 | 20:00:00 | 3.5 | 11.5 | E518样件沟通 | <- | <- | <- | 
|  |  |  |  |  |  |  | <- | <- | <- | 
| 工时统计 | 项目名称 | 项目编号 | 加班 | <- | 工时 | 项目工程师签字 | <- | <- | <- | 
| ^ | E518 |  | 99.5 | <- | 267.5 |  | <- | <- | <- | 
| ^ |  |  |  | <- |  |  | <- | <- | <- | 
| ^ |  |  |  | <- |  |  | <- | <- | <- | 
| ^ |  |  |  | <- |  |  | <- | <- | <- | 
| 总计工时 | 267.50 | <- | 经理签字： | <- | <- |  | <- | <- | <- | 


## 工作表: Sheet1

| A | B | C | D | E | F | 
|  --- | --- | --- | --- | --- | --- |
|  |  |  | 一年调整一次，请勿随意删除 | <- | <- | 
|  |  |  | 2025 | <- | <- | 
| 年 | 月 |  | 节假日 | 调休加班日 |  | 
| 1905-07-17 | 4 |  | 45658 | 45683 |  | 
|  |  |  | 45685 | 45696 |  | 
|  |  |  | 45686 | 45774 |  | 
|  |  |  | 45687 | 45928 |  | 
|  |  |  | 45688 | 45941 |  | 
|  |  |  | 45689 |  |  | 
|  |  |  | 45690 |  |  | 
|  |  |  | 45691 |  |  | 
|  |  |  | 45692 |  |  | 
|  |  |  | 45751 |  |  | 
|  |  |  | 45752 |  |  | 
|  |  |  | 45753 |  |  | 
|  |  |  | 45778 |  |  | 
|  |  |  | 45779 |  |  | 
|  |  |  | 45780 |  |  | 
|  |  |  | 45781 |  |  | 
|  |  |  | 45782 |  |  | 
|  |  |  | 45808 |  |  | 
|  |  |  | 45809 |  |  | 
|  |  |  | 45810 |  |  | 
|  |  |  | 45931 |  |  | 
|  |  |  | 45932 |  |  | 
|  |  |  | 45933 |  |  | 
|  |  |  | 45934 |  |  | 
|  |  |  | 45935 |  |  | 
|  |  |  | 45936 |  |  | 
|  |  |  | 45937 |  |  | 
|  |  |  | 45938 |  |  | 



2025-05-20 10:54:11,066 - INFO - 从表格文本中，提取员工姓名和公司名称...
2025-05-20 10:54:11,067 - INFO - 发送请求到模型API...
2025-05-20 10:54:11,067 - INFO - system_prompt：
你是一个专业的表格信息提取助手。用户会提供给你一份Excel工时表，已转换为Markdown格式。你需要提取出表格包含的员工姓名`employee_name`和公司名称`company_name`。以JSON格式输出结果，包含`employee_name`和`company_name`两个字段。如果无法提取到员工姓名和公司名称，请返回空字符串。

markdown格式的表格中合并单元格表示法：
   - "^" 符号表示该单元格与上方单元格合并（纵向合并）
   - "<-" 符号表示该单元格与左侧单元格合并（横向合并）
   - "^<-" 符号表示该单元格同时与上方和左侧单元格合并（纵横合并）

比如：{"employee_name":"张三", "company_name":"XXX公司"}
注意：直接返回结果，不要包含任何解释或说明。

2025-05-20 10:54:11,069 - INFO - user_prompt：## 工作表: 詹正军

| A | B | C | D | E | F | G | H | I | J | 
|  --- | --- | --- | --- | --- | --- | --- | --- | --- | --- |
| 重庆延锋安道拓 | <- | 上海睿励信息技术有限公司 工时记录表 | <- | <- | <- | <- | <- | <- | <- | 
| ^ | ^<- | 供应商 |  | <- | <- | <- | <- | <- | <- | 
| 工程师 | 詹正军 | <- | 负责人 | 王川 | 电话 | 187 1668 4430 | <- | <- | <- | 
| 日期 | 项目名称 | 开始工作时间 | 工作结束时间 | 加班时间 | 总工作时间 | 备注 | <- | <- | <- | 
| 2025-04-01 | E518 | 08:00:00 | 21:00:00 | 4.5 | 12.5 | E518第二轮样件需求沟通 | <- | <- | <- | 
| 2025-04-02 | E518 | 08:00:00 | 21:00:00 | 4.5 | 12.5 | E518报价资料 | <- | <- | <- | 
| 2025-04-03 | E518 | 08:00:00 | 21:00:00 | 4.5 | 12.5 | E518报价资料 | <- | <- | <- | 
| 2025-04-04 | E518 | 08:00:00 | 18:30:00 | 10.0 | 10.0 | E518报价资料 | <- | <- | <- | 
| 2025-04-05 |  |  |  |  |  |  | <- | <- | <- | 
| 2025-04-06 |  |  |  |  |  |  | <- | <- | <- | 
| 2025-04-07 | E518 | 08:00:00 | 20:30:00 | 4.0 | 12.0 | E518报价资料 | <- | <- | <- | 
| 2025-04-08 | E518 | 08:00:00 | 20:00:00 | 3.5 | 11.5 | E518报价资料 | <- | <- | <- | 
| 2025-04-09 | E518 | 08:00:00 | 20:30:00 | 4.0 | 12.0 | E518报价资料 | <- | <- | <- | 
| 2025-04-10 | E518 |  |  |  |  | 年休假 | <- | <- | <- | 
| 2025-04-11 | E518 | 08:00:00 | 20:00:00 | 3.5 | 11.5 | E518报价资料 | <- | <- | <- | 
| 2025-04-12 | E518 | 08:00:00 | 15:00:00 | 6.5 | 6.5 | E518报价资料 | <- | <- | <- | 
| 2025-04-13 |  |  |  |  |  |  | <- | <- | <- | 
| 2025-04-14 | E518 | 08:00:00 | 20:00:00 | 3.5 | 11.5 | E518报价资料 | <- | <- | <- | 
| 2025-04-15 | E518 | 08:00:00 | 20:30:00 | 4.0 | 12.0 | E518样件沟通 | <- | <- | <- | 
| 2025-04-16 | E518 | 08:00:00 | 20:30:00 | 4.0 | 12.0 | E518样件沟通 | <- | <- | <- | 
| 2025-04-17 | E518 | 08:00:00 | 20:30:00 | 4.0 | 12.0 | E518样件沟通 | <- | <- | <- | 
| 2025-04-18 | E518 | 08:00:00 | 20:00:00 | 3.5 | 11.5 | E518样件沟通 | <- | <- | <- | 
| 2025-04-19 |  |  |  |  |  |  | <- | <- | <- | 
| 2025-04-20 | E518 | 14:00:00 | 17:00:00 | 3.0 | 3.0 | E518样件断面发客户确认、CX810打样收货流程整理并发起 | <- | <- | <- | 
| 2025-04-21 | E518 | 08:00:00 | 20:00:00 | 3.5 | 11.5 | E518样件沟通 | <- | <- | <- | 
| 2025-04-22 | E518 | 08:00:00 | 20:30:00 | 4.0 | 12.0 | E518样件沟通 | <- | <- | <- | 
| 2025-04-23 | E518 | 08:00:00 | 21:30:00 | 5.0 | 13.0 | E518样件沟通 | <- | <- | <- | 
| 2025-04-24 | E518 | 08:00:00 | 20:00:00 | 3.5 | 11.5 | E518第一轮样椅拆解备用 | <- | <- | <- | 
| 2025-04-25 | E518 | 08:00:00 | 19:00:00 | 2.5 | 10.5 | E518样件沟通 | <- | <- | <- | 
| 2025-04-26 |  |  |  |  |  |  | <- | <- | <- | 
| 2025-04-27 | E518 | 08:00:00 | 20:00:00 | 3.5 | 11.5 | E518样件沟通 | <- | <- | <- | 
| 2025-04-28 | E518 | 08:00:00 | 20:00:00 | 3.5 | 11.5 | E518样件沟通 | <- | <- | <- | 
| 2025-04-29 | E518 | 08:00:00 | 20:00:00 | 3.5 | 11.5 | E518样件沟通 | <- | <- | <- | 
| 2025-04-30 | E518 | 08:00:00 | 20:00:00 | 3.5 | 11.5 | E518样件沟通 | <- | <- | <- | 
|  |  |  |  |  |  |  | <- | <- | <- | 
| 工时统计 | 项目名称 | 项目编号 | 加班 | <- | 工时 | 项目工程师签字 | <- | <- | <- | 
| ^ | E518 |  | 99.5 | <- | 267.5 |  | <- | <- | <- | 
| ^ |  |  |  | <- |  |  | <- | <- | <- | 
| ^ |  |  |  | <- |  |  | <- | <- | <- | 
| ^ |  |  |  | <- |  |  | <- | <- | <- | 
| 总计工时 | 267.50 | <- | 经理签字： | <- | <- |  | <- | <- | <- | 


## 工作表: Sheet1

| A | B | C | D | E | F | 
|  --- | --- | --- | --- | --- | --- |
|  |  |  | 一年调整一次，请勿随意删除 | <- | <- | 
|  |  |  | 2025 | <- | <- | 
| 年 | 月 |  | 节假日 | 调休加班日 |  | 
| 1905-07-17 | 4 |  | 45658 | 45683 |  | 
|  |  |  | 45685 | 45696 |  | 
|  |  |  | 45686 | 45774 |  | 
|  |  |  | 45687 | 45928 |  | 
|  |  |  | 45688 | 45941 |  | 
|  |  |  | 45689 |  |  | 
|  |  |  | 45690 |  |  | 
|  |  |  | 45691 |  |  | 
|  |  |  | 45692 |  |  | 
|  |  |  | 45751 |  |  | 
|  |  |  | 45752 |  |  | 
|  |  |  | 45753 |  |  | 
|  |  |  | 45778 |  |  | 
|  |  |  | 45779 |  |  | 
|  |  |  | 45780 |  |  | 
|  |  |  | 45781 |  |  | 
|  |  |  | 45782 |  |  | 
|  |  |  | 45808 |  |  | 
|  |  |  | 45809 |  |  | 
|  |  |  | 45810 |  |  | 
|  |  |  | 45931 |  |  | 
|  |  |  | 45932 |  |  | 
|  |  |  | 45933 |  |  | 
|  |  |  | 45934 |  |  | 
|  |  |  | 45935 |  |  | 
|  |  |  | 45936 |  |  | 
|  |  |  | 45937 |  |  | 
|  |  |  | 45938 |  |  | 



2025-05-20 10:54:13,871 - INFO - 请求成功，状态码: 200
2025-05-20 10:54:13,872 - INFO - 模型返回：{"employee_name":"詹正军", "company_name":"重庆延锋安道拓"}

2025-05-20 10:54:13,872 - INFO - 解析模型返回：
 - 员工姓名：詹正军,  - 公司名称：重庆延锋安道拓
2025-05-20 10:54:13,873 - INFO - 

从表格文本中，提取汇总数据...
2025-05-20 10:54:13,873 - INFO - 发送请求到模型API...
2025-05-20 10:54:13,873 - INFO - system_prompt：
你是一个专业的工时数据提取助手。用户会提供给你一份Excel工时表，已转换为Markdown格式。你需要提取出表格中的按照项目做统计的工时汇总数据。将提取结果以JSON格式输出。以项目名称作为key为项目名称，value为包含加班和工时的字典。

markdown格式的表格中合并单元格表示法：
   - "^" 符号表示该单元格与上方单元格合并（纵向合并）
   - "<-" 符号表示该单元格与左侧单元格合并（横向合并）
   - "^<-" 符号表示该单元格同时与上方和左侧单元格合并（纵横合并）

你可以按照以下步骤进行分析：
1. 首先，定位表格中工时统计汇总数据，通常在表格的下方。
2. 读取工时统计汇总数据，包含项目名称、项目编号、加班、工时等。项目编号可能为空。
3. 整理所有数据，以JSON格式输。key为项目名称，value为包含加班`overtime_hours`和工时`total_hours`的字典。

注意：
1.直接返回结果，不要包含任何解释或说明。
2.输出结果必须严格按照无语法错误的JSON格式输出，不能有任何其他格式。

以JSON格式输出结果，示例输出如下：
示例1：
{"D11":{"overtime_hours":20,"total_hours":120}, "A12":{"overtime_hours":6,"total_hours":14}, "B13":{"overtime_hours":1,"total_hours":10}}
示例2：
{"D11":{"overtime_hours":20,"total_hours":120}, "A12":{"overtime_hours":6,"total_hours":14}}

2025-05-20 10:54:13,876 - INFO - user_prompt：## 工作表: 詹正军

| A | B | C | D | E | F | G | H | I | J | 
|  --- | --- | --- | --- | --- | --- | --- | --- | --- | --- |
| 重庆延锋安道拓 | <- | 上海睿励信息技术有限公司 工时记录表 | <- | <- | <- | <- | <- | <- | <- | 
| ^ | ^<- | 供应商 |  | <- | <- | <- | <- | <- | <- | 
| 工程师 | 詹正军 | <- | 负责人 | 王川 | 电话 | 187 1668 4430 | <- | <- | <- | 
| 日期 | 项目名称 | 开始工作时间 | 工作结束时间 | 加班时间 | 总工作时间 | 备注 | <- | <- | <- | 
| 2025-04-01 | E518 | 08:00:00 | 21:00:00 | 4.5 | 12.5 | E518第二轮样件需求沟通 | <- | <- | <- | 
| 2025-04-02 | E518 | 08:00:00 | 21:00:00 | 4.5 | 12.5 | E518报价资料 | <- | <- | <- | 
| 2025-04-03 | E518 | 08:00:00 | 21:00:00 | 4.5 | 12.5 | E518报价资料 | <- | <- | <- | 
| 2025-04-04 | E518 | 08:00:00 | 18:30:00 | 10.0 | 10.0 | E518报价资料 | <- | <- | <- | 
| 2025-04-05 |  |  |  |  |  |  | <- | <- | <- | 
| 2025-04-06 |  |  |  |  |  |  | <- | <- | <- | 
| 2025-04-07 | E518 | 08:00:00 | 20:30:00 | 4.0 | 12.0 | E518报价资料 | <- | <- | <- | 
| 2025-04-08 | E518 | 08:00:00 | 20:00:00 | 3.5 | 11.5 | E518报价资料 | <- | <- | <- | 
| 2025-04-09 | E518 | 08:00:00 | 20:30:00 | 4.0 | 12.0 | E518报价资料 | <- | <- | <- | 
| 2025-04-10 | E518 |  |  |  |  | 年休假 | <- | <- | <- | 
| 2025-04-11 | E518 | 08:00:00 | 20:00:00 | 3.5 | 11.5 | E518报价资料 | <- | <- | <- | 
| 2025-04-12 | E518 | 08:00:00 | 15:00:00 | 6.5 | 6.5 | E518报价资料 | <- | <- | <- | 
| 2025-04-13 |  |  |  |  |  |  | <- | <- | <- | 
| 2025-04-14 | E518 | 08:00:00 | 20:00:00 | 3.5 | 11.5 | E518报价资料 | <- | <- | <- | 
| 2025-04-15 | E518 | 08:00:00 | 20:30:00 | 4.0 | 12.0 | E518样件沟通 | <- | <- | <- | 
| 2025-04-16 | E518 | 08:00:00 | 20:30:00 | 4.0 | 12.0 | E518样件沟通 | <- | <- | <- | 
| 2025-04-17 | E518 | 08:00:00 | 20:30:00 | 4.0 | 12.0 | E518样件沟通 | <- | <- | <- | 
| 2025-04-18 | E518 | 08:00:00 | 20:00:00 | 3.5 | 11.5 | E518样件沟通 | <- | <- | <- | 
| 2025-04-19 |  |  |  |  |  |  | <- | <- | <- | 
| 2025-04-20 | E518 | 14:00:00 | 17:00:00 | 3.0 | 3.0 | E518样件断面发客户确认、CX810打样收货流程整理并发起 | <- | <- | <- | 
| 2025-04-21 | E518 | 08:00:00 | 20:00:00 | 3.5 | 11.5 | E518样件沟通 | <- | <- | <- | 
| 2025-04-22 | E518 | 08:00:00 | 20:30:00 | 4.0 | 12.0 | E518样件沟通 | <- | <- | <- | 
| 2025-04-23 | E518 | 08:00:00 | 21:30:00 | 5.0 | 13.0 | E518样件沟通 | <- | <- | <- | 
| 2025-04-24 | E518 | 08:00:00 | 20:00:00 | 3.5 | 11.5 | E518第一轮样椅拆解备用 | <- | <- | <- | 
| 2025-04-25 | E518 | 08:00:00 | 19:00:00 | 2.5 | 10.5 | E518样件沟通 | <- | <- | <- | 
| 2025-04-26 |  |  |  |  |  |  | <- | <- | <- | 
| 2025-04-27 | E518 | 08:00:00 | 20:00:00 | 3.5 | 11.5 | E518样件沟通 | <- | <- | <- | 
| 2025-04-28 | E518 | 08:00:00 | 20:00:00 | 3.5 | 11.5 | E518样件沟通 | <- | <- | <- | 
| 2025-04-29 | E518 | 08:00:00 | 20:00:00 | 3.5 | 11.5 | E518样件沟通 | <- | <- | <- | 
| 2025-04-30 | E518 | 08:00:00 | 20:00:00 | 3.5 | 11.5 | E518样件沟通 | <- | <- | <- | 
|  |  |  |  |  |  |  | <- | <- | <- | 
| 工时统计 | 项目名称 | 项目编号 | 加班 | <- | 工时 | 项目工程师签字 | <- | <- | <- | 
| ^ | E518 |  | 99.5 | <- | 267.5 |  | <- | <- | <- | 
| ^ |  |  |  | <- |  |  | <- | <- | <- | 
| ^ |  |  |  | <- |  |  | <- | <- | <- | 
| ^ |  |  |  | <- |  |  | <- | <- | <- | 
| 总计工时 | 267.50 | <- | 经理签字： | <- | <- |  | <- | <- | <- | 


## 工作表: Sheet1

| A | B | C | D | E | F | 
|  --- | --- | --- | --- | --- | --- |
|  |  |  | 一年调整一次，请勿随意删除 | <- | <- | 
|  |  |  | 2025 | <- | <- | 
| 年 | 月 |  | 节假日 | 调休加班日 |  | 
| 1905-07-17 | 4 |  | 45658 | 45683 |  | 
|  |  |  | 45685 | 45696 |  | 
|  |  |  | 45686 | 45774 |  | 
|  |  |  | 45687 | 45928 |  | 
|  |  |  | 45688 | 45941 |  | 
|  |  |  | 45689 |  |  | 
|  |  |  | 45690 |  |  | 
|  |  |  | 45691 |  |  | 
|  |  |  | 45692 |  |  | 
|  |  |  | 45751 |  |  | 
|  |  |  | 45752 |  |  | 
|  |  |  | 45753 |  |  | 
|  |  |  | 45778 |  |  | 
|  |  |  | 45779 |  |  | 
|  |  |  | 45780 |  |  | 
|  |  |  | 45781 |  |  | 
|  |  |  | 45782 |  |  | 
|  |  |  | 45808 |  |  | 
|  |  |  | 45809 |  |  | 
|  |  |  | 45810 |  |  | 
|  |  |  | 45931 |  |  | 
|  |  |  | 45932 |  |  | 
|  |  |  | 45933 |  |  | 
|  |  |  | 45934 |  |  | 
|  |  |  | 45935 |  |  | 
|  |  |  | 45936 |  |  | 
|  |  |  | 45937 |  |  | 
|  |  |  | 45938 |  |  | 



2025-05-20 10:54:16,055 - INFO - 请求成功，状态码: 200
2025-05-20 10:54:16,056 - INFO - 模型返回：
{"E518":{"overtime_hours":99.5,"total_hours":267.5}}

2025-05-20 10:54:16,057 - INFO - 源数据表中的工时汇总数据：{'E518': {'overtime_hours': 99.5, 'total_hours': 267.5}}
2025-05-20 10:54:16,057 - INFO - 文件处理进度：9 / 10
2025-05-20 10:54:16,057 - INFO - 开始处理工时文件：D:/sotos工作资料/test/5\郑太平工时表-重庆安道拓-2025年04月.xlsx
2025-05-20 10:54:16,335 - INFO - Excel表格提取文本：
## 工作表: 郑太平

| A | B | C | D | E | F | G | H | I | J | 
|  --- | --- | --- | --- | --- | --- | --- | --- | --- | --- |
| 重庆延锋安道拓 | <- | 上海睿励信息技术有限公司 工时记录表 | <- | <- | <- | <- | <- | <- | <- | 
| ^ | ^<- | 供应商 |  | <- | <- | <- | <- | <- | <- | 
| 工程师 | 郑太平 | <- | 负责人 | 袁丁 | 电话 | 18723223367 | <- | <- | <- | 
| 日期 | 项目名称 | 开始工作时间 | 工作结束时间 | 加班时间 | 总工作时间 | 备注 | <- | <- | <- | 
| 2025-04-01 | C518 | 08:00:00 | 21:00:00 | 4.5 | 12.5 |  | <- | <- | <- | 
| 2025-04-02 | C518 | 08:00:00 | 19:00:00 | 2.5 | 10.5 |  | <- | <- | <- | 
| 2025-04-03 | C518 | 08:00:00 | 19:30:00 | 3.0 | 11.0 |  | <- | <- | <- | 
| 2025-04-04 | C518 |  |  |  |  |  | <- | <- | <- | 
| 2025-04-05 | C518 |  |  |  |  |  | <- | <- | <- | 
| 2025-04-06 | C518 |  |  |  |  |  | <- | <- | <- | 
| 2025-04-07 | C518 | 08:00:00 | 21:00:00 | 4.5 | 12.5 | 整理CCSC、DVP | <- | <- | <- | 
| 2025-04-08 | C518 | 08:00:00 | 21:00:00 | 4.5 | 12.5 | 整理CCSC、DVP | <- | <- | <- | 
| 2025-04-09 | C518 | 08:00:00 | 21:00:00 | 4.5 | 12.5 | C518现场跟线 | <- | <- | <- | 
| 2025-04-10 | C518 | 08:00:00 | 21:00:00 | 4.5 | 12.5 | C518现场跟线 | <- | <- | <- | 
| 2025-04-11 | C518 | 08:00:00 | 21:00:00 | 4.5 | 12.5 | C518现场跟线 | <- | <- | <- | 
| 2025-04-12 | C518 | 08:00:00 | 18:30:00 | 10.0 | 10.0 | C518现场跟线 | <- | <- | <- | 
| 2025-04-13 | C518 |  |  |  |  |  | <- | <- | <- | 
| 2025-04-14 | C518 | 08:00:00 | 20:00:00 | 3.5 | 11.5 | C518现场跟线 | <- | <- | <- | 
| 2025-04-15 | C518 | 08:00:00 | 20:00:00 | 3.5 | 11.5 | C518现场跟线 | <- | <- | <- | 
| 2025-04-16 | C518 | 08:00:00 | 20:00:00 | 3.5 | 11.5 | C518现场跟线 | <- | <- | <- | 
| 2025-04-17 | C518 | 08:30:00 | 20:00:00 | 3.0 | 11.0 | C518现场跟线 | <- | <- | <- | 
| 2025-04-18 | C518 | 08:00:00 | 18:30:00 | 2.0 | 10.0 | C518现场跟线 | <- | <- | <- | 
| 2025-04-19 | C518 |  |  |  |  |  | <- | <- | <- | 
| 2025-04-20 | C518 |  |  |  |  |  | <- | <- | <- | 
| 2025-04-21 | C518 | 08:00:00 | 20:00:00 | 3.5 | 11.5 | C518现场跟线 | <- | <- | <- | 
| 2025-04-22 | C518 | 08:00:00 | 20:00:00 | 3.5 | 11.5 | C518现场跟线 | <- | <- | <- | 
| 2025-04-23 | C518 | 08:00:00 | 20:00:00 | 3.5 | 11.5 | C518现场跟线 | <- | <- | <- | 
| 2025-04-24 | C518 | 08:00:00 | 20:00:00 | 3.5 | 11.5 | C518现场跟线 | <- | <- | <- | 
| 2025-04-25 | C518 | 08:00:00 | 20:00:00 | 3.5 | 11.5 | C518现场跟线 | <- | <- | <- | 
| 2025-04-26 | C518 | 08:00:00 | 18:30:00 | 10.0 | 10.0 | C518现场跟线 | <- | <- | <- | 
| 2025-04-27 | C518 | 08:00:00 | 20:00:00 | 3.5 | 11.5 | C518现场跟线 | <- | <- | <- | 
| 2025-04-28 | C518 | 08:00:00 | 20:00:00 | 3.5 | 11.5 | C518现场跟线 | <- | <- | <- | 
| 2025-04-29 | C518 | 08:00:00 | 20:00:00 | 3.5 | 11.5 | C518现场跟线 | <- | <- | <- | 
| 2025-04-30 | C518 | 08:00:00 | 20:00:00 | 3.5 | 11.5 | C518现场跟线 | <- | <- | <- | 
| 2025-05-01 | C518 |  |  |  |  |  | <- | <- | <- | 
| 工时统计 | 项目名称 | 项目编号 | 加班 | <- | 工时 | 项目工程师签字 | <- | <- | <- | 
| ^ | C518 |  | 99.5 | <- | 275.5 |  | <- | <- | <- | 
| ^ |  |  |  | <- |  |  | <- | <- | <- | 
| ^ |  |  |  | <- |  |  | <- | <- | <- | 
| ^ |  |  |  | <- |  |  | <- | <- | <- | 
| 总计工时 | 275.50 | <- | 经理签字： | <- | <- |  | <- | <- | <- | 


## 工作表: Sheet1

| A | B | C | D | E | F | 
|  --- | --- | --- | --- | --- | --- |
|  |  |  | 一年调整一次，请勿随意删除 | <- | <- | 
|  |  |  | 2025 | <- | <- | 
| 年 | 月 |  | 节假日 | 调休加班日 |  | 
| 1905-07-17 | 1 |  | 45658 | 45683 |  | 
|  |  |  | 45685 | 45696 |  | 
|  |  |  | 45686 | 45774 |  | 
|  |  |  | 45687 | 45928 |  | 
|  |  |  | 45688 | 45941 |  | 
|  |  |  | 45689 |  |  | 
|  |  |  | 45690 |  |  | 
|  |  |  | 45691 |  |  | 
|  |  |  | 45692 |  |  | 
|  |  |  | 45751 |  |  | 
|  |  |  | 45752 |  |  | 
|  |  |  | 45753 |  |  | 
|  |  |  | 45778 |  |  | 
|  |  |  | 45779 |  |  | 
|  |  |  | 45780 |  |  | 
|  |  |  | 45781 |  |  | 
|  |  |  | 45782 |  |  | 
|  |  |  | 45808 |  |  | 
|  |  |  | 45809 |  |  | 
|  |  |  | 45810 |  |  | 
|  |  |  | 45931 |  |  | 
|  |  |  | 45932 |  |  | 
|  |  |  | 45933 |  |  | 
|  |  |  | 45934 |  |  | 
|  |  |  | 45935 |  |  | 
|  |  |  | 45936 |  |  | 
|  |  |  | 45937 |  |  | 
|  |  |  | 45938 |  |  | 



2025-05-20 10:54:16,346 - INFO - 从表格文本中，提取员工姓名和公司名称...
2025-05-20 10:54:16,346 - INFO - 发送请求到模型API...
2025-05-20 10:54:16,347 - INFO - system_prompt：
你是一个专业的表格信息提取助手。用户会提供给你一份Excel工时表，已转换为Markdown格式。你需要提取出表格包含的员工姓名`employee_name`和公司名称`company_name`。以JSON格式输出结果，包含`employee_name`和`company_name`两个字段。如果无法提取到员工姓名和公司名称，请返回空字符串。

markdown格式的表格中合并单元格表示法：
   - "^" 符号表示该单元格与上方单元格合并（纵向合并）
   - "<-" 符号表示该单元格与左侧单元格合并（横向合并）
   - "^<-" 符号表示该单元格同时与上方和左侧单元格合并（纵横合并）

比如：{"employee_name":"张三", "company_name":"XXX公司"}
注意：直接返回结果，不要包含任何解释或说明。

2025-05-20 10:54:16,348 - INFO - user_prompt：## 工作表: 郑太平

| A | B | C | D | E | F | G | H | I | J | 
|  --- | --- | --- | --- | --- | --- | --- | --- | --- | --- |
| 重庆延锋安道拓 | <- | 上海睿励信息技术有限公司 工时记录表 | <- | <- | <- | <- | <- | <- | <- | 
| ^ | ^<- | 供应商 |  | <- | <- | <- | <- | <- | <- | 
| 工程师 | 郑太平 | <- | 负责人 | 袁丁 | 电话 | 18723223367 | <- | <- | <- | 
| 日期 | 项目名称 | 开始工作时间 | 工作结束时间 | 加班时间 | 总工作时间 | 备注 | <- | <- | <- | 
| 2025-04-01 | C518 | 08:00:00 | 21:00:00 | 4.5 | 12.5 |  | <- | <- | <- | 
| 2025-04-02 | C518 | 08:00:00 | 19:00:00 | 2.5 | 10.5 |  | <- | <- | <- | 
| 2025-04-03 | C518 | 08:00:00 | 19:30:00 | 3.0 | 11.0 |  | <- | <- | <- | 
| 2025-04-04 | C518 |  |  |  |  |  | <- | <- | <- | 
| 2025-04-05 | C518 |  |  |  |  |  | <- | <- | <- | 
| 2025-04-06 | C518 |  |  |  |  |  | <- | <- | <- | 
| 2025-04-07 | C518 | 08:00:00 | 21:00:00 | 4.5 | 12.5 | 整理CCSC、DVP | <- | <- | <- | 
| 2025-04-08 | C518 | 08:00:00 | 21:00:00 | 4.5 | 12.5 | 整理CCSC、DVP | <- | <- | <- | 
| 2025-04-09 | C518 | 08:00:00 | 21:00:00 | 4.5 | 12.5 | C518现场跟线 | <- | <- | <- | 
| 2025-04-10 | C518 | 08:00:00 | 21:00:00 | 4.5 | 12.5 | C518现场跟线 | <- | <- | <- | 
| 2025-04-11 | C518 | 08:00:00 | 21:00:00 | 4.5 | 12.5 | C518现场跟线 | <- | <- | <- | 
| 2025-04-12 | C518 | 08:00:00 | 18:30:00 | 10.0 | 10.0 | C518现场跟线 | <- | <- | <- | 
| 2025-04-13 | C518 |  |  |  |  |  | <- | <- | <- | 
| 2025-04-14 | C518 | 08:00:00 | 20:00:00 | 3.5 | 11.5 | C518现场跟线 | <- | <- | <- | 
| 2025-04-15 | C518 | 08:00:00 | 20:00:00 | 3.5 | 11.5 | C518现场跟线 | <- | <- | <- | 
| 2025-04-16 | C518 | 08:00:00 | 20:00:00 | 3.5 | 11.5 | C518现场跟线 | <- | <- | <- | 
| 2025-04-17 | C518 | 08:30:00 | 20:00:00 | 3.0 | 11.0 | C518现场跟线 | <- | <- | <- | 
| 2025-04-18 | C518 | 08:00:00 | 18:30:00 | 2.0 | 10.0 | C518现场跟线 | <- | <- | <- | 
| 2025-04-19 | C518 |  |  |  |  |  | <- | <- | <- | 
| 2025-04-20 | C518 |  |  |  |  |  | <- | <- | <- | 
| 2025-04-21 | C518 | 08:00:00 | 20:00:00 | 3.5 | 11.5 | C518现场跟线 | <- | <- | <- | 
| 2025-04-22 | C518 | 08:00:00 | 20:00:00 | 3.5 | 11.5 | C518现场跟线 | <- | <- | <- | 
| 2025-04-23 | C518 | 08:00:00 | 20:00:00 | 3.5 | 11.5 | C518现场跟线 | <- | <- | <- | 
| 2025-04-24 | C518 | 08:00:00 | 20:00:00 | 3.5 | 11.5 | C518现场跟线 | <- | <- | <- | 
| 2025-04-25 | C518 | 08:00:00 | 20:00:00 | 3.5 | 11.5 | C518现场跟线 | <- | <- | <- | 
| 2025-04-26 | C518 | 08:00:00 | 18:30:00 | 10.0 | 10.0 | C518现场跟线 | <- | <- | <- | 
| 2025-04-27 | C518 | 08:00:00 | 20:00:00 | 3.5 | 11.5 | C518现场跟线 | <- | <- | <- | 
| 2025-04-28 | C518 | 08:00:00 | 20:00:00 | 3.5 | 11.5 | C518现场跟线 | <- | <- | <- | 
| 2025-04-29 | C518 | 08:00:00 | 20:00:00 | 3.5 | 11.5 | C518现场跟线 | <- | <- | <- | 
| 2025-04-30 | C518 | 08:00:00 | 20:00:00 | 3.5 | 11.5 | C518现场跟线 | <- | <- | <- | 
| 2025-05-01 | C518 |  |  |  |  |  | <- | <- | <- | 
| 工时统计 | 项目名称 | 项目编号 | 加班 | <- | 工时 | 项目工程师签字 | <- | <- | <- | 
| ^ | C518 |  | 99.5 | <- | 275.5 |  | <- | <- | <- | 
| ^ |  |  |  | <- |  |  | <- | <- | <- | 
| ^ |  |  |  | <- |  |  | <- | <- | <- | 
| ^ |  |  |  | <- |  |  | <- | <- | <- | 
| 总计工时 | 275.50 | <- | 经理签字： | <- | <- |  | <- | <- | <- | 


## 工作表: Sheet1

| A | B | C | D | E | F | 
|  --- | --- | --- | --- | --- | --- |
|  |  |  | 一年调整一次，请勿随意删除 | <- | <- | 
|  |  |  | 2025 | <- | <- | 
| 年 | 月 |  | 节假日 | 调休加班日 |  | 
| 1905-07-17 | 1 |  | 45658 | 45683 |  | 
|  |  |  | 45685 | 45696 |  | 
|  |  |  | 45686 | 45774 |  | 
|  |  |  | 45687 | 45928 |  | 
|  |  |  | 45688 | 45941 |  | 
|  |  |  | 45689 |  |  | 
|  |  |  | 45690 |  |  | 
|  |  |  | 45691 |  |  | 
|  |  |  | 45692 |  |  | 
|  |  |  | 45751 |  |  | 
|  |  |  | 45752 |  |  | 
|  |  |  | 45753 |  |  | 
|  |  |  | 45778 |  |  | 
|  |  |  | 45779 |  |  | 
|  |  |  | 45780 |  |  | 
|  |  |  | 45781 |  |  | 
|  |  |  | 45782 |  |  | 
|  |  |  | 45808 |  |  | 
|  |  |  | 45809 |  |  | 
|  |  |  | 45810 |  |  | 
|  |  |  | 45931 |  |  | 
|  |  |  | 45932 |  |  | 
|  |  |  | 45933 |  |  | 
|  |  |  | 45934 |  |  | 
|  |  |  | 45935 |  |  | 
|  |  |  | 45936 |  |  | 
|  |  |  | 45937 |  |  | 
|  |  |  | 45938 |  |  | 



2025-05-20 10:54:18,332 - INFO - 请求成功，状态码: 200
2025-05-20 10:54:18,334 - INFO - 模型返回：{"employee_name":"郑太平", "company_name":"重庆延锋安道拓"}

2025-05-20 10:54:18,334 - INFO - 解析模型返回：
 - 员工姓名：郑太平,  - 公司名称：重庆延锋安道拓
2025-05-20 10:54:18,334 - INFO - 

从表格文本中，提取汇总数据...
2025-05-20 10:54:18,335 - INFO - 发送请求到模型API...
2025-05-20 10:54:18,335 - INFO - system_prompt：
你是一个专业的工时数据提取助手。用户会提供给你一份Excel工时表，已转换为Markdown格式。你需要提取出表格中的按照项目做统计的工时汇总数据。将提取结果以JSON格式输出。以项目名称作为key为项目名称，value为包含加班和工时的字典。

markdown格式的表格中合并单元格表示法：
   - "^" 符号表示该单元格与上方单元格合并（纵向合并）
   - "<-" 符号表示该单元格与左侧单元格合并（横向合并）
   - "^<-" 符号表示该单元格同时与上方和左侧单元格合并（纵横合并）

你可以按照以下步骤进行分析：
1. 首先，定位表格中工时统计汇总数据，通常在表格的下方。
2. 读取工时统计汇总数据，包含项目名称、项目编号、加班、工时等。项目编号可能为空。
3. 整理所有数据，以JSON格式输。key为项目名称，value为包含加班`overtime_hours`和工时`total_hours`的字典。

注意：
1.直接返回结果，不要包含任何解释或说明。
2.输出结果必须严格按照无语法错误的JSON格式输出，不能有任何其他格式。

以JSON格式输出结果，示例输出如下：
示例1：
{"D11":{"overtime_hours":20,"total_hours":120}, "A12":{"overtime_hours":6,"total_hours":14}, "B13":{"overtime_hours":1,"total_hours":10}}
示例2：
{"D11":{"overtime_hours":20,"total_hours":120}, "A12":{"overtime_hours":6,"total_hours":14}}

2025-05-20 10:54:18,338 - INFO - user_prompt：## 工作表: 郑太平

| A | B | C | D | E | F | G | H | I | J | 
|  --- | --- | --- | --- | --- | --- | --- | --- | --- | --- |
| 重庆延锋安道拓 | <- | 上海睿励信息技术有限公司 工时记录表 | <- | <- | <- | <- | <- | <- | <- | 
| ^ | ^<- | 供应商 |  | <- | <- | <- | <- | <- | <- | 
| 工程师 | 郑太平 | <- | 负责人 | 袁丁 | 电话 | 18723223367 | <- | <- | <- | 
| 日期 | 项目名称 | 开始工作时间 | 工作结束时间 | 加班时间 | 总工作时间 | 备注 | <- | <- | <- | 
| 2025-04-01 | C518 | 08:00:00 | 21:00:00 | 4.5 | 12.5 |  | <- | <- | <- | 
| 2025-04-02 | C518 | 08:00:00 | 19:00:00 | 2.5 | 10.5 |  | <- | <- | <- | 
| 2025-04-03 | C518 | 08:00:00 | 19:30:00 | 3.0 | 11.0 |  | <- | <- | <- | 
| 2025-04-04 | C518 |  |  |  |  |  | <- | <- | <- | 
| 2025-04-05 | C518 |  |  |  |  |  | <- | <- | <- | 
| 2025-04-06 | C518 |  |  |  |  |  | <- | <- | <- | 
| 2025-04-07 | C518 | 08:00:00 | 21:00:00 | 4.5 | 12.5 | 整理CCSC、DVP | <- | <- | <- | 
| 2025-04-08 | C518 | 08:00:00 | 21:00:00 | 4.5 | 12.5 | 整理CCSC、DVP | <- | <- | <- | 
| 2025-04-09 | C518 | 08:00:00 | 21:00:00 | 4.5 | 12.5 | C518现场跟线 | <- | <- | <- | 
| 2025-04-10 | C518 | 08:00:00 | 21:00:00 | 4.5 | 12.5 | C518现场跟线 | <- | <- | <- | 
| 2025-04-11 | C518 | 08:00:00 | 21:00:00 | 4.5 | 12.5 | C518现场跟线 | <- | <- | <- | 
| 2025-04-12 | C518 | 08:00:00 | 18:30:00 | 10.0 | 10.0 | C518现场跟线 | <- | <- | <- | 
| 2025-04-13 | C518 |  |  |  |  |  | <- | <- | <- | 
| 2025-04-14 | C518 | 08:00:00 | 20:00:00 | 3.5 | 11.5 | C518现场跟线 | <- | <- | <- | 
| 2025-04-15 | C518 | 08:00:00 | 20:00:00 | 3.5 | 11.5 | C518现场跟线 | <- | <- | <- | 
| 2025-04-16 | C518 | 08:00:00 | 20:00:00 | 3.5 | 11.5 | C518现场跟线 | <- | <- | <- | 
| 2025-04-17 | C518 | 08:30:00 | 20:00:00 | 3.0 | 11.0 | C518现场跟线 | <- | <- | <- | 
| 2025-04-18 | C518 | 08:00:00 | 18:30:00 | 2.0 | 10.0 | C518现场跟线 | <- | <- | <- | 
| 2025-04-19 | C518 |  |  |  |  |  | <- | <- | <- | 
| 2025-04-20 | C518 |  |  |  |  |  | <- | <- | <- | 
| 2025-04-21 | C518 | 08:00:00 | 20:00:00 | 3.5 | 11.5 | C518现场跟线 | <- | <- | <- | 
| 2025-04-22 | C518 | 08:00:00 | 20:00:00 | 3.5 | 11.5 | C518现场跟线 | <- | <- | <- | 
| 2025-04-23 | C518 | 08:00:00 | 20:00:00 | 3.5 | 11.5 | C518现场跟线 | <- | <- | <- | 
| 2025-04-24 | C518 | 08:00:00 | 20:00:00 | 3.5 | 11.5 | C518现场跟线 | <- | <- | <- | 
| 2025-04-25 | C518 | 08:00:00 | 20:00:00 | 3.5 | 11.5 | C518现场跟线 | <- | <- | <- | 
| 2025-04-26 | C518 | 08:00:00 | 18:30:00 | 10.0 | 10.0 | C518现场跟线 | <- | <- | <- | 
| 2025-04-27 | C518 | 08:00:00 | 20:00:00 | 3.5 | 11.5 | C518现场跟线 | <- | <- | <- | 
| 2025-04-28 | C518 | 08:00:00 | 20:00:00 | 3.5 | 11.5 | C518现场跟线 | <- | <- | <- | 
| 2025-04-29 | C518 | 08:00:00 | 20:00:00 | 3.5 | 11.5 | C518现场跟线 | <- | <- | <- | 
| 2025-04-30 | C518 | 08:00:00 | 20:00:00 | 3.5 | 11.5 | C518现场跟线 | <- | <- | <- | 
| 2025-05-01 | C518 |  |  |  |  |  | <- | <- | <- | 
| 工时统计 | 项目名称 | 项目编号 | 加班 | <- | 工时 | 项目工程师签字 | <- | <- | <- | 
| ^ | C518 |  | 99.5 | <- | 275.5 |  | <- | <- | <- | 
| ^ |  |  |  | <- |  |  | <- | <- | <- | 
| ^ |  |  |  | <- |  |  | <- | <- | <- | 
| ^ |  |  |  | <- |  |  | <- | <- | <- | 
| 总计工时 | 275.50 | <- | 经理签字： | <- | <- |  | <- | <- | <- | 


## 工作表: Sheet1

| A | B | C | D | E | F | 
|  --- | --- | --- | --- | --- | --- |
|  |  |  | 一年调整一次，请勿随意删除 | <- | <- | 
|  |  |  | 2025 | <- | <- | 
| 年 | 月 |  | 节假日 | 调休加班日 |  | 
| 1905-07-17 | 1 |  | 45658 | 45683 |  | 
|  |  |  | 45685 | 45696 |  | 
|  |  |  | 45686 | 45774 |  | 
|  |  |  | 45687 | 45928 |  | 
|  |  |  | 45688 | 45941 |  | 
|  |  |  | 45689 |  |  | 
|  |  |  | 45690 |  |  | 
|  |  |  | 45691 |  |  | 
|  |  |  | 45692 |  |  | 
|  |  |  | 45751 |  |  | 
|  |  |  | 45752 |  |  | 
|  |  |  | 45753 |  |  | 
|  |  |  | 45778 |  |  | 
|  |  |  | 45779 |  |  | 
|  |  |  | 45780 |  |  | 
|  |  |  | 45781 |  |  | 
|  |  |  | 45782 |  |  | 
|  |  |  | 45808 |  |  | 
|  |  |  | 45809 |  |  | 
|  |  |  | 45810 |  |  | 
|  |  |  | 45931 |  |  | 
|  |  |  | 45932 |  |  | 
|  |  |  | 45933 |  |  | 
|  |  |  | 45934 |  |  | 
|  |  |  | 45935 |  |  | 
|  |  |  | 45936 |  |  | 
|  |  |  | 45937 |  |  | 
|  |  |  | 45938 |  |  | 



2025-05-20 10:54:20,311 - INFO - 请求成功，状态码: 200
2025-05-20 10:54:20,312 - INFO - 模型返回：
{"C518":{"overtime_hours":99.5,"total_hours":275.5}}

2025-05-20 10:54:20,313 - INFO - 源数据表中的工时汇总数据：{'C518': {'overtime_hours': 99.5, 'total_hours': 275.5}}
2025-05-20 10:54:20,313 - INFO - 文件处理进度：10 / 10
2025-05-20 10:54:20,313 - INFO - 开始处理工时文件：D:/sotos工作资料/test/5\郑瑞环工时表-重庆安道拓-2025年04月.xlsx
2025-05-20 10:54:20,458 - INFO - Excel表格提取文本：
## 工作表: 郑瑞环

| A | B | C | D | E | F | G | H | I | J | 
|  --- | --- | --- | --- | --- | --- | --- | --- | --- | --- |
| 重庆延锋安道拓 | <- | 上海睿励信息技术有限公司 工时记录表 | <- | <- | <- | <- | <- | <- | <- | 
| ^ | ^<- | 供应商 |  | <- | <- | <- | <- | <- | <- | 
| 工程师 | 郑瑞环 | <- | 负责人 | 李志刚 | 电话 | 13752952156 | <- | <- | <- | 
| 日期 | 项目名称 | 开始工作时间 | 工作结束时间 | 加班时间 | 总工作时间 | 备注 | <- | <- | <- | 
| 2025-04-01 | PK1B | 09:00:00 | 00:30:00 | 7.0 | 15.0 | PK1B前期开发 | <- | <- | <- | 
| 2025-04-02 | PK1B | 09:00:00 | 19:00:00 | 1.5 | 9.5 | PK1B前期开发 | <- | <- | <- | 
| 2025-04-03 | PK1B | 09:00:00 | 19:30:00 | 2.0 | 10.0 | PK1B前期开发 | <- | <- | <- | 
| 2025-04-04 |  |  |  |  |  |  | <- | <- | <- | 
| 2025-04-05 |  |  |  |  |  |  | <- | <- | <- | 
| 2025-04-06 |  |  |  |  |  |  | <- | <- | <- | 
| 2025-04-07 | PK1B | 09:00:00 | 21:00:00 | 3.5 | 11.5 | PK1B前期开发 | <- | <- | <- | 
| 2025-04-08 | PK1B | 09:00:00 | 21:00:00 | 3.5 | 11.5 | PK1B前期开发 | <- | <- | <- | 
| 2025-04-09 | PK1B | 09:00:00 | 20:00:00 | 2.5 | 10.5 | PK1B前期开发 | <- | <- | <- | 
| 2025-04-10 | PK1B | 09:00:00 | 20:00:00 | 2.5 | 10.5 | PK1B前期开发 | <- | <- | <- | 
| 2025-04-11 | PK1B | 09:00:00 | 20:30:00 | 3.0 | 11.0 | PK1B前期开发 | <- | <- | <- | 
| 2025-04-12 |  |  |  |  |  |  | <- | <- | <- | 
| 2025-04-13 |  |  |  |  |  |  | <- | <- | <- | 
| 2025-04-14 | PK1B | 09:00:00 | 20:00:00 | 2.5 | 10.5 | PK1B前期开发 | <- | <- | <- | 
| 2025-04-15 | PK1B | 09:00:00 | 20:00:00 | 2.5 | 10.5 | PK1B前期开发 | <- | <- | <- | 
| 2025-04-16 | PK1B | 09:00:00 | 20:00:00 | 2.5 | 10.5 | PK1B前期开发 | <- | <- | <- | 
| 2025-04-17 | PK1B | 09:00:00 | 20:30:00 | 3.0 | 11.0 | PK1B前期开发 | <- | <- | <- | 
| 2025-04-18 | PK1B | 09:00:00 | 20:00:00 | 2.5 | 10.5 | PK1B前期开发 | <- | <- | <- | 
| 2025-04-19 |  |  |  |  |  |  | <- | <- | <- | 
| 2025-04-20 |  |  |  |  |  |  | <- | <- | <- | 
| 2025-04-21 | PK1B | 09:00:00 | 20:00:00 | 2.5 | 10.5 | PK1B前期开发 | <- | <- | <- | 
| 2025-04-22 | PK1B | 09:00:00 | 20:00:00 | 2.5 | 10.5 | PK1B前期开发 | <- | <- | <- | 
| 2025-04-23 | PK1B | 09:00:00 | 20:00:00 | 2.5 | 10.5 | PK1B前期开发 | <- | <- | <- | 
| 2025-04-24 | PK1B | 09:00:00 | 20:00:00 | 2.5 | 10.5 | PK1B前期开发 | <- | <- | <- | 
| 2025-04-25 | PK1B | 09:00:00 | 20:00:00 | 2.5 | 10.5 | PK1B前期开发 | <- | <- | <- | 
| 2025-04-26 |  |  |  |  |  |  | <- | <- | <- | 
| 2025-04-27 | PK1B | 09:00:00 | 20:00:00 | 2.5 | 10.5 | PK1B前期开发 | <- | <- | <- | 
| 2025-04-28 | PK1B | 09:00:00 | 21:00:00 | 3.5 | 11.5 | PK1B前期开发 | <- | <- | <- | 
| 2025-04-29 | PK1B | 09:00:00 | 21:00:00 | 3.5 | 11.5 | PK1B前期开发 | <- | <- | <- | 
| 2025-04-30 | PK1B | 09:00:00 | 19:00:00 | 1.5 | 9.5 | PK1B前期开发 | <- | <- | <- | 
| 2025-05-01 |  |  |  |  |  |  | <- | <- | <- | 
| 工时统计 | 项目名称 | 项目编号 | 加班 | <- | 工时 | 项目工程师签字 | <- | <- | <- | 
| ^ | PK1B |  | 62.0 | <- | 238.0 |  | <- | <- | <- | 
| ^ |  |  |  | <- |  |  | <- | <- | <- | 
| ^ |  |  |  | <- |  |  | <- | <- | <- | 
| ^ |  |  |  | <- |  |  | <- | <- | <- | 
| 总计工时 | 238.00 | <- | 经理签字： | <- | <- |  | <- | <- | <- | 


## 工作表: Sheet1

| A | B | C | D | E | F | 
|  --- | --- | --- | --- | --- | --- |
|  |  |  | 一年调整一次，请勿随意删除 | <- | <- | 
|  |  |  | 2025 | <- | <- | 
| 年 | 月 |  | 节假日 | 调休加班日 |  | 
| 1905-07-17 | 4 |  | 45658 | 45683 |  | 
|  |  |  | 45685 | 45696 |  | 
|  |  |  | 45686 | 45774 |  | 
|  |  |  | 45687 | 45928 |  | 
|  |  |  | 45688 | 45941 |  | 
|  |  |  | 45689 |  |  | 
|  |  |  | 45690 |  |  | 
|  |  |  | 45691 |  |  | 
|  |  |  | 45692 |  |  | 
|  |  |  | 45751 |  |  | 
|  |  |  | 45752 |  |  | 
|  |  |  | 45753 |  |  | 
|  |  |  | 45778 |  |  | 
|  |  |  | 45779 |  |  | 
|  |  |  | 45780 |  |  | 
|  |  |  | 45781 |  |  | 
|  |  |  | 45782 |  |  | 
|  |  |  | 45808 |  |  | 
|  |  |  | 45809 |  |  | 
|  |  |  | 45810 |  |  | 
|  |  |  | 45931 |  |  | 
|  |  |  | 45932 |  |  | 
|  |  |  | 45933 |  |  | 
|  |  |  | 45934 |  |  | 
|  |  |  | 45935 |  |  | 
|  |  |  | 45936 |  |  | 
|  |  |  | 45937 |  |  | 
|  |  |  | 45938 |  |  | 



2025-05-20 10:54:20,468 - INFO - 从表格文本中，提取员工姓名和公司名称...
2025-05-20 10:54:20,468 - INFO - 发送请求到模型API...
2025-05-20 10:54:20,468 - INFO - system_prompt：
你是一个专业的表格信息提取助手。用户会提供给你一份Excel工时表，已转换为Markdown格式。你需要提取出表格包含的员工姓名`employee_name`和公司名称`company_name`。以JSON格式输出结果，包含`employee_name`和`company_name`两个字段。如果无法提取到员工姓名和公司名称，请返回空字符串。

markdown格式的表格中合并单元格表示法：
   - "^" 符号表示该单元格与上方单元格合并（纵向合并）
   - "<-" 符号表示该单元格与左侧单元格合并（横向合并）
   - "^<-" 符号表示该单元格同时与上方和左侧单元格合并（纵横合并）

比如：{"employee_name":"张三", "company_name":"XXX公司"}
注意：直接返回结果，不要包含任何解释或说明。

2025-05-20 10:54:20,470 - INFO - user_prompt：## 工作表: 郑瑞环

| A | B | C | D | E | F | G | H | I | J | 
|  --- | --- | --- | --- | --- | --- | --- | --- | --- | --- |
| 重庆延锋安道拓 | <- | 上海睿励信息技术有限公司 工时记录表 | <- | <- | <- | <- | <- | <- | <- | 
| ^ | ^<- | 供应商 |  | <- | <- | <- | <- | <- | <- | 
| 工程师 | 郑瑞环 | <- | 负责人 | 李志刚 | 电话 | 13752952156 | <- | <- | <- | 
| 日期 | 项目名称 | 开始工作时间 | 工作结束时间 | 加班时间 | 总工作时间 | 备注 | <- | <- | <- | 
| 2025-04-01 | PK1B | 09:00:00 | 00:30:00 | 7.0 | 15.0 | PK1B前期开发 | <- | <- | <- | 
| 2025-04-02 | PK1B | 09:00:00 | 19:00:00 | 1.5 | 9.5 | PK1B前期开发 | <- | <- | <- | 
| 2025-04-03 | PK1B | 09:00:00 | 19:30:00 | 2.0 | 10.0 | PK1B前期开发 | <- | <- | <- | 
| 2025-04-04 |  |  |  |  |  |  | <- | <- | <- | 
| 2025-04-05 |  |  |  |  |  |  | <- | <- | <- | 
| 2025-04-06 |  |  |  |  |  |  | <- | <- | <- | 
| 2025-04-07 | PK1B | 09:00:00 | 21:00:00 | 3.5 | 11.5 | PK1B前期开发 | <- | <- | <- | 
| 2025-04-08 | PK1B | 09:00:00 | 21:00:00 | 3.5 | 11.5 | PK1B前期开发 | <- | <- | <- | 
| 2025-04-09 | PK1B | 09:00:00 | 20:00:00 | 2.5 | 10.5 | PK1B前期开发 | <- | <- | <- | 
| 2025-04-10 | PK1B | 09:00:00 | 20:00:00 | 2.5 | 10.5 | PK1B前期开发 | <- | <- | <- | 
| 2025-04-11 | PK1B | 09:00:00 | 20:30:00 | 3.0 | 11.0 | PK1B前期开发 | <- | <- | <- | 
| 2025-04-12 |  |  |  |  |  |  | <- | <- | <- | 
| 2025-04-13 |  |  |  |  |  |  | <- | <- | <- | 
| 2025-04-14 | PK1B | 09:00:00 | 20:00:00 | 2.5 | 10.5 | PK1B前期开发 | <- | <- | <- | 
| 2025-04-15 | PK1B | 09:00:00 | 20:00:00 | 2.5 | 10.5 | PK1B前期开发 | <- | <- | <- | 
| 2025-04-16 | PK1B | 09:00:00 | 20:00:00 | 2.5 | 10.5 | PK1B前期开发 | <- | <- | <- | 
| 2025-04-17 | PK1B | 09:00:00 | 20:30:00 | 3.0 | 11.0 | PK1B前期开发 | <- | <- | <- | 
| 2025-04-18 | PK1B | 09:00:00 | 20:00:00 | 2.5 | 10.5 | PK1B前期开发 | <- | <- | <- | 
| 2025-04-19 |  |  |  |  |  |  | <- | <- | <- | 
| 2025-04-20 |  |  |  |  |  |  | <- | <- | <- | 
| 2025-04-21 | PK1B | 09:00:00 | 20:00:00 | 2.5 | 10.5 | PK1B前期开发 | <- | <- | <- | 
| 2025-04-22 | PK1B | 09:00:00 | 20:00:00 | 2.5 | 10.5 | PK1B前期开发 | <- | <- | <- | 
| 2025-04-23 | PK1B | 09:00:00 | 20:00:00 | 2.5 | 10.5 | PK1B前期开发 | <- | <- | <- | 
| 2025-04-24 | PK1B | 09:00:00 | 20:00:00 | 2.5 | 10.5 | PK1B前期开发 | <- | <- | <- | 
| 2025-04-25 | PK1B | 09:00:00 | 20:00:00 | 2.5 | 10.5 | PK1B前期开发 | <- | <- | <- | 
| 2025-04-26 |  |  |  |  |  |  | <- | <- | <- | 
| 2025-04-27 | PK1B | 09:00:00 | 20:00:00 | 2.5 | 10.5 | PK1B前期开发 | <- | <- | <- | 
| 2025-04-28 | PK1B | 09:00:00 | 21:00:00 | 3.5 | 11.5 | PK1B前期开发 | <- | <- | <- | 
| 2025-04-29 | PK1B | 09:00:00 | 21:00:00 | 3.5 | 11.5 | PK1B前期开发 | <- | <- | <- | 
| 2025-04-30 | PK1B | 09:00:00 | 19:00:00 | 1.5 | 9.5 | PK1B前期开发 | <- | <- | <- | 
| 2025-05-01 |  |  |  |  |  |  | <- | <- | <- | 
| 工时统计 | 项目名称 | 项目编号 | 加班 | <- | 工时 | 项目工程师签字 | <- | <- | <- | 
| ^ | PK1B |  | 62.0 | <- | 238.0 |  | <- | <- | <- | 
| ^ |  |  |  | <- |  |  | <- | <- | <- | 
| ^ |  |  |  | <- |  |  | <- | <- | <- | 
| ^ |  |  |  | <- |  |  | <- | <- | <- | 
| 总计工时 | 238.00 | <- | 经理签字： | <- | <- |  | <- | <- | <- | 


## 工作表: Sheet1

| A | B | C | D | E | F | 
|  --- | --- | --- | --- | --- | --- |
|  |  |  | 一年调整一次，请勿随意删除 | <- | <- | 
|  |  |  | 2025 | <- | <- | 
| 年 | 月 |  | 节假日 | 调休加班日 |  | 
| 1905-07-17 | 4 |  | 45658 | 45683 |  | 
|  |  |  | 45685 | 45696 |  | 
|  |  |  | 45686 | 45774 |  | 
|  |  |  | 45687 | 45928 |  | 
|  |  |  | 45688 | 45941 |  | 
|  |  |  | 45689 |  |  | 
|  |  |  | 45690 |  |  | 
|  |  |  | 45691 |  |  | 
|  |  |  | 45692 |  |  | 
|  |  |  | 45751 |  |  | 
|  |  |  | 45752 |  |  | 
|  |  |  | 45753 |  |  | 
|  |  |  | 45778 |  |  | 
|  |  |  | 45779 |  |  | 
|  |  |  | 45780 |  |  | 
|  |  |  | 45781 |  |  | 
|  |  |  | 45782 |  |  | 
|  |  |  | 45808 |  |  | 
|  |  |  | 45809 |  |  | 
|  |  |  | 45810 |  |  | 
|  |  |  | 45931 |  |  | 
|  |  |  | 45932 |  |  | 
|  |  |  | 45933 |  |  | 
|  |  |  | 45934 |  |  | 
|  |  |  | 45935 |  |  | 
|  |  |  | 45936 |  |  | 
|  |  |  | 45937 |  |  | 
|  |  |  | 45938 |  |  | 



2025-05-20 10:54:22,993 - INFO - 请求成功，状态码: 200
2025-05-20 10:54:22,994 - INFO - 模型返回：{"employee_name":"郑瑞环", "company_name":"上海睿励信息技术有限公司"}

2025-05-20 10:54:22,994 - INFO - 解析模型返回：
 - 员工姓名：郑瑞环,  - 公司名称：上海睿励信息技术有限公司
2025-05-20 10:54:22,995 - INFO - 

从表格文本中，提取汇总数据...
2025-05-20 10:54:22,996 - INFO - 发送请求到模型API...
2025-05-20 10:54:22,996 - INFO - system_prompt：
你是一个专业的工时数据提取助手。用户会提供给你一份Excel工时表，已转换为Markdown格式。你需要提取出表格中的按照项目做统计的工时汇总数据。将提取结果以JSON格式输出。以项目名称作为key为项目名称，value为包含加班和工时的字典。

markdown格式的表格中合并单元格表示法：
   - "^" 符号表示该单元格与上方单元格合并（纵向合并）
   - "<-" 符号表示该单元格与左侧单元格合并（横向合并）
   - "^<-" 符号表示该单元格同时与上方和左侧单元格合并（纵横合并）

你可以按照以下步骤进行分析：
1. 首先，定位表格中工时统计汇总数据，通常在表格的下方。
2. 读取工时统计汇总数据，包含项目名称、项目编号、加班、工时等。项目编号可能为空。
3. 整理所有数据，以JSON格式输。key为项目名称，value为包含加班`overtime_hours`和工时`total_hours`的字典。

注意：
1.直接返回结果，不要包含任何解释或说明。
2.输出结果必须严格按照无语法错误的JSON格式输出，不能有任何其他格式。

以JSON格式输出结果，示例输出如下：
示例1：
{"D11":{"overtime_hours":20,"total_hours":120}, "A12":{"overtime_hours":6,"total_hours":14}, "B13":{"overtime_hours":1,"total_hours":10}}
示例2：
{"D11":{"overtime_hours":20,"total_hours":120}, "A12":{"overtime_hours":6,"total_hours":14}}

2025-05-20 10:54:22,998 - INFO - user_prompt：## 工作表: 郑瑞环

| A | B | C | D | E | F | G | H | I | J | 
|  --- | --- | --- | --- | --- | --- | --- | --- | --- | --- |
| 重庆延锋安道拓 | <- | 上海睿励信息技术有限公司 工时记录表 | <- | <- | <- | <- | <- | <- | <- | 
| ^ | ^<- | 供应商 |  | <- | <- | <- | <- | <- | <- | 
| 工程师 | 郑瑞环 | <- | 负责人 | 李志刚 | 电话 | 13752952156 | <- | <- | <- | 
| 日期 | 项目名称 | 开始工作时间 | 工作结束时间 | 加班时间 | 总工作时间 | 备注 | <- | <- | <- | 
| 2025-04-01 | PK1B | 09:00:00 | 00:30:00 | 7.0 | 15.0 | PK1B前期开发 | <- | <- | <- | 
| 2025-04-02 | PK1B | 09:00:00 | 19:00:00 | 1.5 | 9.5 | PK1B前期开发 | <- | <- | <- | 
| 2025-04-03 | PK1B | 09:00:00 | 19:30:00 | 2.0 | 10.0 | PK1B前期开发 | <- | <- | <- | 
| 2025-04-04 |  |  |  |  |  |  | <- | <- | <- | 
| 2025-04-05 |  |  |  |  |  |  | <- | <- | <- | 
| 2025-04-06 |  |  |  |  |  |  | <- | <- | <- | 
| 2025-04-07 | PK1B | 09:00:00 | 21:00:00 | 3.5 | 11.5 | PK1B前期开发 | <- | <- | <- | 
| 2025-04-08 | PK1B | 09:00:00 | 21:00:00 | 3.5 | 11.5 | PK1B前期开发 | <- | <- | <- | 
| 2025-04-09 | PK1B | 09:00:00 | 20:00:00 | 2.5 | 10.5 | PK1B前期开发 | <- | <- | <- | 
| 2025-04-10 | PK1B | 09:00:00 | 20:00:00 | 2.5 | 10.5 | PK1B前期开发 | <- | <- | <- | 
| 2025-04-11 | PK1B | 09:00:00 | 20:30:00 | 3.0 | 11.0 | PK1B前期开发 | <- | <- | <- | 
| 2025-04-12 |  |  |  |  |  |  | <- | <- | <- | 
| 2025-04-13 |  |  |  |  |  |  | <- | <- | <- | 
| 2025-04-14 | PK1B | 09:00:00 | 20:00:00 | 2.5 | 10.5 | PK1B前期开发 | <- | <- | <- | 
| 2025-04-15 | PK1B | 09:00:00 | 20:00:00 | 2.5 | 10.5 | PK1B前期开发 | <- | <- | <- | 
| 2025-04-16 | PK1B | 09:00:00 | 20:00:00 | 2.5 | 10.5 | PK1B前期开发 | <- | <- | <- | 
| 2025-04-17 | PK1B | 09:00:00 | 20:30:00 | 3.0 | 11.0 | PK1B前期开发 | <- | <- | <- | 
| 2025-04-18 | PK1B | 09:00:00 | 20:00:00 | 2.5 | 10.5 | PK1B前期开发 | <- | <- | <- | 
| 2025-04-19 |  |  |  |  |  |  | <- | <- | <- | 
| 2025-04-20 |  |  |  |  |  |  | <- | <- | <- | 
| 2025-04-21 | PK1B | 09:00:00 | 20:00:00 | 2.5 | 10.5 | PK1B前期开发 | <- | <- | <- | 
| 2025-04-22 | PK1B | 09:00:00 | 20:00:00 | 2.5 | 10.5 | PK1B前期开发 | <- | <- | <- | 
| 2025-04-23 | PK1B | 09:00:00 | 20:00:00 | 2.5 | 10.5 | PK1B前期开发 | <- | <- | <- | 
| 2025-04-24 | PK1B | 09:00:00 | 20:00:00 | 2.5 | 10.5 | PK1B前期开发 | <- | <- | <- | 
| 2025-04-25 | PK1B | 09:00:00 | 20:00:00 | 2.5 | 10.5 | PK1B前期开发 | <- | <- | <- | 
| 2025-04-26 |  |  |  |  |  |  | <- | <- | <- | 
| 2025-04-27 | PK1B | 09:00:00 | 20:00:00 | 2.5 | 10.5 | PK1B前期开发 | <- | <- | <- | 
| 2025-04-28 | PK1B | 09:00:00 | 21:00:00 | 3.5 | 11.5 | PK1B前期开发 | <- | <- | <- | 
| 2025-04-29 | PK1B | 09:00:00 | 21:00:00 | 3.5 | 11.5 | PK1B前期开发 | <- | <- | <- | 
| 2025-04-30 | PK1B | 09:00:00 | 19:00:00 | 1.5 | 9.5 | PK1B前期开发 | <- | <- | <- | 
| 2025-05-01 |  |  |  |  |  |  | <- | <- | <- | 
| 工时统计 | 项目名称 | 项目编号 | 加班 | <- | 工时 | 项目工程师签字 | <- | <- | <- | 
| ^ | PK1B |  | 62.0 | <- | 238.0 |  | <- | <- | <- | 
| ^ |  |  |  | <- |  |  | <- | <- | <- | 
| ^ |  |  |  | <- |  |  | <- | <- | <- | 
| ^ |  |  |  | <- |  |  | <- | <- | <- | 
| 总计工时 | 238.00 | <- | 经理签字： | <- | <- |  | <- | <- | <- | 


## 工作表: Sheet1

| A | B | C | D | E | F | 
|  --- | --- | --- | --- | --- | --- |
|  |  |  | 一年调整一次，请勿随意删除 | <- | <- | 
|  |  |  | 2025 | <- | <- | 
| 年 | 月 |  | 节假日 | 调休加班日 |  | 
| 1905-07-17 | 4 |  | 45658 | 45683 |  | 
|  |  |  | 45685 | 45696 |  | 
|  |  |  | 45686 | 45774 |  | 
|  |  |  | 45687 | 45928 |  | 
|  |  |  | 45688 | 45941 |  | 
|  |  |  | 45689 |  |  | 
|  |  |  | 45690 |  |  | 
|  |  |  | 45691 |  |  | 
|  |  |  | 45692 |  |  | 
|  |  |  | 45751 |  |  | 
|  |  |  | 45752 |  |  | 
|  |  |  | 45753 |  |  | 
|  |  |  | 45778 |  |  | 
|  |  |  | 45779 |  |  | 
|  |  |  | 45780 |  |  | 
|  |  |  | 45781 |  |  | 
|  |  |  | 45782 |  |  | 
|  |  |  | 45808 |  |  | 
|  |  |  | 45809 |  |  | 
|  |  |  | 45810 |  |  | 
|  |  |  | 45931 |  |  | 
|  |  |  | 45932 |  |  | 
|  |  |  | 45933 |  |  | 
|  |  |  | 45934 |  |  | 
|  |  |  | 45935 |  |  | 
|  |  |  | 45936 |  |  | 
|  |  |  | 45937 |  |  | 
|  |  |  | 45938 |  |  | 



2025-05-20 10:54:25,075 - INFO - 请求成功，状态码: 200
2025-05-20 10:54:25,077 - INFO - 模型返回：
{"PK1B":{"overtime_hours":62.0,"total_hours":238.0}}

2025-05-20 10:54:25,078 - INFO - 源数据表中的工时汇总数据：{'PK1B': {'overtime_hours': 62.0, 'total_hours': 238.0}}
2025-05-20 10:55:03,969 - INFO - 开始处理工时文件：C:/Users/admin/Desktop/工时测试数据/蔡爽工时表-重庆安道拓-2025年03月.xlsx
2025-05-20 10:55:04,074 - INFO - Excel表格提取文本：
## 工作表: 蔡爽

| A | B | C | D | E | F | G | H | I | J | K | L | M | N | O | P | Q | R | S | T | 
|  --- | --- | --- | --- | --- | --- | --- | --- | --- | --- | --- | --- | --- | --- | --- | --- | --- | --- | --- | --- |
| 重庆延锋安道拓 | <- | 上海睿励信息技术有限公司 工时记录表 | <- | <- | <- | <- | <- | <- | <- |  |  |  |  |  |  |  |  |  |  | 
| ^ | ^<- | 供应商 |  | <- | <- | <- | <- | <- | <- |  |  |  |  |  |  |  |  |  |  | 
| 工程师 | 蔡爽 | <- | 负责人 | 向阳 | 电话 | 15123462783 | <- | <- | <- |  |  |  |  |  |  |  |  |  |  | 
| 日期 | 项目名称 | 开始工作时间 | 工作结束时间 | 加班时间 | 总工作时间 | 备注 | <- | <- | <- |  |  |  |  |  |  |  |  |  |  | 
| 2025-03-01 |  |  |  |  |  |  | <- | <- | <- |  |  |  |  |  |  |  |  |  |  | 
| 2025-03-02 |  |  |  |  |  |  | <- | <- | <- |  |  |  |  |  |  |  |  |  |  | 
| 2025-03-03 | 660B | 08:30:00 | 20:00:00 | 3.0 | 11.0 | V540 数据图纸修改 | <- | <- | <- |  |  |  |  |  |  |  |  |  |  | 
| 2025-03-04 | 660B | 08:30:00 | 20:00:00 | 3.0 | 11.0 | V540 数据图纸修改 | <- | <- | <- |  |  |  |  |  |  |  |  |  |  | 
| 2025-03-05 | 660B | 08:30:00 | 20:30:00 | 3.5 | 11.5 | V540 数据图纸修改 | <- | <- | <- |  |  |  |  |  |  |  |  |  |  | 
| 2025-03-06 | 660B | 08:30:00 | 18:00:00 | 1.0 | 9.0 | V540 数据图纸修改 | <- | <- | <- |  |  |  |  |  |  |  |  |  |  | 
| 2025-03-07 | 660B | 08:30:00 | 17:00:00 | 0.0 | 8.0 | V540 数据图纸修改 | <- | <- | <- |  |  |  |  |  |  |  |  |  |  | 
| 2025-03-08 |  |  |  |  |  |  | <- | <- | <- |  |  |  |  |  |  |  |  |  |  | 
| 2025-03-09 |  |  |  |  |  |  | <- | <- | <- |  |  |  |  |  |  |  |  |  |             | 
| 2025-03-10 | 660B | 08:30:00 | 20:00:00 | 3.0 | 11.0 | V540 数据图纸修改 | <- | <- | <- |  |  |  |  |  |  |  |  |  |  | 
| 2025-03-11 | 660B | 08:30:00 | 20:00:00 | 3.0 | 11.0 | V540 数据图纸修改 | <- | <- | <- |  |  |  |  |  |  |  |  |  |  | 
| 2025-03-12 | 660B | 08:30:00 | 20:00:00 | 3.0 | 11.0 | V540 数据图纸修改 | <- | <- | <- |  |  |  |  |  |  |  |  |  |  | 
| 2025-03-13 | 660B | 08:30:00 | 20:00:00 | 3.0 | 11.0 | V540 数据图纸修改 | <- | <- | <- |  |  |  |  |  |  |  |  |  |  | 
| 2025-03-14 | 660B | 08:30:00 | 20:00:00 | 3.0 | 11.0 | V540 数据图纸修改 | <- | <- | <- |  |  |  |  |  |  |  |  |  |  | 
| 2025-03-15 |  |  |  |  |  |  | <- | <- | <- |  |  |  |  |  |  |  |  |  |  | 
| 2025-03-16 |  |  |  |  |  |  | <- | <- | <- |  |  |  |  |  |  |  |  |  |  | 
| 2025-03-17 | 660B | 08:30:00 | 20:00:00 | 3.0 | 11.0 | V540 数据图纸修改 | <- | <- | <- |  |  |  |  |  |  |  |  |  |  | 
| 2025-03-18 | 660B | 08:30:00 | 20:00:00 | 3.0 | 11.0 | V540 数据图纸修改 | <- | <- | <- |  |  |  |  |  |  |  |  |  |  | 
| 2025-03-19 | 660B | 08:30:00 | 20:30:00 | 3.5 | 11.5 | V540 数据图纸修改 | <- | <- | <- |  |  |  |  |  |  |  |  |  |  | 
| 2025-03-20 | 660B | 08:30:00 | 20:00:00 | 3.0 | 11.0 | V540 数据图纸修改 | <- | <- | <- |  |  |  |  |  |  |  |  |  |  | 
| 2025-03-21 | 660B | 08:30:00 | 20:00:00 | 3.0 | 11.0 | V540 数据图纸修改 | <- | <- | <- |  |  |  |  |  |  |  |  |  |  | 
| 2025-03-22 |  |  |  |  |  |  | <- | <- | <- |  |  |  |  |  |  |  |  |  |  | 
| 2025-03-23 |  |  |  |  |  |  | <- | <- | <- |  |  |  |  |  |  |  |  |  |  | 
| 2025-03-24 | 660B | 08:30:00 | 20:00:00 | 3.0 | 11.0 | V540 数据图纸修改 | <- | <- | <- |  |  |  |  |  |  |  |  |  |  | 
| 2025-03-25 | 660B | 08:30:00 | 20:00:00 | 3.0 | 11.0 | V540 数据图纸修改 | <- | <- | <- |  |  |  |  |  |  |  |  |  |  | 
| 2025-03-26 | 660B | 08:30:00 | 20:00:00 | 3.0 | 11.0 | V540 数据图纸修改 | <- | <- | <- |  |  |  |  |  |  |  |  |  |  | 
| 2025-03-27 | 660B | 08:30:00 | 20:00:00 | 3.0 | 11.0 | EF2H 3D数据 | <- | <- | <- |  |  |  |  |  |  |  |  |  |  | 
| 2025-03-28 | 660B | 08:30:00 | 20:00:00 | 3.0 | 11.0 | EF2H 3D数据 | <- | <- | <- |  |  |  |  |  |  |  |  |  |  | 
| 2025-03-29 | 660B | 10:00:00 | 12:00:00 | 1.5 | 1.5 | EF2H 3D数据 | <- | <- | <- |  |  |  |  |  |  |  |  |  |  | 
| 2025-03-30 |  |  |  |  |  |  | <- | <- | <- |  |  |  |  |  |  |  |  |  |  | 
| 2025-03-31 | 660B | 08:30:00 | 20:00:00 | 3.0 | 11.0 | EF2H 3D数据 | <- | <- | <- |  |  |  |  |  |  |  |  |  |  | 
| 2025-04-01 |  |  |  |  |  |  | <- | <- | <- |  |  |  |  |  |  |  |  |  |  | 
| 工时统计 | 项目名称 | 项目编号 | 加班 | <- | 工时 | 项目工程师签字 | <- | <- | <- |  |  |  |  |  |  |  |  |  |  | 
| ^ | 660B |  | 60.5 | <- | 228.5 |  | <- | <- | <- |  |  |  |  |  |  |  |  |  |  | 
| ^ |  |  |  | <- |  |  | <- | <- | <- |  |  |  |  |  |  |  |  |  |  | 
| ^ |  |  |  | <- |  |  | <- | <- | <- |  |  |  |  |  |  |  |  |  |  | 
| ^ |  |  |  | <- |  |  | <- | <- | <- |  |  |  |  |  |  |  |  |  |  | 
| 总计工时 | 228.50 | <- | 经理签字： | <- | <- |  | <- | <- | <- |  |  |  |  |  |  |  |  |  |  | 


## 工作表: Sheet1

| A | B | C | D | E | F | 
|  --- | --- | --- | --- | --- | --- |
|  |  |  | 一年调整一次，请勿随意删除 | <- | <- | 
|  |  |  | 2025 | <- | <- | 
| 年 | 月 |  | 节假日 | 调休加班日 |  | 
| 1905-07-17 | 3 |  | 45658 | 45683 |  | 
|  |  |  | 45685 | 45696 |  | 
|  |  |  | 45686 | 45774 |  | 
|  |  |  | 45687 | 45928 |  | 
|  |  |  | 45688 | 45941 |  | 
|  |  |  | 45689 |  |  | 
|  |  |  | 45690 |  |  | 
|  |  |  | 45691 |  |  | 
|  |  |  | 45692 |  |  | 
|  |  |  | 45751 |  |  | 
|  |  |  | 45752 |  |  | 
|  |  |  | 45753 |  |  | 
|  |  |  | 45778 |  |  | 
|  |  |  | 45779 |  |  | 
|  |  |  | 45780 |  |  | 
|  |  |  | 45781 |  |  | 
|  |  |  | 45782 |  |  | 
|  |  |  | 45808 |  |  | 
|  |  |  | 45809 |  |  | 
|  |  |  | 45810 |  |  | 
|  |  |  | 45931 |  |  | 
|  |  |  | 45932 |  |  | 
|  |  |  | 45933 |  |  | 
|  |  |  | 45934 |  |  | 
|  |  |  | 45935 |  |  | 
|  |  |  | 45936 |  |  | 
|  |  |  | 45937 |  |  | 
|  |  |  | 45938 |  |  | 



2025-05-20 10:55:04,086 - INFO - 从表格文本中，提取员工姓名和公司名称...
2025-05-20 10:55:04,086 - INFO - 发送请求到模型API...
2025-05-20 10:55:04,086 - INFO - system_prompt：
你是一个专业的表格信息提取助手。用户会提供给你一份Excel工时表，已转换为Markdown格式。你需要提取出表格包含的员工姓名`employee_name`和公司名称`company_name`。以JSON格式输出结果，包含`employee_name`和`company_name`两个字段。如果无法提取到员工姓名和公司名称，请返回空字符串。

markdown格式的表格中合并单元格表示法：
   - "^" 符号表示该单元格与上方单元格合并（纵向合并）
   - "<-" 符号表示该单元格与左侧单元格合并（横向合并）
   - "^<-" 符号表示该单元格同时与上方和左侧单元格合并（纵横合并）

比如：{"employee_name":"张三", "company_name":"XXX公司"}
注意：直接返回结果，不要包含任何解释或说明。

2025-05-20 10:55:04,088 - INFO - user_prompt：## 工作表: 蔡爽

| A | B | C | D | E | F | G | H | I | J | K | L | M | N | O | P | Q | R | S | T | 
|  --- | --- | --- | --- | --- | --- | --- | --- | --- | --- | --- | --- | --- | --- | --- | --- | --- | --- | --- | --- |
| 重庆延锋安道拓 | <- | 上海睿励信息技术有限公司 工时记录表 | <- | <- | <- | <- | <- | <- | <- |  |  |  |  |  |  |  |  |  |  | 
| ^ | ^<- | 供应商 |  | <- | <- | <- | <- | <- | <- |  |  |  |  |  |  |  |  |  |  | 
| 工程师 | 蔡爽 | <- | 负责人 | 向阳 | 电话 | 15123462783 | <- | <- | <- |  |  |  |  |  |  |  |  |  |  | 
| 日期 | 项目名称 | 开始工作时间 | 工作结束时间 | 加班时间 | 总工作时间 | 备注 | <- | <- | <- |  |  |  |  |  |  |  |  |  |  | 
| 2025-03-01 |  |  |  |  |  |  | <- | <- | <- |  |  |  |  |  |  |  |  |  |  | 
| 2025-03-02 |  |  |  |  |  |  | <- | <- | <- |  |  |  |  |  |  |  |  |  |  | 
| 2025-03-03 | 660B | 08:30:00 | 20:00:00 | 3.0 | 11.0 | V540 数据图纸修改 | <- | <- | <- |  |  |  |  |  |  |  |  |  |  | 
| 2025-03-04 | 660B | 08:30:00 | 20:00:00 | 3.0 | 11.0 | V540 数据图纸修改 | <- | <- | <- |  |  |  |  |  |  |  |  |  |  | 
| 2025-03-05 | 660B | 08:30:00 | 20:30:00 | 3.5 | 11.5 | V540 数据图纸修改 | <- | <- | <- |  |  |  |  |  |  |  |  |  |  | 
| 2025-03-06 | 660B | 08:30:00 | 18:00:00 | 1.0 | 9.0 | V540 数据图纸修改 | <- | <- | <- |  |  |  |  |  |  |  |  |  |  | 
| 2025-03-07 | 660B | 08:30:00 | 17:00:00 | 0.0 | 8.0 | V540 数据图纸修改 | <- | <- | <- |  |  |  |  |  |  |  |  |  |  | 
| 2025-03-08 |  |  |  |  |  |  | <- | <- | <- |  |  |  |  |  |  |  |  |  |  | 
| 2025-03-09 |  |  |  |  |  |  | <- | <- | <- |  |  |  |  |  |  |  |  |  |             | 
| 2025-03-10 | 660B | 08:30:00 | 20:00:00 | 3.0 | 11.0 | V540 数据图纸修改 | <- | <- | <- |  |  |  |  |  |  |  |  |  |  | 
| 2025-03-11 | 660B | 08:30:00 | 20:00:00 | 3.0 | 11.0 | V540 数据图纸修改 | <- | <- | <- |  |  |  |  |  |  |  |  |  |  | 
| 2025-03-12 | 660B | 08:30:00 | 20:00:00 | 3.0 | 11.0 | V540 数据图纸修改 | <- | <- | <- |  |  |  |  |  |  |  |  |  |  | 
| 2025-03-13 | 660B | 08:30:00 | 20:00:00 | 3.0 | 11.0 | V540 数据图纸修改 | <- | <- | <- |  |  |  |  |  |  |  |  |  |  | 
| 2025-03-14 | 660B | 08:30:00 | 20:00:00 | 3.0 | 11.0 | V540 数据图纸修改 | <- | <- | <- |  |  |  |  |  |  |  |  |  |  | 
| 2025-03-15 |  |  |  |  |  |  | <- | <- | <- |  |  |  |  |  |  |  |  |  |  | 
| 2025-03-16 |  |  |  |  |  |  | <- | <- | <- |  |  |  |  |  |  |  |  |  |  | 
| 2025-03-17 | 660B | 08:30:00 | 20:00:00 | 3.0 | 11.0 | V540 数据图纸修改 | <- | <- | <- |  |  |  |  |  |  |  |  |  |  | 
| 2025-03-18 | 660B | 08:30:00 | 20:00:00 | 3.0 | 11.0 | V540 数据图纸修改 | <- | <- | <- |  |  |  |  |  |  |  |  |  |  | 
| 2025-03-19 | 660B | 08:30:00 | 20:30:00 | 3.5 | 11.5 | V540 数据图纸修改 | <- | <- | <- |  |  |  |  |  |  |  |  |  |  | 
| 2025-03-20 | 660B | 08:30:00 | 20:00:00 | 3.0 | 11.0 | V540 数据图纸修改 | <- | <- | <- |  |  |  |  |  |  |  |  |  |  | 
| 2025-03-21 | 660B | 08:30:00 | 20:00:00 | 3.0 | 11.0 | V540 数据图纸修改 | <- | <- | <- |  |  |  |  |  |  |  |  |  |  | 
| 2025-03-22 |  |  |  |  |  |  | <- | <- | <- |  |  |  |  |  |  |  |  |  |  | 
| 2025-03-23 |  |  |  |  |  |  | <- | <- | <- |  |  |  |  |  |  |  |  |  |  | 
| 2025-03-24 | 660B | 08:30:00 | 20:00:00 | 3.0 | 11.0 | V540 数据图纸修改 | <- | <- | <- |  |  |  |  |  |  |  |  |  |  | 
| 2025-03-25 | 660B | 08:30:00 | 20:00:00 | 3.0 | 11.0 | V540 数据图纸修改 | <- | <- | <- |  |  |  |  |  |  |  |  |  |  | 
| 2025-03-26 | 660B | 08:30:00 | 20:00:00 | 3.0 | 11.0 | V540 数据图纸修改 | <- | <- | <- |  |  |  |  |  |  |  |  |  |  | 
| 2025-03-27 | 660B | 08:30:00 | 20:00:00 | 3.0 | 11.0 | EF2H 3D数据 | <- | <- | <- |  |  |  |  |  |  |  |  |  |  | 
| 2025-03-28 | 660B | 08:30:00 | 20:00:00 | 3.0 | 11.0 | EF2H 3D数据 | <- | <- | <- |  |  |  |  |  |  |  |  |  |  | 
| 2025-03-29 | 660B | 10:00:00 | 12:00:00 | 1.5 | 1.5 | EF2H 3D数据 | <- | <- | <- |  |  |  |  |  |  |  |  |  |  | 
| 2025-03-30 |  |  |  |  |  |  | <- | <- | <- |  |  |  |  |  |  |  |  |  |  | 
| 2025-03-31 | 660B | 08:30:00 | 20:00:00 | 3.0 | 11.0 | EF2H 3D数据 | <- | <- | <- |  |  |  |  |  |  |  |  |  |  | 
| 2025-04-01 |  |  |  |  |  |  | <- | <- | <- |  |  |  |  |  |  |  |  |  |  | 
| 工时统计 | 项目名称 | 项目编号 | 加班 | <- | 工时 | 项目工程师签字 | <- | <- | <- |  |  |  |  |  |  |  |  |  |  | 
| ^ | 660B |  | 60.5 | <- | 228.5 |  | <- | <- | <- |  |  |  |  |  |  |  |  |  |  | 
| ^ |  |  |  | <- |  |  | <- | <- | <- |  |  |  |  |  |  |  |  |  |  | 
| ^ |  |  |  | <- |  |  | <- | <- | <- |  |  |  |  |  |  |  |  |  |  | 
| ^ |  |  |  | <- |  |  | <- | <- | <- |  |  |  |  |  |  |  |  |  |  | 
| 总计工时 | 228.50 | <- | 经理签字： | <- | <- |  | <- | <- | <- |  |  |  |  |  |  |  |  |  |  | 


## 工作表: Sheet1

| A | B | C | D | E | F | 
|  --- | --- | --- | --- | --- | --- |
|  |  |  | 一年调整一次，请勿随意删除 | <- | <- | 
|  |  |  | 2025 | <- | <- | 
| 年 | 月 |  | 节假日 | 调休加班日 |  | 
| 1905-07-17 | 3 |  | 45658 | 45683 |  | 
|  |  |  | 45685 | 45696 |  | 
|  |  |  | 45686 | 45774 |  | 
|  |  |  | 45687 | 45928 |  | 
|  |  |  | 45688 | 45941 |  | 
|  |  |  | 45689 |  |  | 
|  |  |  | 45690 |  |  | 
|  |  |  | 45691 |  |  | 
|  |  |  | 45692 |  |  | 
|  |  |  | 45751 |  |  | 
|  |  |  | 45752 |  |  | 
|  |  |  | 45753 |  |  | 
|  |  |  | 45778 |  |  | 
|  |  |  | 45779 |  |  | 
|  |  |  | 45780 |  |  | 
|  |  |  | 45781 |  |  | 
|  |  |  | 45782 |  |  | 
|  |  |  | 45808 |  |  | 
|  |  |  | 45809 |  |  | 
|  |  |  | 45810 |  |  | 
|  |  |  | 45931 |  |  | 
|  |  |  | 45932 |  |  | 
|  |  |  | 45933 |  |  | 
|  |  |  | 45934 |  |  | 
|  |  |  | 45935 |  |  | 
|  |  |  | 45936 |  |  | 
|  |  |  | 45937 |  |  | 
|  |  |  | 45938 |  |  | 



2025-05-20 10:55:06,249 - INFO - 请求成功，状态码: 200
2025-05-20 10:55:06,250 - INFO - 模型返回：{"employee_name":"蔡爽", "company_name":"上海睿励信息技术有限公司"}

2025-05-20 10:55:06,251 - INFO - 解析模型返回：
 - 员工姓名：蔡爽,  - 公司名称：上海睿励信息技术有限公司
2025-05-20 10:55:06,251 - INFO - 

从表格文本中，提取汇总数据...
2025-05-20 10:55:06,251 - INFO - 发送请求到模型API...
2025-05-20 10:55:06,252 - INFO - system_prompt：
你是一个专业的工时数据提取助手。用户会提供给你一份Excel工时表，已转换为Markdown格式。你需要提取出表格中的按照项目做统计的工时汇总数据。将提取结果以JSON格式输出。以项目名称作为key为项目名称，value为包含加班和工时的字典。

markdown格式的表格中合并单元格表示法：
   - "^" 符号表示该单元格与上方单元格合并（纵向合并）
   - "<-" 符号表示该单元格与左侧单元格合并（横向合并）
   - "^<-" 符号表示该单元格同时与上方和左侧单元格合并（纵横合并）

你可以按照以下步骤进行分析：
1. 首先，定位表格中工时统计汇总数据，通常在表格的下方。
2. 读取工时统计汇总数据，包含项目名称、项目编号、加班、工时等。项目编号可能为空。
3. 整理所有数据，以JSON格式输。key为项目名称，value为包含加班`overtime_hours`和工时`total_hours`的字典。

注意：
1.直接返回结果，不要包含任何解释或说明。
2.输出结果必须严格按照无语法错误的JSON格式输出，不能有任何其他格式。

以JSON格式输出结果，示例输出如下：
示例1：
{"D11":{"overtime_hours":20,"total_hours":120}, "A12":{"overtime_hours":6,"total_hours":14}, "B13":{"overtime_hours":1,"total_hours":10}}
示例2：
{"D11":{"overtime_hours":20,"total_hours":120}, "A12":{"overtime_hours":6,"total_hours":14}}

2025-05-20 10:55:06,254 - INFO - user_prompt：## 工作表: 蔡爽

| A | B | C | D | E | F | G | H | I | J | K | L | M | N | O | P | Q | R | S | T | 
|  --- | --- | --- | --- | --- | --- | --- | --- | --- | --- | --- | --- | --- | --- | --- | --- | --- | --- | --- | --- |
| 重庆延锋安道拓 | <- | 上海睿励信息技术有限公司 工时记录表 | <- | <- | <- | <- | <- | <- | <- |  |  |  |  |  |  |  |  |  |  | 
| ^ | ^<- | 供应商 |  | <- | <- | <- | <- | <- | <- |  |  |  |  |  |  |  |  |  |  | 
| 工程师 | 蔡爽 | <- | 负责人 | 向阳 | 电话 | 15123462783 | <- | <- | <- |  |  |  |  |  |  |  |  |  |  | 
| 日期 | 项目名称 | 开始工作时间 | 工作结束时间 | 加班时间 | 总工作时间 | 备注 | <- | <- | <- |  |  |  |  |  |  |  |  |  |  | 
| 2025-03-01 |  |  |  |  |  |  | <- | <- | <- |  |  |  |  |  |  |  |  |  |  | 
| 2025-03-02 |  |  |  |  |  |  | <- | <- | <- |  |  |  |  |  |  |  |  |  |  | 
| 2025-03-03 | 660B | 08:30:00 | 20:00:00 | 3.0 | 11.0 | V540 数据图纸修改 | <- | <- | <- |  |  |  |  |  |  |  |  |  |  | 
| 2025-03-04 | 660B | 08:30:00 | 20:00:00 | 3.0 | 11.0 | V540 数据图纸修改 | <- | <- | <- |  |  |  |  |  |  |  |  |  |  | 
| 2025-03-05 | 660B | 08:30:00 | 20:30:00 | 3.5 | 11.5 | V540 数据图纸修改 | <- | <- | <- |  |  |  |  |  |  |  |  |  |  | 
| 2025-03-06 | 660B | 08:30:00 | 18:00:00 | 1.0 | 9.0 | V540 数据图纸修改 | <- | <- | <- |  |  |  |  |  |  |  |  |  |  | 
| 2025-03-07 | 660B | 08:30:00 | 17:00:00 | 0.0 | 8.0 | V540 数据图纸修改 | <- | <- | <- |  |  |  |  |  |  |  |  |  |  | 
| 2025-03-08 |  |  |  |  |  |  | <- | <- | <- |  |  |  |  |  |  |  |  |  |  | 
| 2025-03-09 |  |  |  |  |  |  | <- | <- | <- |  |  |  |  |  |  |  |  |  |             | 
| 2025-03-10 | 660B | 08:30:00 | 20:00:00 | 3.0 | 11.0 | V540 数据图纸修改 | <- | <- | <- |  |  |  |  |  |  |  |  |  |  | 
| 2025-03-11 | 660B | 08:30:00 | 20:00:00 | 3.0 | 11.0 | V540 数据图纸修改 | <- | <- | <- |  |  |  |  |  |  |  |  |  |  | 
| 2025-03-12 | 660B | 08:30:00 | 20:00:00 | 3.0 | 11.0 | V540 数据图纸修改 | <- | <- | <- |  |  |  |  |  |  |  |  |  |  | 
| 2025-03-13 | 660B | 08:30:00 | 20:00:00 | 3.0 | 11.0 | V540 数据图纸修改 | <- | <- | <- |  |  |  |  |  |  |  |  |  |  | 
| 2025-03-14 | 660B | 08:30:00 | 20:00:00 | 3.0 | 11.0 | V540 数据图纸修改 | <- | <- | <- |  |  |  |  |  |  |  |  |  |  | 
| 2025-03-15 |  |  |  |  |  |  | <- | <- | <- |  |  |  |  |  |  |  |  |  |  | 
| 2025-03-16 |  |  |  |  |  |  | <- | <- | <- |  |  |  |  |  |  |  |  |  |  | 
| 2025-03-17 | 660B | 08:30:00 | 20:00:00 | 3.0 | 11.0 | V540 数据图纸修改 | <- | <- | <- |  |  |  |  |  |  |  |  |  |  | 
| 2025-03-18 | 660B | 08:30:00 | 20:00:00 | 3.0 | 11.0 | V540 数据图纸修改 | <- | <- | <- |  |  |  |  |  |  |  |  |  |  | 
| 2025-03-19 | 660B | 08:30:00 | 20:30:00 | 3.5 | 11.5 | V540 数据图纸修改 | <- | <- | <- |  |  |  |  |  |  |  |  |  |  | 
| 2025-03-20 | 660B | 08:30:00 | 20:00:00 | 3.0 | 11.0 | V540 数据图纸修改 | <- | <- | <- |  |  |  |  |  |  |  |  |  |  | 
| 2025-03-21 | 660B | 08:30:00 | 20:00:00 | 3.0 | 11.0 | V540 数据图纸修改 | <- | <- | <- |  |  |  |  |  |  |  |  |  |  | 
| 2025-03-22 |  |  |  |  |  |  | <- | <- | <- |  |  |  |  |  |  |  |  |  |  | 
| 2025-03-23 |  |  |  |  |  |  | <- | <- | <- |  |  |  |  |  |  |  |  |  |  | 
| 2025-03-24 | 660B | 08:30:00 | 20:00:00 | 3.0 | 11.0 | V540 数据图纸修改 | <- | <- | <- |  |  |  |  |  |  |  |  |  |  | 
| 2025-03-25 | 660B | 08:30:00 | 20:00:00 | 3.0 | 11.0 | V540 数据图纸修改 | <- | <- | <- |  |  |  |  |  |  |  |  |  |  | 
| 2025-03-26 | 660B | 08:30:00 | 20:00:00 | 3.0 | 11.0 | V540 数据图纸修改 | <- | <- | <- |  |  |  |  |  |  |  |  |  |  | 
| 2025-03-27 | 660B | 08:30:00 | 20:00:00 | 3.0 | 11.0 | EF2H 3D数据 | <- | <- | <- |  |  |  |  |  |  |  |  |  |  | 
| 2025-03-28 | 660B | 08:30:00 | 20:00:00 | 3.0 | 11.0 | EF2H 3D数据 | <- | <- | <- |  |  |  |  |  |  |  |  |  |  | 
| 2025-03-29 | 660B | 10:00:00 | 12:00:00 | 1.5 | 1.5 | EF2H 3D数据 | <- | <- | <- |  |  |  |  |  |  |  |  |  |  | 
| 2025-03-30 |  |  |  |  |  |  | <- | <- | <- |  |  |  |  |  |  |  |  |  |  | 
| 2025-03-31 | 660B | 08:30:00 | 20:00:00 | 3.0 | 11.0 | EF2H 3D数据 | <- | <- | <- |  |  |  |  |  |  |  |  |  |  | 
| 2025-04-01 |  |  |  |  |  |  | <- | <- | <- |  |  |  |  |  |  |  |  |  |  | 
| 工时统计 | 项目名称 | 项目编号 | 加班 | <- | 工时 | 项目工程师签字 | <- | <- | <- |  |  |  |  |  |  |  |  |  |  | 
| ^ | 660B |  | 60.5 | <- | 228.5 |  | <- | <- | <- |  |  |  |  |  |  |  |  |  |  | 
| ^ |  |  |  | <- |  |  | <- | <- | <- |  |  |  |  |  |  |  |  |  |  | 
| ^ |  |  |  | <- |  |  | <- | <- | <- |  |  |  |  |  |  |  |  |  |  | 
| ^ |  |  |  | <- |  |  | <- | <- | <- |  |  |  |  |  |  |  |  |  |  | 
| 总计工时 | 228.50 | <- | 经理签字： | <- | <- |  | <- | <- | <- |  |  |  |  |  |  |  |  |  |  | 


## 工作表: Sheet1

| A | B | C | D | E | F | 
|  --- | --- | --- | --- | --- | --- |
|  |  |  | 一年调整一次，请勿随意删除 | <- | <- | 
|  |  |  | 2025 | <- | <- | 
| 年 | 月 |  | 节假日 | 调休加班日 |  | 
| 1905-07-17 | 3 |  | 45658 | 45683 |  | 
|  |  |  | 45685 | 45696 |  | 
|  |  |  | 45686 | 45774 |  | 
|  |  |  | 45687 | 45928 |  | 
|  |  |  | 45688 | 45941 |  | 
|  |  |  | 45689 |  |  | 
|  |  |  | 45690 |  |  | 
|  |  |  | 45691 |  |  | 
|  |  |  | 45692 |  |  | 
|  |  |  | 45751 |  |  | 
|  |  |  | 45752 |  |  | 
|  |  |  | 45753 |  |  | 
|  |  |  | 45778 |  |  | 
|  |  |  | 45779 |  |  | 
|  |  |  | 45780 |  |  | 
|  |  |  | 45781 |  |  | 
|  |  |  | 45782 |  |  | 
|  |  |  | 45808 |  |  | 
|  |  |  | 45809 |  |  | 
|  |  |  | 45810 |  |  | 
|  |  |  | 45931 |  |  | 
|  |  |  | 45932 |  |  | 
|  |  |  | 45933 |  |  | 
|  |  |  | 45934 |  |  | 
|  |  |  | 45935 |  |  | 
|  |  |  | 45936 |  |  | 
|  |  |  | 45937 |  |  | 
|  |  |  | 45938 |  |  | 



2025-05-20 10:55:08,520 - INFO - 请求成功，状态码: 200
2025-05-20 10:55:08,522 - INFO - 模型返回：
{"660B":{"overtime_hours":60.5,"total_hours":228.5}}

2025-05-20 10:55:08,522 - INFO - 源数据表中的工时汇总数据：{'660B': {'overtime_hours': 60.5, 'total_hours': 228.5}}
2025-05-20 10:55:08,525 - INFO - 上传文件: ['D:/sotos工作资料/test/4\\文翊宁工时表-重庆安道拓-2025年04月.xlsx', 'D:/sotos工作资料/test/4\\杨秀文工时表-重庆安道拓-2024年4月.xlsx', 'D:/sotos工作资料/test/4\\熊德鄂工时表-重庆安道拓-2025年04月.xlsx', 'D:/sotos工作资料/test/4\\王佳琳工时表-重庆安道拓-2025年04月.xlsx', 'D:/sotos工作资料/test/4\\王俊豪工时表-重庆安道拓-2025年04月.xlsx', 'D:/sotos工作资料/test/4\\王刚工时表-重庆安道拓-2025年04月.xlsx', 'D:/sotos工作资料/test/4\\王棋工时表-重庆安道拓-2025年04月.xlsx', 'D:/sotos工作资料/test/4\\王鑫工时表-重庆安道拓-2025年04月.xlsx', 'D:/sotos工作资料/test/4\\王长城工时表-重庆安道拓-2025年04月.xlsx', 'D:/sotos工作资料/test/4\\邬涛工时表-重庆安道拓-2025年04月.xlsx']
2025-05-20 10:55:08,526 - INFO - 文件处理进度：1 / 10
2025-05-20 10:55:08,527 - INFO - 开始处理工时文件：D:/sotos工作资料/test/4\文翊宁工时表-重庆安道拓-2025年04月.xlsx
2025-05-20 10:55:08,671 - INFO - Excel表格提取文本：
## 工作表: 文翊宁

| A | B | C | D | E | F | G | H | I | J | 
|  --- | --- | --- | --- | --- | --- | --- | --- | --- | --- |
| 重庆延锋安道拓 | <- | 上海睿励信息技术有限公司 工时记录表 | <- | <- | <- | <- | <- | <- | <- | 
| ^ | ^<- | 供应商 |  | <- | <- | <- | <- | <- | <- | 
| 工程师 | 文翊宁 | <- | 负责人 | 祖建波 | 电话 | 18716377603 | <- | <- | <- | 
| 日期 | 项目名称 | 开始工作时间 | 工作结束时间 | 加班时间 | 总工作时间 | 备注 | <- | <- | <- | 
| 2025-04-01 | T60-M | 09:00:00 | 17:30:00 | 0.0 | 8.0 | 零重力CCSC更新；六座二排整椅PLM数据更新； | <- | <- | <- | 
| 2025-04-02 | T60-M | 09:00:00 | 17:30:00 | 0.0 | 8.0 | 座椅安装空间校核 | <- | <- | <- | 
| 2025-04-03 | T60-M | 09:00:00 | 17:30:00 | 0.0 | 8.0 | 足灯数据校核，PLM数据更新 | <- | <- | <- | 
| 2025-04-04 |  |  |  |  |  |  | <- | <- | <- | 
| 2025-04-05 |  |  |  |  |  |  | <- | <- | <- | 
| 2025-04-06 |  |  |  |  |  |  | <- | <- | <- | 
| 2025-04-07 | T60-M | 09:00:00 | 17:30:00 | 0.0 | 8.0 | IR更新，变更资料及变更数据更新，CCSC法规更新，图纸更新 | <- | <- | <- | 
| 2025-04-08 | T60-M | 09:00:00 | 19:00:00 | 1.5 | 9.5 | 卡子图纸上传PLM，变更check发起；整椅数据链接更新 | <- | <- | <- | 
| 2025-04-09 | T60-M | 09:00:00 | 17:30:00 | 0.0 | 8.0 | 气袋按摩配置整椅数据更新，气袋气管数据制作；变更资料制作 | <- | <- | <- | 
| 2025-04-10 | T60-M | 09:00:00 | 19:00:00 | 1.5 | 9.5 | 新增气袋按摩配置变更PPT及套表制作；靠背舒适性断面制作； | <- | <- | <- | 
| 2025-04-11 | T60-M | 09:00:00 | 17:30:00 | 0.0 | 8.0 | CR/CN发放计划表制作；整椅质量核算更新 | <- | <- | <- | 
| 2025-04-12 |  |  |  |  |  |  | <- | <- | <- | 
| 2025-04-13 |  |  |  |  |  |  | <- | <- | <- | 
| 2025-04-14 | T60-M | 09:00:00 | 19:00:00 | 1.5 | 9.5 | 气袋按摩配置线束数据修改，数据更新 | <- | <- | <- | 
| 2025-04-15 | T60-M | 09:00:00 | 19:30:00 | 2.0 | 10.0 | CR文件更新，CR数据分包 | <- | <- | <- | 
| 2025-04-16 | T60-M | 09:00:00 | 17:30:00 | 0.0 | 8.0 | 问题清单更新，3D标注更新 | <- | <- | <- | 
| 2025-04-17 | T60-M | 09:00:00 | 20:30:00 | 3.0 | 11.0 | 整车技术参数文件更新，3D标注更新，靠背气袋数据更新 | <- | <- | <- | 
| 2025-04-18 | T60-M | 09:00:00 | 17:30:00 | 0.0 | 8.0 | 整车技术参数文件更新，4D标注更新，靠背气袋数据更新 | <- | <- | <- | 
| 2025-04-19 |  |  |  |  |  |  | <- | <- | <- | 
| 2025-04-20 |  |  |  |  |  |  | <- | <- | <- | 
| 2025-04-21 | T60-M | 09:00:00 | 18:30:00 | 1.0 | 9.0 | 主驾驶靠背簧数据调整；CAS对比；客户问题清单问题点关闭 | <- | <- | <- | 
| 2025-04-22 | T60-M | 09:00:00 | 20:00:00 | 2.5 | 10.5 | 首次发放数据及图纸整理；零重力腿托到地板距离确认 | <- | <- | <- | 
| 2025-04-23 | T60-M | 09:00:00 | 19:00:00 | 1.5 | 9.5 | 六座二排PLM数据检查 | <- | <- | <- | 
| 2025-04-24 | T60-M | 09:00:00 | 18:00:00 | 0.5 | 8.5 | 零重力CCSC更新；六座二排整椅PLM数据更新； | <- | <- | <- | 
| 2025-04-25 | T60-M | 09:00:00 | 18:00:00 | 0.5 | 8.5 | 六座二排整椅数据系统发放 | <- | <- | <- | 
| 2025-04-26 |  |  |  |  |  |  | <- | <- | <- | 
| 2025-04-27 | T60-M | 09:00:00 | 18:00:00 | 0.5 | 8.5 | PLM数据更新，加热垫线束更新 | <- | <- | <- | 
| 2025-04-28 | T60-M | 09:00:00 | 19:30:00 | 2.0 | 10.0 | PLM数据更新 | <- | <- | <- | 
| 2025-04-29 | T60-M | 09:00:00 | 17:30:00 | 0.0 | 8.0 | 整椅图纸更新 | <- | <- | <- | 
| 2025-04-30 | T60-M | 09:00:00 | 17:30:00 | 0.0 | 8.0 |  | <- | <- | <- | 
| 工时统计 | 项目名称 | 项目编号 | 加班 | <- | 工时 | 项目工程师签字 | <- | <- | <- | 
| ^ | T60-M |  | 18.0 | <- | 194.0 |  | <- | <- | <- | 
| ^ |  |  |  | <- |  |  | <- | <- | <- | 
| ^ |  |  |  | <- |  |  | <- | <- | <- | 
| ^ |  |  |  | <- |  |  | <- | <- | <- | 
| 总计工时 | 194.00 | <- | 经理签字： | <- | <- |  | <- | <- | <- | 


## 工作表: Sheet1

| A | B | C | D | E | F | 
|  --- | --- | --- | --- | --- | --- |
|  |  |  | 一年调整一次，请勿随意删除 | <- | <- | 
|  |  |  | 2025 | <- | <- | 
| 年 | 月 |  | 节假日 | 调休加班日 |  | 
| 1905-07-17 | 4 |  | 45658 | 45683 |  | 
|  |  |  | 45685 | 45696 |  | 
|  |  |  | 45686 | 45774 |  | 
|  |  |  | 45687 | 45928 |  | 
|  |  |  | 45688 | 45941 |  | 
|  |  |  | 45689 |  |  | 
|  |  |  | 45690 |  |  | 
|  |  |  | 45691 |  |  | 
|  |  |  | 45692 |  |  | 
|  |  |  | 45751 |  |  | 
|  |  |  | 45752 |  |  | 
|  |  |  | 45753 |  |  | 
|  |  |  | 45778 |  |  | 
|  |  |  | 45779 |  |  | 
|  |  |  | 45780 |  |  | 
|  |  |  | 45781 |  |  | 
|  |  |  | 45782 |  |  | 
|  |  |  | 45808 |  |  | 
|  |  |  | 45809 |  |  | 
|  |  |  | 45810 |  |  | 
|  |  |  | 45931 |  |  | 
|  |  |  | 45932 |  |  | 
|  |  |  | 45933 |  |  | 
|  |  |  | 45934 |  |  | 
|  |  |  | 45935 |  |  | 
|  |  |  | 45936 |  |  | 
|  |  |  | 45937 |  |  | 
|  |  |  | 45938 |  |  | 



2025-05-20 10:55:08,684 - INFO - 从表格文本中，提取员工姓名和公司名称...
2025-05-20 10:55:08,684 - INFO - 发送请求到模型API...
2025-05-20 10:55:08,685 - INFO - system_prompt：
你是一个专业的表格信息提取助手。用户会提供给你一份Excel工时表，已转换为Markdown格式。你需要提取出表格包含的员工姓名`employee_name`和公司名称`company_name`。以JSON格式输出结果，包含`employee_name`和`company_name`两个字段。如果无法提取到员工姓名和公司名称，请返回空字符串。

markdown格式的表格中合并单元格表示法：
   - "^" 符号表示该单元格与上方单元格合并（纵向合并）
   - "<-" 符号表示该单元格与左侧单元格合并（横向合并）
   - "^<-" 符号表示该单元格同时与上方和左侧单元格合并（纵横合并）

比如：{"employee_name":"张三", "company_name":"XXX公司"}
注意：直接返回结果，不要包含任何解释或说明。

2025-05-20 10:55:08,687 - INFO - user_prompt：## 工作表: 文翊宁

| A | B | C | D | E | F | G | H | I | J | 
|  --- | --- | --- | --- | --- | --- | --- | --- | --- | --- |
| 重庆延锋安道拓 | <- | 上海睿励信息技术有限公司 工时记录表 | <- | <- | <- | <- | <- | <- | <- | 
| ^ | ^<- | 供应商 |  | <- | <- | <- | <- | <- | <- | 
| 工程师 | 文翊宁 | <- | 负责人 | 祖建波 | 电话 | 18716377603 | <- | <- | <- | 
| 日期 | 项目名称 | 开始工作时间 | 工作结束时间 | 加班时间 | 总工作时间 | 备注 | <- | <- | <- | 
| 2025-04-01 | T60-M | 09:00:00 | 17:30:00 | 0.0 | 8.0 | 零重力CCSC更新；六座二排整椅PLM数据更新； | <- | <- | <- | 
| 2025-04-02 | T60-M | 09:00:00 | 17:30:00 | 0.0 | 8.0 | 座椅安装空间校核 | <- | <- | <- | 
| 2025-04-03 | T60-M | 09:00:00 | 17:30:00 | 0.0 | 8.0 | 足灯数据校核，PLM数据更新 | <- | <- | <- | 
| 2025-04-04 |  |  |  |  |  |  | <- | <- | <- | 
| 2025-04-05 |  |  |  |  |  |  | <- | <- | <- | 
| 2025-04-06 |  |  |  |  |  |  | <- | <- | <- | 
| 2025-04-07 | T60-M | 09:00:00 | 17:30:00 | 0.0 | 8.0 | IR更新，变更资料及变更数据更新，CCSC法规更新，图纸更新 | <- | <- | <- | 
| 2025-04-08 | T60-M | 09:00:00 | 19:00:00 | 1.5 | 9.5 | 卡子图纸上传PLM，变更check发起；整椅数据链接更新 | <- | <- | <- | 
| 2025-04-09 | T60-M | 09:00:00 | 17:30:00 | 0.0 | 8.0 | 气袋按摩配置整椅数据更新，气袋气管数据制作；变更资料制作 | <- | <- | <- | 
| 2025-04-10 | T60-M | 09:00:00 | 19:00:00 | 1.5 | 9.5 | 新增气袋按摩配置变更PPT及套表制作；靠背舒适性断面制作； | <- | <- | <- | 
| 2025-04-11 | T60-M | 09:00:00 | 17:30:00 | 0.0 | 8.0 | CR/CN发放计划表制作；整椅质量核算更新 | <- | <- | <- | 
| 2025-04-12 |  |  |  |  |  |  | <- | <- | <- | 
| 2025-04-13 |  |  |  |  |  |  | <- | <- | <- | 
| 2025-04-14 | T60-M | 09:00:00 | 19:00:00 | 1.5 | 9.5 | 气袋按摩配置线束数据修改，数据更新 | <- | <- | <- | 
| 2025-04-15 | T60-M | 09:00:00 | 19:30:00 | 2.0 | 10.0 | CR文件更新，CR数据分包 | <- | <- | <- | 
| 2025-04-16 | T60-M | 09:00:00 | 17:30:00 | 0.0 | 8.0 | 问题清单更新，3D标注更新 | <- | <- | <- | 
| 2025-04-17 | T60-M | 09:00:00 | 20:30:00 | 3.0 | 11.0 | 整车技术参数文件更新，3D标注更新，靠背气袋数据更新 | <- | <- | <- | 
| 2025-04-18 | T60-M | 09:00:00 | 17:30:00 | 0.0 | 8.0 | 整车技术参数文件更新，4D标注更新，靠背气袋数据更新 | <- | <- | <- | 
| 2025-04-19 |  |  |  |  |  |  | <- | <- | <- | 
| 2025-04-20 |  |  |  |  |  |  | <- | <- | <- | 
| 2025-04-21 | T60-M | 09:00:00 | 18:30:00 | 1.0 | 9.0 | 主驾驶靠背簧数据调整；CAS对比；客户问题清单问题点关闭 | <- | <- | <- | 
| 2025-04-22 | T60-M | 09:00:00 | 20:00:00 | 2.5 | 10.5 | 首次发放数据及图纸整理；零重力腿托到地板距离确认 | <- | <- | <- | 
| 2025-04-23 | T60-M | 09:00:00 | 19:00:00 | 1.5 | 9.5 | 六座二排PLM数据检查 | <- | <- | <- | 
| 2025-04-24 | T60-M | 09:00:00 | 18:00:00 | 0.5 | 8.5 | 零重力CCSC更新；六座二排整椅PLM数据更新； | <- | <- | <- | 
| 2025-04-25 | T60-M | 09:00:00 | 18:00:00 | 0.5 | 8.5 | 六座二排整椅数据系统发放 | <- | <- | <- | 
| 2025-04-26 |  |  |  |  |  |  | <- | <- | <- | 
| 2025-04-27 | T60-M | 09:00:00 | 18:00:00 | 0.5 | 8.5 | PLM数据更新，加热垫线束更新 | <- | <- | <- | 
| 2025-04-28 | T60-M | 09:00:00 | 19:30:00 | 2.0 | 10.0 | PLM数据更新 | <- | <- | <- | 
| 2025-04-29 | T60-M | 09:00:00 | 17:30:00 | 0.0 | 8.0 | 整椅图纸更新 | <- | <- | <- | 
| 2025-04-30 | T60-M | 09:00:00 | 17:30:00 | 0.0 | 8.0 |  | <- | <- | <- | 
| 工时统计 | 项目名称 | 项目编号 | 加班 | <- | 工时 | 项目工程师签字 | <- | <- | <- | 
| ^ | T60-M |  | 18.0 | <- | 194.0 |  | <- | <- | <- | 
| ^ |  |  |  | <- |  |  | <- | <- | <- | 
| ^ |  |  |  | <- |  |  | <- | <- | <- | 
| ^ |  |  |  | <- |  |  | <- | <- | <- | 
| 总计工时 | 194.00 | <- | 经理签字： | <- | <- |  | <- | <- | <- | 


## 工作表: Sheet1

| A | B | C | D | E | F | 
|  --- | --- | --- | --- | --- | --- |
|  |  |  | 一年调整一次，请勿随意删除 | <- | <- | 
|  |  |  | 2025 | <- | <- | 
| 年 | 月 |  | 节假日 | 调休加班日 |  | 
| 1905-07-17 | 4 |  | 45658 | 45683 |  | 
|  |  |  | 45685 | 45696 |  | 
|  |  |  | 45686 | 45774 |  | 
|  |  |  | 45687 | 45928 |  | 
|  |  |  | 45688 | 45941 |  | 
|  |  |  | 45689 |  |  | 
|  |  |  | 45690 |  |  | 
|  |  |  | 45691 |  |  | 
|  |  |  | 45692 |  |  | 
|  |  |  | 45751 |  |  | 
|  |  |  | 45752 |  |  | 
|  |  |  | 45753 |  |  | 
|  |  |  | 45778 |  |  | 
|  |  |  | 45779 |  |  | 
|  |  |  | 45780 |  |  | 
|  |  |  | 45781 |  |  | 
|  |  |  | 45782 |  |  | 
|  |  |  | 45808 |  |  | 
|  |  |  | 45809 |  |  | 
|  |  |  | 45810 |  |  | 
|  |  |  | 45931 |  |  | 
|  |  |  | 45932 |  |  | 
|  |  |  | 45933 |  |  | 
|  |  |  | 45934 |  |  | 
|  |  |  | 45935 |  |  | 
|  |  |  | 45936 |  |  | 
|  |  |  | 45937 |  |  | 
|  |  |  | 45938 |  |  | 



2025-05-20 10:55:10,553 - INFO - 请求成功，状态码: 200
2025-05-20 10:55:10,554 - INFO - 模型返回：{"employee_name":"文翊宁", "company_name":"重庆延锋安道拓"}

2025-05-20 10:55:10,554 - INFO - 解析模型返回：
 - 员工姓名：文翊宁,  - 公司名称：重庆延锋安道拓
2025-05-20 10:55:10,555 - INFO - 

从表格文本中，提取汇总数据...
2025-05-20 10:55:10,555 - INFO - 发送请求到模型API...
2025-05-20 10:55:10,556 - INFO - system_prompt：
你是一个专业的工时数据提取助手。用户会提供给你一份Excel工时表，已转换为Markdown格式。你需要提取出表格中的按照项目做统计的工时汇总数据。将提取结果以JSON格式输出。以项目名称作为key为项目名称，value为包含加班和工时的字典。

markdown格式的表格中合并单元格表示法：
   - "^" 符号表示该单元格与上方单元格合并（纵向合并）
   - "<-" 符号表示该单元格与左侧单元格合并（横向合并）
   - "^<-" 符号表示该单元格同时与上方和左侧单元格合并（纵横合并）

你可以按照以下步骤进行分析：
1. 首先，定位表格中工时统计汇总数据，通常在表格的下方。
2. 读取工时统计汇总数据，包含项目名称、项目编号、加班、工时等。项目编号可能为空。
3. 整理所有数据，以JSON格式输。key为项目名称，value为包含加班`overtime_hours`和工时`total_hours`的字典。

注意：
1.直接返回结果，不要包含任何解释或说明。
2.输出结果必须严格按照无语法错误的JSON格式输出，不能有任何其他格式。

以JSON格式输出结果，示例输出如下：
示例1：
{"D11":{"overtime_hours":20,"total_hours":120}, "A12":{"overtime_hours":6,"total_hours":14}, "B13":{"overtime_hours":1,"total_hours":10}}
示例2：
{"D11":{"overtime_hours":20,"total_hours":120}, "A12":{"overtime_hours":6,"total_hours":14}}

2025-05-20 10:55:10,558 - INFO - user_prompt：## 工作表: 文翊宁

| A | B | C | D | E | F | G | H | I | J | 
|  --- | --- | --- | --- | --- | --- | --- | --- | --- | --- |
| 重庆延锋安道拓 | <- | 上海睿励信息技术有限公司 工时记录表 | <- | <- | <- | <- | <- | <- | <- | 
| ^ | ^<- | 供应商 |  | <- | <- | <- | <- | <- | <- | 
| 工程师 | 文翊宁 | <- | 负责人 | 祖建波 | 电话 | 18716377603 | <- | <- | <- | 
| 日期 | 项目名称 | 开始工作时间 | 工作结束时间 | 加班时间 | 总工作时间 | 备注 | <- | <- | <- | 
| 2025-04-01 | T60-M | 09:00:00 | 17:30:00 | 0.0 | 8.0 | 零重力CCSC更新；六座二排整椅PLM数据更新； | <- | <- | <- | 
| 2025-04-02 | T60-M | 09:00:00 | 17:30:00 | 0.0 | 8.0 | 座椅安装空间校核 | <- | <- | <- | 
| 2025-04-03 | T60-M | 09:00:00 | 17:30:00 | 0.0 | 8.0 | 足灯数据校核，PLM数据更新 | <- | <- | <- | 
| 2025-04-04 |  |  |  |  |  |  | <- | <- | <- | 
| 2025-04-05 |  |  |  |  |  |  | <- | <- | <- | 
| 2025-04-06 |  |  |  |  |  |  | <- | <- | <- | 
| 2025-04-07 | T60-M | 09:00:00 | 17:30:00 | 0.0 | 8.0 | IR更新，变更资料及变更数据更新，CCSC法规更新，图纸更新 | <- | <- | <- | 
| 2025-04-08 | T60-M | 09:00:00 | 19:00:00 | 1.5 | 9.5 | 卡子图纸上传PLM，变更check发起；整椅数据链接更新 | <- | <- | <- | 
| 2025-04-09 | T60-M | 09:00:00 | 17:30:00 | 0.0 | 8.0 | 气袋按摩配置整椅数据更新，气袋气管数据制作；变更资料制作 | <- | <- | <- | 
| 2025-04-10 | T60-M | 09:00:00 | 19:00:00 | 1.5 | 9.5 | 新增气袋按摩配置变更PPT及套表制作；靠背舒适性断面制作； | <- | <- | <- | 
| 2025-04-11 | T60-M | 09:00:00 | 17:30:00 | 0.0 | 8.0 | CR/CN发放计划表制作；整椅质量核算更新 | <- | <- | <- | 
| 2025-04-12 |  |  |  |  |  |  | <- | <- | <- | 
| 2025-04-13 |  |  |  |  |  |  | <- | <- | <- | 
| 2025-04-14 | T60-M | 09:00:00 | 19:00:00 | 1.5 | 9.5 | 气袋按摩配置线束数据修改，数据更新 | <- | <- | <- | 
| 2025-04-15 | T60-M | 09:00:00 | 19:30:00 | 2.0 | 10.0 | CR文件更新，CR数据分包 | <- | <- | <- | 
| 2025-04-16 | T60-M | 09:00:00 | 17:30:00 | 0.0 | 8.0 | 问题清单更新，3D标注更新 | <- | <- | <- | 
| 2025-04-17 | T60-M | 09:00:00 | 20:30:00 | 3.0 | 11.0 | 整车技术参数文件更新，3D标注更新，靠背气袋数据更新 | <- | <- | <- | 
| 2025-04-18 | T60-M | 09:00:00 | 17:30:00 | 0.0 | 8.0 | 整车技术参数文件更新，4D标注更新，靠背气袋数据更新 | <- | <- | <- | 
| 2025-04-19 |  |  |  |  |  |  | <- | <- | <- | 
| 2025-04-20 |  |  |  |  |  |  | <- | <- | <- | 
| 2025-04-21 | T60-M | 09:00:00 | 18:30:00 | 1.0 | 9.0 | 主驾驶靠背簧数据调整；CAS对比；客户问题清单问题点关闭 | <- | <- | <- | 
| 2025-04-22 | T60-M | 09:00:00 | 20:00:00 | 2.5 | 10.5 | 首次发放数据及图纸整理；零重力腿托到地板距离确认 | <- | <- | <- | 
| 2025-04-23 | T60-M | 09:00:00 | 19:00:00 | 1.5 | 9.5 | 六座二排PLM数据检查 | <- | <- | <- | 
| 2025-04-24 | T60-M | 09:00:00 | 18:00:00 | 0.5 | 8.5 | 零重力CCSC更新；六座二排整椅PLM数据更新； | <- | <- | <- | 
| 2025-04-25 | T60-M | 09:00:00 | 18:00:00 | 0.5 | 8.5 | 六座二排整椅数据系统发放 | <- | <- | <- | 
| 2025-04-26 |  |  |  |  |  |  | <- | <- | <- | 
| 2025-04-27 | T60-M | 09:00:00 | 18:00:00 | 0.5 | 8.5 | PLM数据更新，加热垫线束更新 | <- | <- | <- | 
| 2025-04-28 | T60-M | 09:00:00 | 19:30:00 | 2.0 | 10.0 | PLM数据更新 | <- | <- | <- | 
| 2025-04-29 | T60-M | 09:00:00 | 17:30:00 | 0.0 | 8.0 | 整椅图纸更新 | <- | <- | <- | 
| 2025-04-30 | T60-M | 09:00:00 | 17:30:00 | 0.0 | 8.0 |  | <- | <- | <- | 
| 工时统计 | 项目名称 | 项目编号 | 加班 | <- | 工时 | 项目工程师签字 | <- | <- | <- | 
| ^ | T60-M |  | 18.0 | <- | 194.0 |  | <- | <- | <- | 
| ^ |  |  |  | <- |  |  | <- | <- | <- | 
| ^ |  |  |  | <- |  |  | <- | <- | <- | 
| ^ |  |  |  | <- |  |  | <- | <- | <- | 
| 总计工时 | 194.00 | <- | 经理签字： | <- | <- |  | <- | <- | <- | 


## 工作表: Sheet1

| A | B | C | D | E | F | 
|  --- | --- | --- | --- | --- | --- |
|  |  |  | 一年调整一次，请勿随意删除 | <- | <- | 
|  |  |  | 2025 | <- | <- | 
| 年 | 月 |  | 节假日 | 调休加班日 |  | 
| 1905-07-17 | 4 |  | 45658 | 45683 |  | 
|  |  |  | 45685 | 45696 |  | 
|  |  |  | 45686 | 45774 |  | 
|  |  |  | 45687 | 45928 |  | 
|  |  |  | 45688 | 45941 |  | 
|  |  |  | 45689 |  |  | 
|  |  |  | 45690 |  |  | 
|  |  |  | 45691 |  |  | 
|  |  |  | 45692 |  |  | 
|  |  |  | 45751 |  |  | 
|  |  |  | 45752 |  |  | 
|  |  |  | 45753 |  |  | 
|  |  |  | 45778 |  |  | 
|  |  |  | 45779 |  |  | 
|  |  |  | 45780 |  |  | 
|  |  |  | 45781 |  |  | 
|  |  |  | 45782 |  |  | 
|  |  |  | 45808 |  |  | 
|  |  |  | 45809 |  |  | 
|  |  |  | 45810 |  |  | 
|  |  |  | 45931 |  |  | 
|  |  |  | 45932 |  |  | 
|  |  |  | 45933 |  |  | 
|  |  |  | 45934 |  |  | 
|  |  |  | 45935 |  |  | 
|  |  |  | 45936 |  |  | 
|  |  |  | 45937 |  |  | 
|  |  |  | 45938 |  |  | 



2025-05-20 10:55:12,559 - INFO - 请求成功，状态码: 200
2025-05-20 10:55:12,560 - INFO - 模型返回：
{"T60-M":{"overtime_hours":18.0,"total_hours":194.0}}

2025-05-20 10:55:12,560 - INFO - 源数据表中的工时汇总数据：{'T60-M': {'overtime_hours': 18.0, 'total_hours': 194.0}}
2025-05-20 10:55:12,560 - INFO - 文件处理进度：2 / 10
2025-05-20 10:55:12,560 - INFO - 开始处理工时文件：D:/sotos工作资料/test/4\杨秀文工时表-重庆安道拓-2024年4月.xlsx
2025-05-20 10:55:12,694 - INFO - Excel表格提取文本：
## 工作表: 杨秀文

| A | B | C | D | E | F | G | H | I | J | 
|  --- | --- | --- | --- | --- | --- | --- | --- | --- | --- |
| 重庆延锋安道拓 | <- | 上海睿励信息技术有限公司 工时记录表 | <- | <- | <- | <- | <- | <- | <- | 
| ^ | ^<- | 供应商 |  | <- | <- | <- | <- | <- | <- | 
| 工程师 | 杨秀文 | <- | 负责人 | 陈建 | 电话 | 15922733653 | <- | <- | <- | 
| 日期 | 项目名称 | 开始工作时间 | 工作结束时间 | 加班时间 | 总工作时间 | 备注 | <- | <- | <- | 
| 2025-04-01 | E16 | 09:00:00 | 20:00:00 | 2.5 | 10.5 | E16鱼复工厂生产跟线 | <- | <- | <- | 
| 2025-04-02 | E16 | 09:00:00 | 20:00:00 | 2.5 | 10.5 | E16鱼复工厂生产跟线 | <- | <- | <- | 
| 2025-04-03 | E16 | 09:00:00 | 20:00:00 | 2.5 | 10.5 | E16鱼复工厂生产跟线 | <- | <- | <- | 
| 2025-04-04 |  |  |  |  |  |  | <- | <- | <- | 
| 2025-04-05 |  |  |  |  |  |  | <- | <- | <- | 
| 2025-04-06 |  |  |  |  |  |  | <- | <- | <- | 
| 2025-04-07 | E16 | 09:00:00 | 20:30:00 | 3.0 | 11.0 | E16鱼复工厂生产跟线 | <- | <- | <- | 
| 2025-04-08 | E16 | 09:00:00 | 20:30:00 | 3.0 | 11.0 | E16鱼复工厂生产跟线 | <- | <- | <- | 
| 2025-04-09 | E16 | 09:00:00 | 20:00:00 | 2.5 | 10.5 | E16鱼复工厂生产跟线 | <- | <- | <- | 
| 2025-04-10 | E16 | 09:00:00 | 19:30:00 | 2.0 | 10.0 | E16鱼复工厂生产跟线 | <- | <- | <- | 
| 2025-04-11 | E16 | 09:00:00 | 20:30:00 | 3.0 | 11.0 | E16鱼复工厂生产跟线 | <- | <- | <- | 
| 2025-04-12 |  |  |  |  |  |  | <- | <- | <- | 
| 2025-04-13 |  |  |  |  |  |  | <- | <- | <- | 
| 2025-04-14 | E16 | 09:00:00 | 20:00:00 | 2.5 | 10.5 | E16鱼复工厂生产跟线 | <- | <- | <- | 
| 2025-04-15 | E16 | 09:00:00 | 13:30:00 | 0.0 | 4.0 | E16鱼复工厂生产跟线（年假半天） | <- | <- | <- | 
| 2025-04-16 | E16 | 09:00:00 | 19:00:00 | 1.5 | 9.5 | E16鱼复工厂生产跟线 | <- | <- | <- | 
| 2025-04-17 | E16 | 09:00:00 | 19:30:00 | 2.0 | 10.0 | E16鱼复工厂生产跟线 | <- | <- | <- | 
| 2025-04-18 | E16 | 09:00:00 | 18:00:00 | 0.5 | 8.5 | E16鱼复工厂生产跟线 | <- | <- | <- | 
| 2025-04-19 | E16 | 16:00:00 | 18:30:00 | 2.0 | 2.0 | E16扶手暗锁脱出与客户现场确认 | <- | <- | <- | 
| 2025-04-20 | E16 | 10:00:00 | 16:30:00 | 6.0 | 6.0 | E16扶手暗锁脱出与客户现场确认 | <- | <- | <- | 
| 2025-04-21 | E16 | 09:00:00 | 19:00:00 | 1.5 | 9.5 | E16鱼复工厂生产跟线 | <- | <- | <- | 
| 2025-04-22 | E16 | 09:00:00 | 20:00:00 | 2.5 | 10.5 | E16鱼复工厂生产跟线 | <- | <- | <- | 
| 2025-04-23 | E16 | 09:00:00 | 19:00:00 | 1.5 | 9.5 | E16鱼复工厂生产跟线 | <- | <- | <- | 
| 2025-04-24 | E16 | 09:00:00 | 18:30:00 | 1.0 | 9.0 | E16鱼复工厂生产跟线 | <- | <- | <- | 
| 2025-04-25 | E16 | 09:00:00 | 20:00:00 | 2.5 | 10.5 | E16鱼复工厂生产跟线 | <- | <- | <- | 
| 2025-04-26 |  |  |  |  |  |  | <- | <- | <- | 
| 2025-04-27 | E16 | 09:00:00 | 17:30:00 | 0.0 | 8.0 | E16鱼复工厂生产跟线 | <- | <- | <- | 
| 2025-04-28 | E16 | 09:00:00 | 20:00:00 | 2.5 | 10.5 | E16鱼复工厂生产跟线 | <- | <- | <- | 
| 2025-04-29 | E16 | 09:00:00 | 17:30:00 | 0.0 | 8.0 | E16鱼复工厂生产跟线 | <- | <- | <- | 
| 2025-04-30 | E16 | 09:00:00 | 17:30:00 | 0.0 | 8.0 | E16鱼复工厂生产跟线 | <- | <- | <- | 
| 工时统计 | 项目名称 | 项目编号 | 加班 | <- | 工时 | 项目工程师签字 | <- | <- | <- | 
| ^ | E16 |  | 47.0 | <- | 219.0 |  | <- | <- | <- | 
| ^ |  |  |  | <- |  |  | <- | <- | <- | 
| ^ |  |  |  | <- |  |  | <- | <- | <- | 
| ^ |  |  |  | <- |  |  | <- | <- | <- | 
| 总计工时 | 219.00 | <- | 经理签字： | <- | <- |  | <- | <- | <- | 


## 工作表: Sheet1

| A | B | C | D | E | F | G | H | I | 
|  --- | --- | --- | --- | --- | --- | --- | --- | --- |
|  |  |  | 一年调整一次，请勿随意删除 | <- | <- |  |  |  | 
|  |  |  | 2025 | <- | <- |  |  |  | 
| 年 | 月 |  | 节假日 | 调休加班日 |  |  |  |  | 
| 1905-07-17 | 4 |  | 2024-01-01 | 2024-01-26 |  |  |  |  | 
|  |  |  | 2024-01-28 | 2024-02-08 |  |  |  |  | 
|  |  |  | 2024-01-29 | 2024-04-27 |  |  |  |  | 
|  |  |  | 2024-01-30 | 2024-09-28 |  |  |  |  | 
|  |  |  | 2024-01-31 | 2024-10-11 |  |  |  |  | 
|  |  |  | 2024-02-01 |  |  |  |  |  | 
|  |  |  | 2024-02-02 |  |  |  |  |  | 
|  |  |  | 2024-02-03 |  |  |  |  |  | 
|  |  |  | 2024-02-04 |  |  |  |  |  | 
|  |  |  | 2024-04-04 |  |  |  |  |  | 
|  |  |  | 2024-04-05 |  |  |  |  |    | 
|  |  |  | 2024-04-06 |  |  |  |  |  | 
|  |  |  | 2024-05-01 |  |  |  |  |  | 
|  |  |  | 2024-05-02 |  |  |  |  |  | 
|  |  |  | 2024-05-03 |  |  |  |  |  | 
|  |  |  | 2024-05-04 |  |  |  |  |  | 
|  |  |  | 2024-05-05 |  |  |  |  |  | 
|  |  |  | 2024-05-31 |  |  |  |  |  | 
|  |  |  | 2024-06-01 |  |  |  |  |  | 
|  |  |  | 2024-06-02 |  |  |  |  |  | 
|  |  |  | 2024-10-01 |  |  |  |  |  | 
|  |  |  | 2024-10-02 |  |  |  |  |  | 
|  |  |  | 2024-10-03 |  |  |  |  |  | 
|  |  |  | 2024-10-04 |  |  |  |  |  | 
|  |  |  | 2024-10-05 |  |  |  |  |  | 
|  |  |  | 2024-10-06 |  |  |  |  |  | 
|  |  |  | 2024-10-07 |  |  |  |  |  | 
|  |  |  | 2024-10-08 |  |  |  |  |  | 



2025-05-20 10:55:12,704 - INFO - 从表格文本中，提取员工姓名和公司名称...
2025-05-20 10:55:12,704 - INFO - 发送请求到模型API...
2025-05-20 10:55:12,704 - INFO - system_prompt：
你是一个专业的表格信息提取助手。用户会提供给你一份Excel工时表，已转换为Markdown格式。你需要提取出表格包含的员工姓名`employee_name`和公司名称`company_name`。以JSON格式输出结果，包含`employee_name`和`company_name`两个字段。如果无法提取到员工姓名和公司名称，请返回空字符串。

markdown格式的表格中合并单元格表示法：
   - "^" 符号表示该单元格与上方单元格合并（纵向合并）
   - "<-" 符号表示该单元格与左侧单元格合并（横向合并）
   - "^<-" 符号表示该单元格同时与上方和左侧单元格合并（纵横合并）

比如：{"employee_name":"张三", "company_name":"XXX公司"}
注意：直接返回结果，不要包含任何解释或说明。

2025-05-20 10:55:12,706 - INFO - user_prompt：## 工作表: 杨秀文

| A | B | C | D | E | F | G | H | I | J | 
|  --- | --- | --- | --- | --- | --- | --- | --- | --- | --- |
| 重庆延锋安道拓 | <- | 上海睿励信息技术有限公司 工时记录表 | <- | <- | <- | <- | <- | <- | <- | 
| ^ | ^<- | 供应商 |  | <- | <- | <- | <- | <- | <- | 
| 工程师 | 杨秀文 | <- | 负责人 | 陈建 | 电话 | 15922733653 | <- | <- | <- | 
| 日期 | 项目名称 | 开始工作时间 | 工作结束时间 | 加班时间 | 总工作时间 | 备注 | <- | <- | <- | 
| 2025-04-01 | E16 | 09:00:00 | 20:00:00 | 2.5 | 10.5 | E16鱼复工厂生产跟线 | <- | <- | <- | 
| 2025-04-02 | E16 | 09:00:00 | 20:00:00 | 2.5 | 10.5 | E16鱼复工厂生产跟线 | <- | <- | <- | 
| 2025-04-03 | E16 | 09:00:00 | 20:00:00 | 2.5 | 10.5 | E16鱼复工厂生产跟线 | <- | <- | <- | 
| 2025-04-04 |  |  |  |  |  |  | <- | <- | <- | 
| 2025-04-05 |  |  |  |  |  |  | <- | <- | <- | 
| 2025-04-06 |  |  |  |  |  |  | <- | <- | <- | 
| 2025-04-07 | E16 | 09:00:00 | 20:30:00 | 3.0 | 11.0 | E16鱼复工厂生产跟线 | <- | <- | <- | 
| 2025-04-08 | E16 | 09:00:00 | 20:30:00 | 3.0 | 11.0 | E16鱼复工厂生产跟线 | <- | <- | <- | 
| 2025-04-09 | E16 | 09:00:00 | 20:00:00 | 2.5 | 10.5 | E16鱼复工厂生产跟线 | <- | <- | <- | 
| 2025-04-10 | E16 | 09:00:00 | 19:30:00 | 2.0 | 10.0 | E16鱼复工厂生产跟线 | <- | <- | <- | 
| 2025-04-11 | E16 | 09:00:00 | 20:30:00 | 3.0 | 11.0 | E16鱼复工厂生产跟线 | <- | <- | <- | 
| 2025-04-12 |  |  |  |  |  |  | <- | <- | <- | 
| 2025-04-13 |  |  |  |  |  |  | <- | <- | <- | 
| 2025-04-14 | E16 | 09:00:00 | 20:00:00 | 2.5 | 10.5 | E16鱼复工厂生产跟线 | <- | <- | <- | 
| 2025-04-15 | E16 | 09:00:00 | 13:30:00 | 0.0 | 4.0 | E16鱼复工厂生产跟线（年假半天） | <- | <- | <- | 
| 2025-04-16 | E16 | 09:00:00 | 19:00:00 | 1.5 | 9.5 | E16鱼复工厂生产跟线 | <- | <- | <- | 
| 2025-04-17 | E16 | 09:00:00 | 19:30:00 | 2.0 | 10.0 | E16鱼复工厂生产跟线 | <- | <- | <- | 
| 2025-04-18 | E16 | 09:00:00 | 18:00:00 | 0.5 | 8.5 | E16鱼复工厂生产跟线 | <- | <- | <- | 
| 2025-04-19 | E16 | 16:00:00 | 18:30:00 | 2.0 | 2.0 | E16扶手暗锁脱出与客户现场确认 | <- | <- | <- | 
| 2025-04-20 | E16 | 10:00:00 | 16:30:00 | 6.0 | 6.0 | E16扶手暗锁脱出与客户现场确认 | <- | <- | <- | 
| 2025-04-21 | E16 | 09:00:00 | 19:00:00 | 1.5 | 9.5 | E16鱼复工厂生产跟线 | <- | <- | <- | 
| 2025-04-22 | E16 | 09:00:00 | 20:00:00 | 2.5 | 10.5 | E16鱼复工厂生产跟线 | <- | <- | <- | 
| 2025-04-23 | E16 | 09:00:00 | 19:00:00 | 1.5 | 9.5 | E16鱼复工厂生产跟线 | <- | <- | <- | 
| 2025-04-24 | E16 | 09:00:00 | 18:30:00 | 1.0 | 9.0 | E16鱼复工厂生产跟线 | <- | <- | <- | 
| 2025-04-25 | E16 | 09:00:00 | 20:00:00 | 2.5 | 10.5 | E16鱼复工厂生产跟线 | <- | <- | <- | 
| 2025-04-26 |  |  |  |  |  |  | <- | <- | <- | 
| 2025-04-27 | E16 | 09:00:00 | 17:30:00 | 0.0 | 8.0 | E16鱼复工厂生产跟线 | <- | <- | <- | 
| 2025-04-28 | E16 | 09:00:00 | 20:00:00 | 2.5 | 10.5 | E16鱼复工厂生产跟线 | <- | <- | <- | 
| 2025-04-29 | E16 | 09:00:00 | 17:30:00 | 0.0 | 8.0 | E16鱼复工厂生产跟线 | <- | <- | <- | 
| 2025-04-30 | E16 | 09:00:00 | 17:30:00 | 0.0 | 8.0 | E16鱼复工厂生产跟线 | <- | <- | <- | 
| 工时统计 | 项目名称 | 项目编号 | 加班 | <- | 工时 | 项目工程师签字 | <- | <- | <- | 
| ^ | E16 |  | 47.0 | <- | 219.0 |  | <- | <- | <- | 
| ^ |  |  |  | <- |  |  | <- | <- | <- | 
| ^ |  |  |  | <- |  |  | <- | <- | <- | 
| ^ |  |  |  | <- |  |  | <- | <- | <- | 
| 总计工时 | 219.00 | <- | 经理签字： | <- | <- |  | <- | <- | <- | 


## 工作表: Sheet1

| A | B | C | D | E | F | G | H | I | 
|  --- | --- | --- | --- | --- | --- | --- | --- | --- |
|  |  |  | 一年调整一次，请勿随意删除 | <- | <- |  |  |  | 
|  |  |  | 2025 | <- | <- |  |  |  | 
| 年 | 月 |  | 节假日 | 调休加班日 |  |  |  |  | 
| 1905-07-17 | 4 |  | 2024-01-01 | 2024-01-26 |  |  |  |  | 
|  |  |  | 2024-01-28 | 2024-02-08 |  |  |  |  | 
|  |  |  | 2024-01-29 | 2024-04-27 |  |  |  |  | 
|  |  |  | 2024-01-30 | 2024-09-28 |  |  |  |  | 
|  |  |  | 2024-01-31 | 2024-10-11 |  |  |  |  | 
|  |  |  | 2024-02-01 |  |  |  |  |  | 
|  |  |  | 2024-02-02 |  |  |  |  |  | 
|  |  |  | 2024-02-03 |  |  |  |  |  | 
|  |  |  | 2024-02-04 |  |  |  |  |  | 
|  |  |  | 2024-04-04 |  |  |  |  |  | 
|  |  |  | 2024-04-05 |  |  |  |  |    | 
|  |  |  | 2024-04-06 |  |  |  |  |  | 
|  |  |  | 2024-05-01 |  |  |  |  |  | 
|  |  |  | 2024-05-02 |  |  |  |  |  | 
|  |  |  | 2024-05-03 |  |  |  |  |  | 
|  |  |  | 2024-05-04 |  |  |  |  |  | 
|  |  |  | 2024-05-05 |  |  |  |  |  | 
|  |  |  | 2024-05-31 |  |  |  |  |  | 
|  |  |  | 2024-06-01 |  |  |  |  |  | 
|  |  |  | 2024-06-02 |  |  |  |  |  | 
|  |  |  | 2024-10-01 |  |  |  |  |  | 
|  |  |  | 2024-10-02 |  |  |  |  |  | 
|  |  |  | 2024-10-03 |  |  |  |  |  | 
|  |  |  | 2024-10-04 |  |  |  |  |  | 
|  |  |  | 2024-10-05 |  |  |  |  |  | 
|  |  |  | 2024-10-06 |  |  |  |  |  | 
|  |  |  | 2024-10-07 |  |  |  |  |  | 
|  |  |  | 2024-10-08 |  |  |  |  |  | 



2025-05-20 10:55:14,720 - INFO - 请求成功，状态码: 200
2025-05-20 10:55:14,721 - INFO - 模型返回：{"employee_name":"杨秀文", "company_name":"重庆延锋安道拓"}

2025-05-20 10:55:14,721 - INFO - 解析模型返回：
 - 员工姓名：杨秀文,  - 公司名称：重庆延锋安道拓
2025-05-20 10:55:14,722 - INFO - 

从表格文本中，提取汇总数据...
2025-05-20 10:55:14,722 - INFO - 发送请求到模型API...
2025-05-20 10:55:14,722 - INFO - system_prompt：
你是一个专业的工时数据提取助手。用户会提供给你一份Excel工时表，已转换为Markdown格式。你需要提取出表格中的按照项目做统计的工时汇总数据。将提取结果以JSON格式输出。以项目名称作为key为项目名称，value为包含加班和工时的字典。

markdown格式的表格中合并单元格表示法：
   - "^" 符号表示该单元格与上方单元格合并（纵向合并）
   - "<-" 符号表示该单元格与左侧单元格合并（横向合并）
   - "^<-" 符号表示该单元格同时与上方和左侧单元格合并（纵横合并）

你可以按照以下步骤进行分析：
1. 首先，定位表格中工时统计汇总数据，通常在表格的下方。
2. 读取工时统计汇总数据，包含项目名称、项目编号、加班、工时等。项目编号可能为空。
3. 整理所有数据，以JSON格式输。key为项目名称，value为包含加班`overtime_hours`和工时`total_hours`的字典。

注意：
1.直接返回结果，不要包含任何解释或说明。
2.输出结果必须严格按照无语法错误的JSON格式输出，不能有任何其他格式。

以JSON格式输出结果，示例输出如下：
示例1：
{"D11":{"overtime_hours":20,"total_hours":120}, "A12":{"overtime_hours":6,"total_hours":14}, "B13":{"overtime_hours":1,"total_hours":10}}
示例2：
{"D11":{"overtime_hours":20,"total_hours":120}, "A12":{"overtime_hours":6,"total_hours":14}}

2025-05-20 10:55:14,725 - INFO - user_prompt：## 工作表: 杨秀文

| A | B | C | D | E | F | G | H | I | J | 
|  --- | --- | --- | --- | --- | --- | --- | --- | --- | --- |
| 重庆延锋安道拓 | <- | 上海睿励信息技术有限公司 工时记录表 | <- | <- | <- | <- | <- | <- | <- | 
| ^ | ^<- | 供应商 |  | <- | <- | <- | <- | <- | <- | 
| 工程师 | 杨秀文 | <- | 负责人 | 陈建 | 电话 | 15922733653 | <- | <- | <- | 
| 日期 | 项目名称 | 开始工作时间 | 工作结束时间 | 加班时间 | 总工作时间 | 备注 | <- | <- | <- | 
| 2025-04-01 | E16 | 09:00:00 | 20:00:00 | 2.5 | 10.5 | E16鱼复工厂生产跟线 | <- | <- | <- | 
| 2025-04-02 | E16 | 09:00:00 | 20:00:00 | 2.5 | 10.5 | E16鱼复工厂生产跟线 | <- | <- | <- | 
| 2025-04-03 | E16 | 09:00:00 | 20:00:00 | 2.5 | 10.5 | E16鱼复工厂生产跟线 | <- | <- | <- | 
| 2025-04-04 |  |  |  |  |  |  | <- | <- | <- | 
| 2025-04-05 |  |  |  |  |  |  | <- | <- | <- | 
| 2025-04-06 |  |  |  |  |  |  | <- | <- | <- | 
| 2025-04-07 | E16 | 09:00:00 | 20:30:00 | 3.0 | 11.0 | E16鱼复工厂生产跟线 | <- | <- | <- | 
| 2025-04-08 | E16 | 09:00:00 | 20:30:00 | 3.0 | 11.0 | E16鱼复工厂生产跟线 | <- | <- | <- | 
| 2025-04-09 | E16 | 09:00:00 | 20:00:00 | 2.5 | 10.5 | E16鱼复工厂生产跟线 | <- | <- | <- | 
| 2025-04-10 | E16 | 09:00:00 | 19:30:00 | 2.0 | 10.0 | E16鱼复工厂生产跟线 | <- | <- | <- | 
| 2025-04-11 | E16 | 09:00:00 | 20:30:00 | 3.0 | 11.0 | E16鱼复工厂生产跟线 | <- | <- | <- | 
| 2025-04-12 |  |  |  |  |  |  | <- | <- | <- | 
| 2025-04-13 |  |  |  |  |  |  | <- | <- | <- | 
| 2025-04-14 | E16 | 09:00:00 | 20:00:00 | 2.5 | 10.5 | E16鱼复工厂生产跟线 | <- | <- | <- | 
| 2025-04-15 | E16 | 09:00:00 | 13:30:00 | 0.0 | 4.0 | E16鱼复工厂生产跟线（年假半天） | <- | <- | <- | 
| 2025-04-16 | E16 | 09:00:00 | 19:00:00 | 1.5 | 9.5 | E16鱼复工厂生产跟线 | <- | <- | <- | 
| 2025-04-17 | E16 | 09:00:00 | 19:30:00 | 2.0 | 10.0 | E16鱼复工厂生产跟线 | <- | <- | <- | 
| 2025-04-18 | E16 | 09:00:00 | 18:00:00 | 0.5 | 8.5 | E16鱼复工厂生产跟线 | <- | <- | <- | 
| 2025-04-19 | E16 | 16:00:00 | 18:30:00 | 2.0 | 2.0 | E16扶手暗锁脱出与客户现场确认 | <- | <- | <- | 
| 2025-04-20 | E16 | 10:00:00 | 16:30:00 | 6.0 | 6.0 | E16扶手暗锁脱出与客户现场确认 | <- | <- | <- | 
| 2025-04-21 | E16 | 09:00:00 | 19:00:00 | 1.5 | 9.5 | E16鱼复工厂生产跟线 | <- | <- | <- | 
| 2025-04-22 | E16 | 09:00:00 | 20:00:00 | 2.5 | 10.5 | E16鱼复工厂生产跟线 | <- | <- | <- | 
| 2025-04-23 | E16 | 09:00:00 | 19:00:00 | 1.5 | 9.5 | E16鱼复工厂生产跟线 | <- | <- | <- | 
| 2025-04-24 | E16 | 09:00:00 | 18:30:00 | 1.0 | 9.0 | E16鱼复工厂生产跟线 | <- | <- | <- | 
| 2025-04-25 | E16 | 09:00:00 | 20:00:00 | 2.5 | 10.5 | E16鱼复工厂生产跟线 | <- | <- | <- | 
| 2025-04-26 |  |  |  |  |  |  | <- | <- | <- | 
| 2025-04-27 | E16 | 09:00:00 | 17:30:00 | 0.0 | 8.0 | E16鱼复工厂生产跟线 | <- | <- | <- | 
| 2025-04-28 | E16 | 09:00:00 | 20:00:00 | 2.5 | 10.5 | E16鱼复工厂生产跟线 | <- | <- | <- | 
| 2025-04-29 | E16 | 09:00:00 | 17:30:00 | 0.0 | 8.0 | E16鱼复工厂生产跟线 | <- | <- | <- | 
| 2025-04-30 | E16 | 09:00:00 | 17:30:00 | 0.0 | 8.0 | E16鱼复工厂生产跟线 | <- | <- | <- | 
| 工时统计 | 项目名称 | 项目编号 | 加班 | <- | 工时 | 项目工程师签字 | <- | <- | <- | 
| ^ | E16 |  | 47.0 | <- | 219.0 |  | <- | <- | <- | 
| ^ |  |  |  | <- |  |  | <- | <- | <- | 
| ^ |  |  |  | <- |  |  | <- | <- | <- | 
| ^ |  |  |  | <- |  |  | <- | <- | <- | 
| 总计工时 | 219.00 | <- | 经理签字： | <- | <- |  | <- | <- | <- | 


## 工作表: Sheet1

| A | B | C | D | E | F | G | H | I | 
|  --- | --- | --- | --- | --- | --- | --- | --- | --- |
|  |  |  | 一年调整一次，请勿随意删除 | <- | <- |  |  |  | 
|  |  |  | 2025 | <- | <- |  |  |  | 
| 年 | 月 |  | 节假日 | 调休加班日 |  |  |  |  | 
| 1905-07-17 | 4 |  | 2024-01-01 | 2024-01-26 |  |  |  |  | 
|  |  |  | 2024-01-28 | 2024-02-08 |  |  |  |  | 
|  |  |  | 2024-01-29 | 2024-04-27 |  |  |  |  | 
|  |  |  | 2024-01-30 | 2024-09-28 |  |  |  |  | 
|  |  |  | 2024-01-31 | 2024-10-11 |  |  |  |  | 
|  |  |  | 2024-02-01 |  |  |  |  |  | 
|  |  |  | 2024-02-02 |  |  |  |  |  | 
|  |  |  | 2024-02-03 |  |  |  |  |  | 
|  |  |  | 2024-02-04 |  |  |  |  |  | 
|  |  |  | 2024-04-04 |  |  |  |  |  | 
|  |  |  | 2024-04-05 |  |  |  |  |    | 
|  |  |  | 2024-04-06 |  |  |  |  |  | 
|  |  |  | 2024-05-01 |  |  |  |  |  | 
|  |  |  | 2024-05-02 |  |  |  |  |  | 
|  |  |  | 2024-05-03 |  |  |  |  |  | 
|  |  |  | 2024-05-04 |  |  |  |  |  | 
|  |  |  | 2024-05-05 |  |  |  |  |  | 
|  |  |  | 2024-05-31 |  |  |  |  |  | 
|  |  |  | 2024-06-01 |  |  |  |  |  | 
|  |  |  | 2024-06-02 |  |  |  |  |  | 
|  |  |  | 2024-10-01 |  |  |  |  |  | 
|  |  |  | 2024-10-02 |  |  |  |  |  | 
|  |  |  | 2024-10-03 |  |  |  |  |  | 
|  |  |  | 2024-10-04 |  |  |  |  |  | 
|  |  |  | 2024-10-05 |  |  |  |  |  | 
|  |  |  | 2024-10-06 |  |  |  |  |  | 
|  |  |  | 2024-10-07 |  |  |  |  |  | 
|  |  |  | 2024-10-08 |  |  |  |  |  | 



2025-05-20 10:55:18,099 - INFO - 请求成功，状态码: 200
2025-05-20 10:55:18,100 - INFO - 模型返回：
{"E16":{"overtime_hours":47.0,"total_hours":219.0}}

2025-05-20 10:55:18,101 - INFO - 源数据表中的工时汇总数据：{'E16': {'overtime_hours': 47.0, 'total_hours': 219.0}}
2025-05-20 10:55:18,101 - INFO - 文件处理进度：3 / 10
2025-05-20 10:55:18,101 - INFO - 开始处理工时文件：D:/sotos工作资料/test/4\熊德鄂工时表-重庆安道拓-2025年04月.xlsx
2025-05-20 10:55:18,231 - INFO - Excel表格提取文本：
## 工作表: 熊德鄂

| A | B | C | D | E | F | G | H | I | J | 
|  --- | --- | --- | --- | --- | --- | --- | --- | --- | --- |
| 重庆延锋安道拓 | <- | 上海睿励信息技术有限公司 工时记录表 | <- | <- | <- | <- | <- | <- | <- | 
| ^ | ^<- | 供应商 |  | <- | <- | <- | <- | <- | <- | 
| 工程师 | 熊德鄂 | <- | 负责人 | 谭红炜 | 电话 | 18696684656 | <- | <- | <- | 
| 日期 | 项目名称 | 开始工作时间 | 工作结束时间 | 加班时间 | 总工作时间 | 备注 | <- | <- | <- | 
| 2025-04-01 | V540LL | 08:30:00 | 20:30:00 | 3.5 | 11.5 | CN资料编写；数据下载 | <- | <- | <- | 
| 2025-04-02 | V540LL | 08:30:00 | 20:00:00 | 3.0 | 11.0 | 项目CMM资料编写 | <- | <- | <- | 
| 2025-04-03 | V540LL | 08:30:00 | 18:00:00 | 1.0 | 9.0 | 项目图纸修改 | <- | <- | <- | 
| 2025-04-04 |  |  |  |  |  |  | <- | <- | <- | 
| 2025-04-05 |  |  |  |  |  |  | <- | <- | <- | 
| 2025-04-06 |  |  |  |  |  |  | <- | <- | <- | 
| 2025-04-07 | V540LL | 08:30:00 | 20:30:00 | 3.5 | 11.5 | 项目资料编写 | <- | <- | <- | 
| 2025-04-08 | V540LL | 08:30:00 | 20:00:00 | 3.0 | 11.0 | CMM资料编写 | <- | <- | <- | 
| 2025-04-09 | V540LL | 08:30:00 | 20:00:00 | 3.0 | 11.0 | 项目图纸修改 | <- | <- | <- | 
| 2025-04-10 | V540LL | 08:30:00 | 20:00:00 | 3.0 | 11.0 | 资料填写 | <- | <- | <- | 
| 2025-04-11 | V540LL | 08:30:00 | 19:00:00 | 2.0 | 10.0 | 资料填写 | <- | <- | <- | 
| 2025-04-12 |  |  |  |  |  |  | <- | <- | <- | 
| 2025-04-13 |  |  |  |  |  |  | <- | <- | <- | 
| 2025-04-14 | V540LL | 08:30:00 | 18:30:00 | 1.5 | 9.5 | 项目PPT资料的编写 | <- | <- | <- | 
| 2025-04-15 | V540LL | 08:30:00 | 20:00:00 | 3.0 | 11.0 | 三排图纸及数据下载 | <- | <- | <- | 
| 2025-04-16 | V540LL | 08:30:00 | 19:30:00 | 2.5 | 10.5 | V540资料编写 | <- | <- | <- | 
| 2025-04-17 | V540LL | 08:30:00 | 20:30:00 | 3.5 | 11.5 | 靠背上横梁数据更改；海德堡数据检查 | <- | <- | <- | 
| 2025-04-18 | V540LL | 08:30:00 | 18:30:00 | 1.5 | 9.5 | 新项目报价资料编写 | <- | <- | <- | 
| 2025-04-19 |  |  |  |  |  |  | <- | <- | <- | 
| 2025-04-20 |  |  |  |  |  |  | <- | <- | <- | 
| 2025-04-21 | V540LL | 08:30:00 | 20:00:00 | 3.0 | 11.0 | 海德堡数据检查 | <- | <- | <- | 
| 2025-04-22 | V540LL | 08:30:00 | 19:30:00 | 2.5 | 10.5 | 项目CR资料编写及辅助完成PPT资料 | <- | <- | <- | 
| 2025-04-23 | V540LL | 08:30:00 | 20:00:00 | 3.0 | 11.0 | 各配置下的骨架数据输出 | <- | <- | <- | 
| 2025-04-24 | V540LL | 09:00:00 | 21:00:00 | 3.5 | 11.5 | 中配图纸下载及数据整理 | <- | <- | <- | 
| 2025-04-25 | V540LL | 08:30:00 | 19:00:00 | 2.0 | 10.0 | 完成高配数据海德堡检查 | <- | <- | <- | 
| 2025-04-26 |  |  |  |  |  |  | <- | <- | <- | 
| 2025-04-27 | V540LL | 08:30:00 | 19:30:00 | 2.5 | 10.5 | 数据及资料编辑 | <- | <- | <- | 
| 2025-04-28 | V540LL | 13:00:00 | 21:00:00 | 4.0 | 8.0 | 年休假半天;完成项目的数据集bom整理 | <- | <- | <- | 
| 2025-04-29 | V540LL | 08:30:00 | 20:00:00 | 3.0 | 11.0 | 完成图纸的修改 | <- | <- | <- | 
| 2025-04-30 | V540LL | 08:30:00 | 19:00:00 | 2.0 | 10.0 | 完成CR资料 | <- | <- | <- | 
| 2025-05-01 |  |  |  |  |  |  | <- | <- | <- | 
| 工时统计 | 项目名称 | 项目编号 | 加班 | <- | 工时 | 项目工程师签字 | <- | <- | <- | 
| ^ | V540LL |  | 59.5 | <- | 231.5 |  | <- | <- | <- | 
| ^ |  |  |  | <- |  |  | <- | <- | <- | 
| ^ |  |  |  | <- |  |  | <- | <- | <- | 
| ^ |  |  |  | <- |  |  | <- | <- | <- | 
| 总计工时 | 231.50 | <- | 经理签字： | <- | <- |  | <- | <- | <- | 


## 工作表: Sheet1

| A | B | C | D | E | F | 
|  --- | --- | --- | --- | --- | --- |
|  |  |  | 一年调整一次，请勿随意删除 | <- | <- | 
|  |  |  | 2025 | <- | <- | 
| 年 | 月 |  | 节假日 | 调休加班日 |  | 
| 1905-07-17 | 4 |  | 45658 | 45683 |  | 
|  |  |  | 45685 | 45696 |  | 
|  |  |  | 45686 | 45774 |  | 
|  |  |  | 45687 | 45928 |  | 
|  |  |  | 45688 | 45941 |  | 
|  |  |  | 45689 |  |  | 
|  |  |  | 45690 |  |  | 
|  |  |  | 45691 |  |  | 
|  |  |  | 45692 |  |  | 
|  |  |  | 45751 |  |  | 
|  |  |  | 45752 |  |  | 
|  |  |  | 45753 |  |  | 
|  |  |  | 45778 |  |  | 
|  |  |  | 45779 |  |  | 
|  |  |  | 45780 |  |  | 
|  |  |  | 45781 |  |  | 
|  |  |  | 45782 |  |  | 
|  |  |  | 45808 |  |  | 
|  |  |  | 45809 |  |  | 
|  |  |  | 45810 |  |  | 
|  |  |  | 45931 |  |  | 
|  |  |  | 45932 |  |  | 
|  |  |  | 45933 |  |  | 
|  |  |  | 45934 |  |  | 
|  |  |  | 45935 |  |  | 
|  |  |  | 45936 |  |  | 
|  |  |  | 45937 |  |  | 
|  |  |  | 45938 |  |  | 



2025-05-20 10:55:18,244 - INFO - 从表格文本中，提取员工姓名和公司名称...
2025-05-20 10:55:18,245 - INFO - 发送请求到模型API...
2025-05-20 10:55:18,245 - INFO - system_prompt：
你是一个专业的表格信息提取助手。用户会提供给你一份Excel工时表，已转换为Markdown格式。你需要提取出表格包含的员工姓名`employee_name`和公司名称`company_name`。以JSON格式输出结果，包含`employee_name`和`company_name`两个字段。如果无法提取到员工姓名和公司名称，请返回空字符串。

markdown格式的表格中合并单元格表示法：
   - "^" 符号表示该单元格与上方单元格合并（纵向合并）
   - "<-" 符号表示该单元格与左侧单元格合并（横向合并）
   - "^<-" 符号表示该单元格同时与上方和左侧单元格合并（纵横合并）

比如：{"employee_name":"张三", "company_name":"XXX公司"}
注意：直接返回结果，不要包含任何解释或说明。

2025-05-20 10:55:18,248 - INFO - user_prompt：## 工作表: 熊德鄂

| A | B | C | D | E | F | G | H | I | J | 
|  --- | --- | --- | --- | --- | --- | --- | --- | --- | --- |
| 重庆延锋安道拓 | <- | 上海睿励信息技术有限公司 工时记录表 | <- | <- | <- | <- | <- | <- | <- | 
| ^ | ^<- | 供应商 |  | <- | <- | <- | <- | <- | <- | 
| 工程师 | 熊德鄂 | <- | 负责人 | 谭红炜 | 电话 | 18696684656 | <- | <- | <- | 
| 日期 | 项目名称 | 开始工作时间 | 工作结束时间 | 加班时间 | 总工作时间 | 备注 | <- | <- | <- | 
| 2025-04-01 | V540LL | 08:30:00 | 20:30:00 | 3.5 | 11.5 | CN资料编写；数据下载 | <- | <- | <- | 
| 2025-04-02 | V540LL | 08:30:00 | 20:00:00 | 3.0 | 11.0 | 项目CMM资料编写 | <- | <- | <- | 
| 2025-04-03 | V540LL | 08:30:00 | 18:00:00 | 1.0 | 9.0 | 项目图纸修改 | <- | <- | <- | 
| 2025-04-04 |  |  |  |  |  |  | <- | <- | <- | 
| 2025-04-05 |  |  |  |  |  |  | <- | <- | <- | 
| 2025-04-06 |  |  |  |  |  |  | <- | <- | <- | 
| 2025-04-07 | V540LL | 08:30:00 | 20:30:00 | 3.5 | 11.5 | 项目资料编写 | <- | <- | <- | 
| 2025-04-08 | V540LL | 08:30:00 | 20:00:00 | 3.0 | 11.0 | CMM资料编写 | <- | <- | <- | 
| 2025-04-09 | V540LL | 08:30:00 | 20:00:00 | 3.0 | 11.0 | 项目图纸修改 | <- | <- | <- | 
| 2025-04-10 | V540LL | 08:30:00 | 20:00:00 | 3.0 | 11.0 | 资料填写 | <- | <- | <- | 
| 2025-04-11 | V540LL | 08:30:00 | 19:00:00 | 2.0 | 10.0 | 资料填写 | <- | <- | <- | 
| 2025-04-12 |  |  |  |  |  |  | <- | <- | <- | 
| 2025-04-13 |  |  |  |  |  |  | <- | <- | <- | 
| 2025-04-14 | V540LL | 08:30:00 | 18:30:00 | 1.5 | 9.5 | 项目PPT资料的编写 | <- | <- | <- | 
| 2025-04-15 | V540LL | 08:30:00 | 20:00:00 | 3.0 | 11.0 | 三排图纸及数据下载 | <- | <- | <- | 
| 2025-04-16 | V540LL | 08:30:00 | 19:30:00 | 2.5 | 10.5 | V540资料编写 | <- | <- | <- | 
| 2025-04-17 | V540LL | 08:30:00 | 20:30:00 | 3.5 | 11.5 | 靠背上横梁数据更改；海德堡数据检查 | <- | <- | <- | 
| 2025-04-18 | V540LL | 08:30:00 | 18:30:00 | 1.5 | 9.5 | 新项目报价资料编写 | <- | <- | <- | 
| 2025-04-19 |  |  |  |  |  |  | <- | <- | <- | 
| 2025-04-20 |  |  |  |  |  |  | <- | <- | <- | 
| 2025-04-21 | V540LL | 08:30:00 | 20:00:00 | 3.0 | 11.0 | 海德堡数据检查 | <- | <- | <- | 
| 2025-04-22 | V540LL | 08:30:00 | 19:30:00 | 2.5 | 10.5 | 项目CR资料编写及辅助完成PPT资料 | <- | <- | <- | 
| 2025-04-23 | V540LL | 08:30:00 | 20:00:00 | 3.0 | 11.0 | 各配置下的骨架数据输出 | <- | <- | <- | 
| 2025-04-24 | V540LL | 09:00:00 | 21:00:00 | 3.5 | 11.5 | 中配图纸下载及数据整理 | <- | <- | <- | 
| 2025-04-25 | V540LL | 08:30:00 | 19:00:00 | 2.0 | 10.0 | 完成高配数据海德堡检查 | <- | <- | <- | 
| 2025-04-26 |  |  |  |  |  |  | <- | <- | <- | 
| 2025-04-27 | V540LL | 08:30:00 | 19:30:00 | 2.5 | 10.5 | 数据及资料编辑 | <- | <- | <- | 
| 2025-04-28 | V540LL | 13:00:00 | 21:00:00 | 4.0 | 8.0 | 年休假半天;完成项目的数据集bom整理 | <- | <- | <- | 
| 2025-04-29 | V540LL | 08:30:00 | 20:00:00 | 3.0 | 11.0 | 完成图纸的修改 | <- | <- | <- | 
| 2025-04-30 | V540LL | 08:30:00 | 19:00:00 | 2.0 | 10.0 | 完成CR资料 | <- | <- | <- | 
| 2025-05-01 |  |  |  |  |  |  | <- | <- | <- | 
| 工时统计 | 项目名称 | 项目编号 | 加班 | <- | 工时 | 项目工程师签字 | <- | <- | <- | 
| ^ | V540LL |  | 59.5 | <- | 231.5 |  | <- | <- | <- | 
| ^ |  |  |  | <- |  |  | <- | <- | <- | 
| ^ |  |  |  | <- |  |  | <- | <- | <- | 
| ^ |  |  |  | <- |  |  | <- | <- | <- | 
| 总计工时 | 231.50 | <- | 经理签字： | <- | <- |  | <- | <- | <- | 


## 工作表: Sheet1

| A | B | C | D | E | F | 
|  --- | --- | --- | --- | --- | --- |
|  |  |  | 一年调整一次，请勿随意删除 | <- | <- | 
|  |  |  | 2025 | <- | <- | 
| 年 | 月 |  | 节假日 | 调休加班日 |  | 
| 1905-07-17 | 4 |  | 45658 | 45683 |  | 
|  |  |  | 45685 | 45696 |  | 
|  |  |  | 45686 | 45774 |  | 
|  |  |  | 45687 | 45928 |  | 
|  |  |  | 45688 | 45941 |  | 
|  |  |  | 45689 |  |  | 
|  |  |  | 45690 |  |  | 
|  |  |  | 45691 |  |  | 
|  |  |  | 45692 |  |  | 
|  |  |  | 45751 |  |  | 
|  |  |  | 45752 |  |  | 
|  |  |  | 45753 |  |  | 
|  |  |  | 45778 |  |  | 
|  |  |  | 45779 |  |  | 
|  |  |  | 45780 |  |  | 
|  |  |  | 45781 |  |  | 
|  |  |  | 45782 |  |  | 
|  |  |  | 45808 |  |  | 
|  |  |  | 45809 |  |  | 
|  |  |  | 45810 |  |  | 
|  |  |  | 45931 |  |  | 
|  |  |  | 45932 |  |  | 
|  |  |  | 45933 |  |  | 
|  |  |  | 45934 |  |  | 
|  |  |  | 45935 |  |  | 
|  |  |  | 45936 |  |  | 
|  |  |  | 45937 |  |  | 
|  |  |  | 45938 |  |  | 



2025-05-20 10:55:20,183 - INFO - 请求成功，状态码: 200
2025-05-20 10:55:20,185 - INFO - 模型返回：{"employee_name":"熊德鄂", "company_name":"上海睿励信息技术有限公司"}

2025-05-20 10:55:20,185 - INFO - 解析模型返回：
 - 员工姓名：熊德鄂,  - 公司名称：上海睿励信息技术有限公司
2025-05-20 10:55:20,186 - INFO - 

从表格文本中，提取汇总数据...
2025-05-20 10:55:20,186 - INFO - 发送请求到模型API...
2025-05-20 10:55:20,187 - INFO - system_prompt：
你是一个专业的工时数据提取助手。用户会提供给你一份Excel工时表，已转换为Markdown格式。你需要提取出表格中的按照项目做统计的工时汇总数据。将提取结果以JSON格式输出。以项目名称作为key为项目名称，value为包含加班和工时的字典。

markdown格式的表格中合并单元格表示法：
   - "^" 符号表示该单元格与上方单元格合并（纵向合并）
   - "<-" 符号表示该单元格与左侧单元格合并（横向合并）
   - "^<-" 符号表示该单元格同时与上方和左侧单元格合并（纵横合并）

你可以按照以下步骤进行分析：
1. 首先，定位表格中工时统计汇总数据，通常在表格的下方。
2. 读取工时统计汇总数据，包含项目名称、项目编号、加班、工时等。项目编号可能为空。
3. 整理所有数据，以JSON格式输。key为项目名称，value为包含加班`overtime_hours`和工时`total_hours`的字典。

注意：
1.直接返回结果，不要包含任何解释或说明。
2.输出结果必须严格按照无语法错误的JSON格式输出，不能有任何其他格式。

以JSON格式输出结果，示例输出如下：
示例1：
{"D11":{"overtime_hours":20,"total_hours":120}, "A12":{"overtime_hours":6,"total_hours":14}, "B13":{"overtime_hours":1,"total_hours":10}}
示例2：
{"D11":{"overtime_hours":20,"total_hours":120}, "A12":{"overtime_hours":6,"total_hours":14}}

2025-05-20 10:55:20,190 - INFO - user_prompt：## 工作表: 熊德鄂

| A | B | C | D | E | F | G | H | I | J | 
|  --- | --- | --- | --- | --- | --- | --- | --- | --- | --- |
| 重庆延锋安道拓 | <- | 上海睿励信息技术有限公司 工时记录表 | <- | <- | <- | <- | <- | <- | <- | 
| ^ | ^<- | 供应商 |  | <- | <- | <- | <- | <- | <- | 
| 工程师 | 熊德鄂 | <- | 负责人 | 谭红炜 | 电话 | 18696684656 | <- | <- | <- | 
| 日期 | 项目名称 | 开始工作时间 | 工作结束时间 | 加班时间 | 总工作时间 | 备注 | <- | <- | <- | 
| 2025-04-01 | V540LL | 08:30:00 | 20:30:00 | 3.5 | 11.5 | CN资料编写；数据下载 | <- | <- | <- | 
| 2025-04-02 | V540LL | 08:30:00 | 20:00:00 | 3.0 | 11.0 | 项目CMM资料编写 | <- | <- | <- | 
| 2025-04-03 | V540LL | 08:30:00 | 18:00:00 | 1.0 | 9.0 | 项目图纸修改 | <- | <- | <- | 
| 2025-04-04 |  |  |  |  |  |  | <- | <- | <- | 
| 2025-04-05 |  |  |  |  |  |  | <- | <- | <- | 
| 2025-04-06 |  |  |  |  |  |  | <- | <- | <- | 
| 2025-04-07 | V540LL | 08:30:00 | 20:30:00 | 3.5 | 11.5 | 项目资料编写 | <- | <- | <- | 
| 2025-04-08 | V540LL | 08:30:00 | 20:00:00 | 3.0 | 11.0 | CMM资料编写 | <- | <- | <- | 
| 2025-04-09 | V540LL | 08:30:00 | 20:00:00 | 3.0 | 11.0 | 项目图纸修改 | <- | <- | <- | 
| 2025-04-10 | V540LL | 08:30:00 | 20:00:00 | 3.0 | 11.0 | 资料填写 | <- | <- | <- | 
| 2025-04-11 | V540LL | 08:30:00 | 19:00:00 | 2.0 | 10.0 | 资料填写 | <- | <- | <- | 
| 2025-04-12 |  |  |  |  |  |  | <- | <- | <- | 
| 2025-04-13 |  |  |  |  |  |  | <- | <- | <- | 
| 2025-04-14 | V540LL | 08:30:00 | 18:30:00 | 1.5 | 9.5 | 项目PPT资料的编写 | <- | <- | <- | 
| 2025-04-15 | V540LL | 08:30:00 | 20:00:00 | 3.0 | 11.0 | 三排图纸及数据下载 | <- | <- | <- | 
| 2025-04-16 | V540LL | 08:30:00 | 19:30:00 | 2.5 | 10.5 | V540资料编写 | <- | <- | <- | 
| 2025-04-17 | V540LL | 08:30:00 | 20:30:00 | 3.5 | 11.5 | 靠背上横梁数据更改；海德堡数据检查 | <- | <- | <- | 
| 2025-04-18 | V540LL | 08:30:00 | 18:30:00 | 1.5 | 9.5 | 新项目报价资料编写 | <- | <- | <- | 
| 2025-04-19 |  |  |  |  |  |  | <- | <- | <- | 
| 2025-04-20 |  |  |  |  |  |  | <- | <- | <- | 
| 2025-04-21 | V540LL | 08:30:00 | 20:00:00 | 3.0 | 11.0 | 海德堡数据检查 | <- | <- | <- | 
| 2025-04-22 | V540LL | 08:30:00 | 19:30:00 | 2.5 | 10.5 | 项目CR资料编写及辅助完成PPT资料 | <- | <- | <- | 
| 2025-04-23 | V540LL | 08:30:00 | 20:00:00 | 3.0 | 11.0 | 各配置下的骨架数据输出 | <- | <- | <- | 
| 2025-04-24 | V540LL | 09:00:00 | 21:00:00 | 3.5 | 11.5 | 中配图纸下载及数据整理 | <- | <- | <- | 
| 2025-04-25 | V540LL | 08:30:00 | 19:00:00 | 2.0 | 10.0 | 完成高配数据海德堡检查 | <- | <- | <- | 
| 2025-04-26 |  |  |  |  |  |  | <- | <- | <- | 
| 2025-04-27 | V540LL | 08:30:00 | 19:30:00 | 2.5 | 10.5 | 数据及资料编辑 | <- | <- | <- | 
| 2025-04-28 | V540LL | 13:00:00 | 21:00:00 | 4.0 | 8.0 | 年休假半天;完成项目的数据集bom整理 | <- | <- | <- | 
| 2025-04-29 | V540LL | 08:30:00 | 20:00:00 | 3.0 | 11.0 | 完成图纸的修改 | <- | <- | <- | 
| 2025-04-30 | V540LL | 08:30:00 | 19:00:00 | 2.0 | 10.0 | 完成CR资料 | <- | <- | <- | 
| 2025-05-01 |  |  |  |  |  |  | <- | <- | <- | 
| 工时统计 | 项目名称 | 项目编号 | 加班 | <- | 工时 | 项目工程师签字 | <- | <- | <- | 
| ^ | V540LL |  | 59.5 | <- | 231.5 |  | <- | <- | <- | 
| ^ |  |  |  | <- |  |  | <- | <- | <- | 
| ^ |  |  |  | <- |  |  | <- | <- | <- | 
| ^ |  |  |  | <- |  |  | <- | <- | <- | 
| 总计工时 | 231.50 | <- | 经理签字： | <- | <- |  | <- | <- | <- | 


## 工作表: Sheet1

| A | B | C | D | E | F | 
|  --- | --- | --- | --- | --- | --- |
|  |  |  | 一年调整一次，请勿随意删除 | <- | <- | 
|  |  |  | 2025 | <- | <- | 
| 年 | 月 |  | 节假日 | 调休加班日 |  | 
| 1905-07-17 | 4 |  | 45658 | 45683 |  | 
|  |  |  | 45685 | 45696 |  | 
|  |  |  | 45686 | 45774 |  | 
|  |  |  | 45687 | 45928 |  | 
|  |  |  | 45688 | 45941 |  | 
|  |  |  | 45689 |  |  | 
|  |  |  | 45690 |  |  | 
|  |  |  | 45691 |  |  | 
|  |  |  | 45692 |  |  | 
|  |  |  | 45751 |  |  | 
|  |  |  | 45752 |  |  | 
|  |  |  | 45753 |  |  | 
|  |  |  | 45778 |  |  | 
|  |  |  | 45779 |  |  | 
|  |  |  | 45780 |  |  | 
|  |  |  | 45781 |  |  | 
|  |  |  | 45782 |  |  | 
|  |  |  | 45808 |  |  | 
|  |  |  | 45809 |  |  | 
|  |  |  | 45810 |  |  | 
|  |  |  | 45931 |  |  | 
|  |  |  | 45932 |  |  | 
|  |  |  | 45933 |  |  | 
|  |  |  | 45934 |  |  | 
|  |  |  | 45935 |  |  | 
|  |  |  | 45936 |  |  | 
|  |  |  | 45937 |  |  | 
|  |  |  | 45938 |  |  | 



2025-05-20 10:55:23,280 - INFO - 请求成功，状态码: 200
2025-05-20 10:55:23,281 - INFO - 模型返回：
{"V540LL":{"overtime_hours":59.5,"total_hours":231.5}}

2025-05-20 10:55:23,282 - INFO - 源数据表中的工时汇总数据：{'V540LL': {'overtime_hours': 59.5, 'total_hours': 231.5}}
2025-05-20 10:55:23,282 - INFO - 文件处理进度：4 / 10
2025-05-20 10:55:23,282 - INFO - 开始处理工时文件：D:/sotos工作资料/test/4\王佳琳工时表-重庆安道拓-2025年04月.xlsx
2025-05-20 10:55:23,383 - INFO - Excel表格提取文本：
## 工作表: 王佳琳

| A | B | C | D | E | F | G | H | I | J | 
|  --- | --- | --- | --- | --- | --- | --- | --- | --- | --- |
| 重庆延锋安道拓 | <- | 上海睿励信息技术有限公司 工时记录表 | <- | <- | <- | <- | <- | <- | <- | 
| ^ | ^<- | 供应商 |  | <- | <- | <- | <- | <- | <- | 
| 工程师 | 王佳琳 | <- | 负责人 | 黄冬 | 电话 | 15310865475 | <- | <- | <- | 
| 日期 | 项目名称 | 开始工作时间 | 工作结束时间 | 加班时间 | 总工作时间 | 备注 | <- | <- | <- | 
| 2025-04-01 | T60-M | 09:00:00 | 21:30:00 | 4.0 | 12.0 | 设变发放 | <- | <- | <- | 
| 2025-04-02 | T60-M | 09:00:00 | 00:30:00 | 7.0 | 15.0 | 设变发放 | <- | <- | <- | 
| 2025-04-03 | T60-M | 09:00:00 | 18:00:00 | 0.5 | 8.5 | IR更新，质量质心更新 | <- | <- | <- | 
| 2025-04-04 | T60-M |  |  |  |  |  | <- | <- | <- | 
| 2025-04-05 | T60-M |  |  |  |  |  | <- | <- | <- | 
| 2025-04-06 | T60-M |  |  |  |  |  | <- | <- | <- | 
| 2025-04-07 | T60-M | 09:00:00 | 21:00:00 | 3.5 | 11.5 | 断面更新，变更资料更新 | <- | <- | <- | 
| 2025-04-08 | T60-M | 09:00:00 | 21:00:00 | 3.5 | 11.5 | 设变发放，数据更新 | <- | <- | <- | 
| 2025-04-09 | T60-M | 09:00:00 | 22:00:00 | 4.5 | 12.5 | EBOM更新，数据更新 | <- | <- | <- | 
| 2025-04-10 | T60-M | 09:00:00 | 21:30:00 | 4.0 | 12.0 | 变更IR；方案数据校核 | <- | <- | <- | 
| 2025-04-11 | T60-M | 09:00:00 | 21:00:00 | 3.5 | 11.5 | 问题点一页纸说明；变更后DVP回顾;问题清单更新 | <- | <- | <- | 
| 2025-04-12 | T60-M | 10:00:00 | 16:30:00 | 6.0 | 6.0 | IR更新，数据沟通，BOM更新 | <- | <- | <- | 
| 2025-04-13 | T60-M |  |  |  |  |  | <- | <- | <- | 
| 2025-04-14 | T60-M | 09:00:00 | 21:00:00 | 3.5 | 11.5 | JIT级图纸更新，变更BOM更新 | <- | <- | <- | 
| 2025-04-15 | T60-M | 09:00:00 | 21:00:00 | 3.5 | 11.5 | 实验加载确认，舒适性问题点整理 | <- | <- | <- | 
| 2025-04-16 | T60-M | 09:00:00 | 22:00:00 | 4.5 | 12.5 | 方案数据分包；整椅图纸更新 | <- | <- | <- | 
| 2025-04-17 | T60-M | 09:00:00 | 22:30:00 | 5.0 | 13.0 | 设变整理 | <- | <- | <- | 
| 2025-04-18 | T60-M | 09:00:00 | 19:00:00 | 1.5 | 9.5 | 变更IR更新 | <- | <- | <- | 
| 2025-04-19 | T60-M |  |  |  |  |  | <- | <- | <- | 
| 2025-04-20 | T60-M |  |  |  |  |  | <- | <- | <- | 
| 2025-04-21 | T60-M | 09:00:00 | 22:00:00 | 4.5 | 12.5 | 	变更说明，DVP审核 | <- | <- | <- | 
| 2025-04-22 | T60-M | 09:00:00 | 22:00:00 | 4.5 | 12.5 | DVP审核 | <- | <- | <- | 
| 2025-04-23 | T60-M | 09:00:00 | 21:00:00 | 3.5 | 11.5 | 变更数据整理，BOM更新 | <- | <- | <- | 
| 2025-04-24 | T60-M | 09:00:00 | 21:30:00 | 4.0 | 12.0 | 质量质心更新 | <- | <- | <- | 
| 2025-04-25 | T60-M | 09:00:00 | 20:00:00 | 2.5 | 10.5 | 变更数据更新，问题清单跟踪 | <- | <- | <- | 
| 2025-04-26 | T60-M |  |  |  |  |  | <- | <- | <- | 
| 2025-04-27 | T60-M | 09:00:00 | 21:00:00 | 3.5 | 11.5 | IR更新 | <- | <- | <- | 
| 2025-04-28 | T60-M | 09:00:00 | 21:30:00 | 4.0 | 12.0 | 数据跟踪优化，断面确认 | <- | <- | <- | 
| 2025-04-29 | T60-M | 09:00:00 | 19:30:00 | 2.0 | 10.0 | 样件数据跟踪，设变整理 | <- | <- | <- | 
| 2025-04-30 | T60-M | 09:00:00 | 17:30:00 | 0.0 | 8.0 | 	设变发放，数据更新 | <- | <- | <- | 
| 2025-05-01 |  |  |  |  |  |  | <- | <- | <- | 
| 工时统计 | 项目名称 | 项目编号 | 加班 | <- | 工时 | 项目工程师签字 | <- | <- | <- | 
| ^ | T60-M |  | 83.0 | <- | 259.0 |  | <- | <- | <- | 
| ^ |  |  |  | <- |  |  | <- | <- | <- | 
| ^ |  |  |  | <- |  |  | <- | <- | <- | 
| ^ |  |  |  | <- |  |  | <- | <- | <- | 
| 总计工时 | 259.00 | <- | 经理签字： | <- | <- |  | <- | <- | <- | 


## 工作表: Sheet1

| A | B | C | D | E | F | 
|  --- | --- | --- | --- | --- | --- |
|  |  |  | 一年调整一次，请勿随意删除 | <- | <- | 
|  |  |  | 2025 | <- | <- | 
| 年 | 月 |  | 节假日 | 调休加班日 |  | 
| 1905-07-17 | 4 |  | 45658 | 45683 |  | 
|  |  |  | 45685 | 45696 |  | 
|  |  |  | 45686 | 45774 |  | 
|  |  |  | 45687 | 45928 |  | 
|  |  |  | 45688 | 45941 |  | 
|  |  |  | 45689 |  |  | 
|  |  |  | 45690 |  |  | 
|  |  |  | 45691 |  |  | 
|  |  |  | 45692 |  |  | 
|  |  |  | 45751 |  |  | 
|  |  |  | 45752 |  |  | 
|  |  |  | 45753 |  |  | 
|  |  |  | 45778 |  |  | 
|  |  |  | 45779 |  |  | 
|  |  |  | 45780 |  |  | 
|  |  |  | 45781 |  |  | 
|  |  |  | 45782 |  |  | 
|  |  |  | 45808 |  |  | 
|  |  |  | 45809 |  |  | 
|  |  |  | 45810 |  |  | 
|  |  |  | 45931 |  |  | 
|  |  |  | 45932 |  |  | 
|  |  |  | 45933 |  |  | 
|  |  |  | 45934 |  |  | 
|  |  |  | 45935 |  |  | 
|  |  |  | 45936 |  |  | 
|  |  |  | 45937 |  |  | 
|  |  |  | 45938 |  |  | 



2025-05-20 10:55:23,392 - INFO - 从表格文本中，提取员工姓名和公司名称...
2025-05-20 10:55:23,392 - INFO - 发送请求到模型API...
2025-05-20 10:55:23,393 - INFO - system_prompt：
你是一个专业的表格信息提取助手。用户会提供给你一份Excel工时表，已转换为Markdown格式。你需要提取出表格包含的员工姓名`employee_name`和公司名称`company_name`。以JSON格式输出结果，包含`employee_name`和`company_name`两个字段。如果无法提取到员工姓名和公司名称，请返回空字符串。

markdown格式的表格中合并单元格表示法：
   - "^" 符号表示该单元格与上方单元格合并（纵向合并）
   - "<-" 符号表示该单元格与左侧单元格合并（横向合并）
   - "^<-" 符号表示该单元格同时与上方和左侧单元格合并（纵横合并）

比如：{"employee_name":"张三", "company_name":"XXX公司"}
注意：直接返回结果，不要包含任何解释或说明。

2025-05-20 10:55:23,395 - INFO - user_prompt：## 工作表: 王佳琳

| A | B | C | D | E | F | G | H | I | J | 
|  --- | --- | --- | --- | --- | --- | --- | --- | --- | --- |
| 重庆延锋安道拓 | <- | 上海睿励信息技术有限公司 工时记录表 | <- | <- | <- | <- | <- | <- | <- | 
| ^ | ^<- | 供应商 |  | <- | <- | <- | <- | <- | <- | 
| 工程师 | 王佳琳 | <- | 负责人 | 黄冬 | 电话 | 15310865475 | <- | <- | <- | 
| 日期 | 项目名称 | 开始工作时间 | 工作结束时间 | 加班时间 | 总工作时间 | 备注 | <- | <- | <- | 
| 2025-04-01 | T60-M | 09:00:00 | 21:30:00 | 4.0 | 12.0 | 设变发放 | <- | <- | <- | 
| 2025-04-02 | T60-M | 09:00:00 | 00:30:00 | 7.0 | 15.0 | 设变发放 | <- | <- | <- | 
| 2025-04-03 | T60-M | 09:00:00 | 18:00:00 | 0.5 | 8.5 | IR更新，质量质心更新 | <- | <- | <- | 
| 2025-04-04 | T60-M |  |  |  |  |  | <- | <- | <- | 
| 2025-04-05 | T60-M |  |  |  |  |  | <- | <- | <- | 
| 2025-04-06 | T60-M |  |  |  |  |  | <- | <- | <- | 
| 2025-04-07 | T60-M | 09:00:00 | 21:00:00 | 3.5 | 11.5 | 断面更新，变更资料更新 | <- | <- | <- | 
| 2025-04-08 | T60-M | 09:00:00 | 21:00:00 | 3.5 | 11.5 | 设变发放，数据更新 | <- | <- | <- | 
| 2025-04-09 | T60-M | 09:00:00 | 22:00:00 | 4.5 | 12.5 | EBOM更新，数据更新 | <- | <- | <- | 
| 2025-04-10 | T60-M | 09:00:00 | 21:30:00 | 4.0 | 12.0 | 变更IR；方案数据校核 | <- | <- | <- | 
| 2025-04-11 | T60-M | 09:00:00 | 21:00:00 | 3.5 | 11.5 | 问题点一页纸说明；变更后DVP回顾;问题清单更新 | <- | <- | <- | 
| 2025-04-12 | T60-M | 10:00:00 | 16:30:00 | 6.0 | 6.0 | IR更新，数据沟通，BOM更新 | <- | <- | <- | 
| 2025-04-13 | T60-M |  |  |  |  |  | <- | <- | <- | 
| 2025-04-14 | T60-M | 09:00:00 | 21:00:00 | 3.5 | 11.5 | JIT级图纸更新，变更BOM更新 | <- | <- | <- | 
| 2025-04-15 | T60-M | 09:00:00 | 21:00:00 | 3.5 | 11.5 | 实验加载确认，舒适性问题点整理 | <- | <- | <- | 
| 2025-04-16 | T60-M | 09:00:00 | 22:00:00 | 4.5 | 12.5 | 方案数据分包；整椅图纸更新 | <- | <- | <- | 
| 2025-04-17 | T60-M | 09:00:00 | 22:30:00 | 5.0 | 13.0 | 设变整理 | <- | <- | <- | 
| 2025-04-18 | T60-M | 09:00:00 | 19:00:00 | 1.5 | 9.5 | 变更IR更新 | <- | <- | <- | 
| 2025-04-19 | T60-M |  |  |  |  |  | <- | <- | <- | 
| 2025-04-20 | T60-M |  |  |  |  |  | <- | <- | <- | 
| 2025-04-21 | T60-M | 09:00:00 | 22:00:00 | 4.5 | 12.5 | 	变更说明，DVP审核 | <- | <- | <- | 
| 2025-04-22 | T60-M | 09:00:00 | 22:00:00 | 4.5 | 12.5 | DVP审核 | <- | <- | <- | 
| 2025-04-23 | T60-M | 09:00:00 | 21:00:00 | 3.5 | 11.5 | 变更数据整理，BOM更新 | <- | <- | <- | 
| 2025-04-24 | T60-M | 09:00:00 | 21:30:00 | 4.0 | 12.0 | 质量质心更新 | <- | <- | <- | 
| 2025-04-25 | T60-M | 09:00:00 | 20:00:00 | 2.5 | 10.5 | 变更数据更新，问题清单跟踪 | <- | <- | <- | 
| 2025-04-26 | T60-M |  |  |  |  |  | <- | <- | <- | 
| 2025-04-27 | T60-M | 09:00:00 | 21:00:00 | 3.5 | 11.5 | IR更新 | <- | <- | <- | 
| 2025-04-28 | T60-M | 09:00:00 | 21:30:00 | 4.0 | 12.0 | 数据跟踪优化，断面确认 | <- | <- | <- | 
| 2025-04-29 | T60-M | 09:00:00 | 19:30:00 | 2.0 | 10.0 | 样件数据跟踪，设变整理 | <- | <- | <- | 
| 2025-04-30 | T60-M | 09:00:00 | 17:30:00 | 0.0 | 8.0 | 	设变发放，数据更新 | <- | <- | <- | 
| 2025-05-01 |  |  |  |  |  |  | <- | <- | <- | 
| 工时统计 | 项目名称 | 项目编号 | 加班 | <- | 工时 | 项目工程师签字 | <- | <- | <- | 
| ^ | T60-M |  | 83.0 | <- | 259.0 |  | <- | <- | <- | 
| ^ |  |  |  | <- |  |  | <- | <- | <- | 
| ^ |  |  |  | <- |  |  | <- | <- | <- | 
| ^ |  |  |  | <- |  |  | <- | <- | <- | 
| 总计工时 | 259.00 | <- | 经理签字： | <- | <- |  | <- | <- | <- | 


## 工作表: Sheet1

| A | B | C | D | E | F | 
|  --- | --- | --- | --- | --- | --- |
|  |  |  | 一年调整一次，请勿随意删除 | <- | <- | 
|  |  |  | 2025 | <- | <- | 
| 年 | 月 |  | 节假日 | 调休加班日 |  | 
| 1905-07-17 | 4 |  | 45658 | 45683 |  | 
|  |  |  | 45685 | 45696 |  | 
|  |  |  | 45686 | 45774 |  | 
|  |  |  | 45687 | 45928 |  | 
|  |  |  | 45688 | 45941 |  | 
|  |  |  | 45689 |  |  | 
|  |  |  | 45690 |  |  | 
|  |  |  | 45691 |  |  | 
|  |  |  | 45692 |  |  | 
|  |  |  | 45751 |  |  | 
|  |  |  | 45752 |  |  | 
|  |  |  | 45753 |  |  | 
|  |  |  | 45778 |  |  | 
|  |  |  | 45779 |  |  | 
|  |  |  | 45780 |  |  | 
|  |  |  | 45781 |  |  | 
|  |  |  | 45782 |  |  | 
|  |  |  | 45808 |  |  | 
|  |  |  | 45809 |  |  | 
|  |  |  | 45810 |  |  | 
|  |  |  | 45931 |  |  | 
|  |  |  | 45932 |  |  | 
|  |  |  | 45933 |  |  | 
|  |  |  | 45934 |  |  | 
|  |  |  | 45935 |  |  | 
|  |  |  | 45936 |  |  | 
|  |  |  | 45937 |  |  | 
|  |  |  | 45938 |  |  | 



2025-05-20 10:55:25,298 - INFO - 请求成功，状态码: 200
2025-05-20 10:55:25,299 - INFO - 模型返回：{"employee_name":"王佳琳", "company_name":"重庆延锋安道拓"}

2025-05-20 10:55:25,299 - INFO - 解析模型返回：
 - 员工姓名：王佳琳,  - 公司名称：重庆延锋安道拓
2025-05-20 10:55:25,300 - INFO - 

从表格文本中，提取汇总数据...
2025-05-20 10:55:25,300 - INFO - 发送请求到模型API...
2025-05-20 10:55:25,300 - INFO - system_prompt：
你是一个专业的工时数据提取助手。用户会提供给你一份Excel工时表，已转换为Markdown格式。你需要提取出表格中的按照项目做统计的工时汇总数据。将提取结果以JSON格式输出。以项目名称作为key为项目名称，value为包含加班和工时的字典。

markdown格式的表格中合并单元格表示法：
   - "^" 符号表示该单元格与上方单元格合并（纵向合并）
   - "<-" 符号表示该单元格与左侧单元格合并（横向合并）
   - "^<-" 符号表示该单元格同时与上方和左侧单元格合并（纵横合并）

你可以按照以下步骤进行分析：
1. 首先，定位表格中工时统计汇总数据，通常在表格的下方。
2. 读取工时统计汇总数据，包含项目名称、项目编号、加班、工时等。项目编号可能为空。
3. 整理所有数据，以JSON格式输。key为项目名称，value为包含加班`overtime_hours`和工时`total_hours`的字典。

注意：
1.直接返回结果，不要包含任何解释或说明。
2.输出结果必须严格按照无语法错误的JSON格式输出，不能有任何其他格式。

以JSON格式输出结果，示例输出如下：
示例1：
{"D11":{"overtime_hours":20,"total_hours":120}, "A12":{"overtime_hours":6,"total_hours":14}, "B13":{"overtime_hours":1,"total_hours":10}}
示例2：
{"D11":{"overtime_hours":20,"total_hours":120}, "A12":{"overtime_hours":6,"total_hours":14}}

2025-05-20 10:55:25,303 - INFO - user_prompt：## 工作表: 王佳琳

| A | B | C | D | E | F | G | H | I | J | 
|  --- | --- | --- | --- | --- | --- | --- | --- | --- | --- |
| 重庆延锋安道拓 | <- | 上海睿励信息技术有限公司 工时记录表 | <- | <- | <- | <- | <- | <- | <- | 
| ^ | ^<- | 供应商 |  | <- | <- | <- | <- | <- | <- | 
| 工程师 | 王佳琳 | <- | 负责人 | 黄冬 | 电话 | 15310865475 | <- | <- | <- | 
| 日期 | 项目名称 | 开始工作时间 | 工作结束时间 | 加班时间 | 总工作时间 | 备注 | <- | <- | <- | 
| 2025-04-01 | T60-M | 09:00:00 | 21:30:00 | 4.0 | 12.0 | 设变发放 | <- | <- | <- | 
| 2025-04-02 | T60-M | 09:00:00 | 00:30:00 | 7.0 | 15.0 | 设变发放 | <- | <- | <- | 
| 2025-04-03 | T60-M | 09:00:00 | 18:00:00 | 0.5 | 8.5 | IR更新，质量质心更新 | <- | <- | <- | 
| 2025-04-04 | T60-M |  |  |  |  |  | <- | <- | <- | 
| 2025-04-05 | T60-M |  |  |  |  |  | <- | <- | <- | 
| 2025-04-06 | T60-M |  |  |  |  |  | <- | <- | <- | 
| 2025-04-07 | T60-M | 09:00:00 | 21:00:00 | 3.5 | 11.5 | 断面更新，变更资料更新 | <- | <- | <- | 
| 2025-04-08 | T60-M | 09:00:00 | 21:00:00 | 3.5 | 11.5 | 设变发放，数据更新 | <- | <- | <- | 
| 2025-04-09 | T60-M | 09:00:00 | 22:00:00 | 4.5 | 12.5 | EBOM更新，数据更新 | <- | <- | <- | 
| 2025-04-10 | T60-M | 09:00:00 | 21:30:00 | 4.0 | 12.0 | 变更IR；方案数据校核 | <- | <- | <- | 
| 2025-04-11 | T60-M | 09:00:00 | 21:00:00 | 3.5 | 11.5 | 问题点一页纸说明；变更后DVP回顾;问题清单更新 | <- | <- | <- | 
| 2025-04-12 | T60-M | 10:00:00 | 16:30:00 | 6.0 | 6.0 | IR更新，数据沟通，BOM更新 | <- | <- | <- | 
| 2025-04-13 | T60-M |  |  |  |  |  | <- | <- | <- | 
| 2025-04-14 | T60-M | 09:00:00 | 21:00:00 | 3.5 | 11.5 | JIT级图纸更新，变更BOM更新 | <- | <- | <- | 
| 2025-04-15 | T60-M | 09:00:00 | 21:00:00 | 3.5 | 11.5 | 实验加载确认，舒适性问题点整理 | <- | <- | <- | 
| 2025-04-16 | T60-M | 09:00:00 | 22:00:00 | 4.5 | 12.5 | 方案数据分包；整椅图纸更新 | <- | <- | <- | 
| 2025-04-17 | T60-M | 09:00:00 | 22:30:00 | 5.0 | 13.0 | 设变整理 | <- | <- | <- | 
| 2025-04-18 | T60-M | 09:00:00 | 19:00:00 | 1.5 | 9.5 | 变更IR更新 | <- | <- | <- | 
| 2025-04-19 | T60-M |  |  |  |  |  | <- | <- | <- | 
| 2025-04-20 | T60-M |  |  |  |  |  | <- | <- | <- | 
| 2025-04-21 | T60-M | 09:00:00 | 22:00:00 | 4.5 | 12.5 | 	变更说明，DVP审核 | <- | <- | <- | 
| 2025-04-22 | T60-M | 09:00:00 | 22:00:00 | 4.5 | 12.5 | DVP审核 | <- | <- | <- | 
| 2025-04-23 | T60-M | 09:00:00 | 21:00:00 | 3.5 | 11.5 | 变更数据整理，BOM更新 | <- | <- | <- | 
| 2025-04-24 | T60-M | 09:00:00 | 21:30:00 | 4.0 | 12.0 | 质量质心更新 | <- | <- | <- | 
| 2025-04-25 | T60-M | 09:00:00 | 20:00:00 | 2.5 | 10.5 | 变更数据更新，问题清单跟踪 | <- | <- | <- | 
| 2025-04-26 | T60-M |  |  |  |  |  | <- | <- | <- | 
| 2025-04-27 | T60-M | 09:00:00 | 21:00:00 | 3.5 | 11.5 | IR更新 | <- | <- | <- | 
| 2025-04-28 | T60-M | 09:00:00 | 21:30:00 | 4.0 | 12.0 | 数据跟踪优化，断面确认 | <- | <- | <- | 
| 2025-04-29 | T60-M | 09:00:00 | 19:30:00 | 2.0 | 10.0 | 样件数据跟踪，设变整理 | <- | <- | <- | 
| 2025-04-30 | T60-M | 09:00:00 | 17:30:00 | 0.0 | 8.0 | 	设变发放，数据更新 | <- | <- | <- | 
| 2025-05-01 |  |  |  |  |  |  | <- | <- | <- | 
| 工时统计 | 项目名称 | 项目编号 | 加班 | <- | 工时 | 项目工程师签字 | <- | <- | <- | 
| ^ | T60-M |  | 83.0 | <- | 259.0 |  | <- | <- | <- | 
| ^ |  |  |  | <- |  |  | <- | <- | <- | 
| ^ |  |  |  | <- |  |  | <- | <- | <- | 
| ^ |  |  |  | <- |  |  | <- | <- | <- | 
| 总计工时 | 259.00 | <- | 经理签字： | <- | <- |  | <- | <- | <- | 


## 工作表: Sheet1

| A | B | C | D | E | F | 
|  --- | --- | --- | --- | --- | --- |
|  |  |  | 一年调整一次，请勿随意删除 | <- | <- | 
|  |  |  | 2025 | <- | <- | 
| 年 | 月 |  | 节假日 | 调休加班日 |  | 
| 1905-07-17 | 4 |  | 45658 | 45683 |  | 
|  |  |  | 45685 | 45696 |  | 
|  |  |  | 45686 | 45774 |  | 
|  |  |  | 45687 | 45928 |  | 
|  |  |  | 45688 | 45941 |  | 
|  |  |  | 45689 |  |  | 
|  |  |  | 45690 |  |  | 
|  |  |  | 45691 |  |  | 
|  |  |  | 45692 |  |  | 
|  |  |  | 45751 |  |  | 
|  |  |  | 45752 |  |  | 
|  |  |  | 45753 |  |  | 
|  |  |  | 45778 |  |  | 
|  |  |  | 45779 |  |  | 
|  |  |  | 45780 |  |  | 
|  |  |  | 45781 |  |  | 
|  |  |  | 45782 |  |  | 
|  |  |  | 45808 |  |  | 
|  |  |  | 45809 |  |  | 
|  |  |  | 45810 |  |  | 
|  |  |  | 45931 |  |  | 
|  |  |  | 45932 |  |  | 
|  |  |  | 45933 |  |  | 
|  |  |  | 45934 |  |  | 
|  |  |  | 45935 |  |  | 
|  |  |  | 45936 |  |  | 
|  |  |  | 45937 |  |  | 
|  |  |  | 45938 |  |  | 



2025-05-20 10:55:27,466 - INFO - 请求成功，状态码: 200
2025-05-20 10:55:27,467 - INFO - 模型返回：
{"T60-M":{"overtime_hours":83.0,"total_hours":259.0}}

2025-05-20 10:55:27,467 - INFO - 源数据表中的工时汇总数据：{'T60-M': {'overtime_hours': 83.0, 'total_hours': 259.0}}
2025-05-20 10:55:27,468 - INFO - 文件处理进度：5 / 10
2025-05-20 10:55:27,468 - INFO - 开始处理工时文件：D:/sotos工作资料/test/4\王俊豪工时表-重庆安道拓-2025年04月.xlsx
2025-05-20 10:55:27,599 - INFO - Excel表格提取文本：
## 工作表: xxx

| A | B | C | D | E | F | G | H | I | J | 
|  --- | --- | --- | --- | --- | --- | --- | --- | --- | --- |
| 重庆延锋安道拓 | <- | 上海睿励信息技术有限公司 工时记录表 | <- | <- | <- | <- | <- | <- | <- | 
| ^ | ^<- | 供应商 |  | <- | <- | <- | <- | <- | <- | 
| 工程师 | 王俊豪 | <- | 负责人 | 李明伟 | 电话 | 15826121365 | <- | <- | <- | 
| 日期 | 项目名称 | 开始工作时间 | 工作结束时间 | 加班时间 | 总工作时间 | 备注 | <- | <- | <- | 
| 2025-04-01 | E518 | 08:30:00 | 20:00:00 | 3.0 | 11.0 | 数据优化 | <- | <- | <- | 
| 2025-04-02 | E518 | 08:30:00 | 21:30:00 | 4.5 | 12.5 | 数据优化 | <- | <- | <- | 
| 2025-04-03 | E518 | 08:30:00 | 19:00:00 | 2.0 | 10.0 | 数据优化 | <- | <- | <- | 
| 2025-04-04 |  |  |  |  |  |  | <- | <- | <- | 
| 2025-04-05 |  |  |  |  |  |  | <- | <- | <- | 
| 2025-04-06 | E518 | 09:00:00 | 21:00:00 | 11.5 | 11.5 | 数据优化 | <- | <- | <- | 
| 2025-04-07 | T88-M | 08:30:00 | 20:00:00 | 3.0 | 11.0 | 层级数据搭建，BOM制作 | <- | <- | <- | 
| 2025-04-08 | T88-M | 08:30:00 | 18:30:00 | 1.5 | 9.5 | 层级数据搭建，BOM制作 | <- | <- | <- | 
| 2025-04-09 | D21 | 08:30:00 | 20:00:00 | 3.0 | 11.0 | 2D图纸修改 | <- | <- | <- | 
| 2025-04-10 | D21 | 08:30:00 | 21:00:00 | 4.0 | 12.0 | 2D图纸修改 | <- | <- | <- | 
| 2025-04-11 | D21 | 08:30:00 | 19:30:00 | 2.5 | 10.5 | 2D图纸修改 | <- | <- | <- | 
| 2025-04-12 | D21 | 09:00:00 | 20:30:00 | 11.0 | 11.0 | 2D图纸修改 | <- | <- | <- | 
| 2025-04-13 | D21 | 09:00:00 | 18:00:00 | 8.5 | 8.5 | 2D图纸修改 | <- | <- | <- | 
| 2025-04-14 | D21 | 08:30:00 | 21:00:00 | 4.0 | 12.0 | 2D图纸修改，PLM数据上传 | <- | <- | <- | 
| 2025-04-15 | D21 | 08:30:00 | 20:30:00 | 3.5 | 11.5 | 2D图纸修改，PLM数据上传 | <- | <- | <- | 
| 2025-04-16 | D21 | 08:30:00 | 21:00:00 | 4.0 | 12.0 | 2D图纸修改，PLM数据上传 | <- | <- | <- | 
| 2025-04-17 | D21 | 08:30:00 | 22:00:00 | 5.0 | 13.0 | 2D图纸修改，PLM数据上传，发放数据 | <- | <- | <- | 
| 2025-04-18 | D21 | 08:30:00 | 21:30:00 | 4.5 | 12.5 | 2D图纸修改，PLM数据上传,发放数据 | <- | <- | <- | 
| 2025-04-19 | D21 | 12:30:00 | 17:30:00 | 4.5 | 4.5 | 图纸问题修改 | <- | <- | <- | 
| 2025-04-20 |  |  |  |  |  |  | <- | <- | <- | 
| 2025-04-21 | D21 | 08:30:00 | 19:00:00 | 2.0 | 10.0 | 发放数据 | <- | <- | <- | 
| 2025-04-22 | ES9-1 | 08:30:00 | 19:30:00 | 2.5 | 10.5 | 数据方案制作 | <- | <- | <- | 
| 2025-04-23 | D21 | 08:30:00 | 19:30:00 | 2.5 | 10.5 | 2D图纸修改，PLM数据上传 | <- | <- | <- | 
| 2025-04-24 | D21 | 08:30:00 | 17:00:00 | 0.0 | 8.0 | 2D图纸修改，PLM数据上传 | <- | <- | <- | 
| 2025-04-25 | E518 | 08:30:00 | 18:30:00 | 1.5 | 9.5 | 数据优化 | <- | <- | <- | 
| 2025-04-26 |  |  |  |  |  |  | <- | <- | <- | 
| 2025-04-27 | E518 | 08:30:00 | 18:00:00 | 1.0 | 9.0 | 数据优化 | <- | <- | <- | 
| 2025-04-28 | E518 | 08:30:00 | 20:00:00 | 3.0 | 11.0 | 数据优化，DMU更新 | <- | <- | <- | 
| 2025-04-29 | E518 | 08:30:00 | 20:00:00 | 3.0 | 11.0 | 数据优化 | <- | <- | <- | 
| 2025-04-30 | E518 | 08:30:00 | 17:00:00 | 0.0 | 8.0 | 数据优化 | <- | <- | <- | 
| 2025-05-01 |  |  |  |  |  |  | <- | <- | <- | 
| 工时统计 | 项目名称 | 项目编号 | 加班 | <- | 工时 | 项目工程师签字 | <- | <- | <- | 
| ^ | D21 |  | 59.0 | <- | 147.0 |  | <- | <- | <- | 
| ^ | E518 |  | 29.5 | <- | 93.5 |  | <- | <- | <- | 
| ^ | ES9-1 |  | 2.5 | <- | 10.5 |  | <- | <- | <- | 
| ^ | T88-M |  | 4.5 | <- | 20.5 |  | <- | <- | <- | 
| 总计工时 | 271.50 | <- | 经理签字： | <- | <- |  | <- | <- | <- | 


## 工作表: Sheet1

| A | B | C | D | E | F | 
|  --- | --- | --- | --- | --- | --- |
|  |  |  | 一年调整一次，请勿随意删除 | <- | <- | 
|  |  |  | 2025 | <- | <- | 
| 年 | 月 |  | 节假日 | 调休加班日 |  | 
| 1905-07-17 | 4 |  | 45658 | 45683 |  | 
|  |  |  | 45685 | 45696 |  | 
|  |  |  | 45686 | 45774 |  | 
|  |  |  | 45687 | 45928 |  | 
|  |  |  | 45688 | 45941 |  | 
|  |  |  | 45689 |  |  | 
|  |  |  | 45690 |  |  | 
|  |  |  | 45691 |  |  | 
|  |  |  | 45692 |  |  | 
|  |  |  | 45751 |  |  | 
|  |  |  | 45752 |  |  | 
|  |  |  | 45753 |  |  | 
|  |  |  | 45778 |  |  | 
|  |  |  | 45779 |  |  | 
|  |  |  | 45780 |  |  | 
|  |  |  | 45781 |  |  | 
|  |  |  | 45782 |  |  | 
|  |  |  | 45808 |  |  | 
|  |  |  | 45809 |  |  | 
|  |  |  | 45810 |  |  | 
|  |  |  | 45931 |  |  | 
|  |  |  | 45932 |  |  | 
|  |  |  | 45933 |  |  | 
|  |  |  | 45934 |  |  | 
|  |  |  | 45935 |  |  | 
|  |  |  | 45936 |  |  | 
|  |  |  | 45937 |  |  | 
|  |  |  | 45938 |  |  | 



2025-05-20 10:55:27,611 - INFO - 从表格文本中，提取员工姓名和公司名称...
2025-05-20 10:55:27,612 - INFO - 发送请求到模型API...
2025-05-20 10:55:27,612 - INFO - system_prompt：
你是一个专业的表格信息提取助手。用户会提供给你一份Excel工时表，已转换为Markdown格式。你需要提取出表格包含的员工姓名`employee_name`和公司名称`company_name`。以JSON格式输出结果，包含`employee_name`和`company_name`两个字段。如果无法提取到员工姓名和公司名称，请返回空字符串。

markdown格式的表格中合并单元格表示法：
   - "^" 符号表示该单元格与上方单元格合并（纵向合并）
   - "<-" 符号表示该单元格与左侧单元格合并（横向合并）
   - "^<-" 符号表示该单元格同时与上方和左侧单元格合并（纵横合并）

比如：{"employee_name":"张三", "company_name":"XXX公司"}
注意：直接返回结果，不要包含任何解释或说明。

2025-05-20 10:55:27,614 - INFO - user_prompt：## 工作表: xxx

| A | B | C | D | E | F | G | H | I | J | 
|  --- | --- | --- | --- | --- | --- | --- | --- | --- | --- |
| 重庆延锋安道拓 | <- | 上海睿励信息技术有限公司 工时记录表 | <- | <- | <- | <- | <- | <- | <- | 
| ^ | ^<- | 供应商 |  | <- | <- | <- | <- | <- | <- | 
| 工程师 | 王俊豪 | <- | 负责人 | 李明伟 | 电话 | 15826121365 | <- | <- | <- | 
| 日期 | 项目名称 | 开始工作时间 | 工作结束时间 | 加班时间 | 总工作时间 | 备注 | <- | <- | <- | 
| 2025-04-01 | E518 | 08:30:00 | 20:00:00 | 3.0 | 11.0 | 数据优化 | <- | <- | <- | 
| 2025-04-02 | E518 | 08:30:00 | 21:30:00 | 4.5 | 12.5 | 数据优化 | <- | <- | <- | 
| 2025-04-03 | E518 | 08:30:00 | 19:00:00 | 2.0 | 10.0 | 数据优化 | <- | <- | <- | 
| 2025-04-04 |  |  |  |  |  |  | <- | <- | <- | 
| 2025-04-05 |  |  |  |  |  |  | <- | <- | <- | 
| 2025-04-06 | E518 | 09:00:00 | 21:00:00 | 11.5 | 11.5 | 数据优化 | <- | <- | <- | 
| 2025-04-07 | T88-M | 08:30:00 | 20:00:00 | 3.0 | 11.0 | 层级数据搭建，BOM制作 | <- | <- | <- | 
| 2025-04-08 | T88-M | 08:30:00 | 18:30:00 | 1.5 | 9.5 | 层级数据搭建，BOM制作 | <- | <- | <- | 
| 2025-04-09 | D21 | 08:30:00 | 20:00:00 | 3.0 | 11.0 | 2D图纸修改 | <- | <- | <- | 
| 2025-04-10 | D21 | 08:30:00 | 21:00:00 | 4.0 | 12.0 | 2D图纸修改 | <- | <- | <- | 
| 2025-04-11 | D21 | 08:30:00 | 19:30:00 | 2.5 | 10.5 | 2D图纸修改 | <- | <- | <- | 
| 2025-04-12 | D21 | 09:00:00 | 20:30:00 | 11.0 | 11.0 | 2D图纸修改 | <- | <- | <- | 
| 2025-04-13 | D21 | 09:00:00 | 18:00:00 | 8.5 | 8.5 | 2D图纸修改 | <- | <- | <- | 
| 2025-04-14 | D21 | 08:30:00 | 21:00:00 | 4.0 | 12.0 | 2D图纸修改，PLM数据上传 | <- | <- | <- | 
| 2025-04-15 | D21 | 08:30:00 | 20:30:00 | 3.5 | 11.5 | 2D图纸修改，PLM数据上传 | <- | <- | <- | 
| 2025-04-16 | D21 | 08:30:00 | 21:00:00 | 4.0 | 12.0 | 2D图纸修改，PLM数据上传 | <- | <- | <- | 
| 2025-04-17 | D21 | 08:30:00 | 22:00:00 | 5.0 | 13.0 | 2D图纸修改，PLM数据上传，发放数据 | <- | <- | <- | 
| 2025-04-18 | D21 | 08:30:00 | 21:30:00 | 4.5 | 12.5 | 2D图纸修改，PLM数据上传,发放数据 | <- | <- | <- | 
| 2025-04-19 | D21 | 12:30:00 | 17:30:00 | 4.5 | 4.5 | 图纸问题修改 | <- | <- | <- | 
| 2025-04-20 |  |  |  |  |  |  | <- | <- | <- | 
| 2025-04-21 | D21 | 08:30:00 | 19:00:00 | 2.0 | 10.0 | 发放数据 | <- | <- | <- | 
| 2025-04-22 | ES9-1 | 08:30:00 | 19:30:00 | 2.5 | 10.5 | 数据方案制作 | <- | <- | <- | 
| 2025-04-23 | D21 | 08:30:00 | 19:30:00 | 2.5 | 10.5 | 2D图纸修改，PLM数据上传 | <- | <- | <- | 
| 2025-04-24 | D21 | 08:30:00 | 17:00:00 | 0.0 | 8.0 | 2D图纸修改，PLM数据上传 | <- | <- | <- | 
| 2025-04-25 | E518 | 08:30:00 | 18:30:00 | 1.5 | 9.5 | 数据优化 | <- | <- | <- | 
| 2025-04-26 |  |  |  |  |  |  | <- | <- | <- | 
| 2025-04-27 | E518 | 08:30:00 | 18:00:00 | 1.0 | 9.0 | 数据优化 | <- | <- | <- | 
| 2025-04-28 | E518 | 08:30:00 | 20:00:00 | 3.0 | 11.0 | 数据优化，DMU更新 | <- | <- | <- | 
| 2025-04-29 | E518 | 08:30:00 | 20:00:00 | 3.0 | 11.0 | 数据优化 | <- | <- | <- | 
| 2025-04-30 | E518 | 08:30:00 | 17:00:00 | 0.0 | 8.0 | 数据优化 | <- | <- | <- | 
| 2025-05-01 |  |  |  |  |  |  | <- | <- | <- | 
| 工时统计 | 项目名称 | 项目编号 | 加班 | <- | 工时 | 项目工程师签字 | <- | <- | <- | 
| ^ | D21 |  | 59.0 | <- | 147.0 |  | <- | <- | <- | 
| ^ | E518 |  | 29.5 | <- | 93.5 |  | <- | <- | <- | 
| ^ | ES9-1 |  | 2.5 | <- | 10.5 |  | <- | <- | <- | 
| ^ | T88-M |  | 4.5 | <- | 20.5 |  | <- | <- | <- | 
| 总计工时 | 271.50 | <- | 经理签字： | <- | <- |  | <- | <- | <- | 


## 工作表: Sheet1

| A | B | C | D | E | F | 
|  --- | --- | --- | --- | --- | --- |
|  |  |  | 一年调整一次，请勿随意删除 | <- | <- | 
|  |  |  | 2025 | <- | <- | 
| 年 | 月 |  | 节假日 | 调休加班日 |  | 
| 1905-07-17 | 4 |  | 45658 | 45683 |  | 
|  |  |  | 45685 | 45696 |  | 
|  |  |  | 45686 | 45774 |  | 
|  |  |  | 45687 | 45928 |  | 
|  |  |  | 45688 | 45941 |  | 
|  |  |  | 45689 |  |  | 
|  |  |  | 45690 |  |  | 
|  |  |  | 45691 |  |  | 
|  |  |  | 45692 |  |  | 
|  |  |  | 45751 |  |  | 
|  |  |  | 45752 |  |  | 
|  |  |  | 45753 |  |  | 
|  |  |  | 45778 |  |  | 
|  |  |  | 45779 |  |  | 
|  |  |  | 45780 |  |  | 
|  |  |  | 45781 |  |  | 
|  |  |  | 45782 |  |  | 
|  |  |  | 45808 |  |  | 
|  |  |  | 45809 |  |  | 
|  |  |  | 45810 |  |  | 
|  |  |  | 45931 |  |  | 
|  |  |  | 45932 |  |  | 
|  |  |  | 45933 |  |  | 
|  |  |  | 45934 |  |  | 
|  |  |  | 45935 |  |  | 
|  |  |  | 45936 |  |  | 
|  |  |  | 45937 |  |  | 
|  |  |  | 45938 |  |  | 



2025-05-20 10:55:30,175 - INFO - 请求成功，状态码: 200
2025-05-20 10:55:30,177 - INFO - 模型返回：{"employee_name":"王俊豪", "company_name":"上海睿励信息技术有限公司"}

2025-05-20 10:55:30,177 - INFO - 解析模型返回：
 - 员工姓名：王俊豪,  - 公司名称：上海睿励信息技术有限公司
2025-05-20 10:55:30,178 - INFO - 

从表格文本中，提取汇总数据...
2025-05-20 10:55:30,178 - INFO - 发送请求到模型API...
2025-05-20 10:55:30,179 - INFO - system_prompt：
你是一个专业的工时数据提取助手。用户会提供给你一份Excel工时表，已转换为Markdown格式。你需要提取出表格中的按照项目做统计的工时汇总数据。将提取结果以JSON格式输出。以项目名称作为key为项目名称，value为包含加班和工时的字典。

markdown格式的表格中合并单元格表示法：
   - "^" 符号表示该单元格与上方单元格合并（纵向合并）
   - "<-" 符号表示该单元格与左侧单元格合并（横向合并）
   - "^<-" 符号表示该单元格同时与上方和左侧单元格合并（纵横合并）

你可以按照以下步骤进行分析：
1. 首先，定位表格中工时统计汇总数据，通常在表格的下方。
2. 读取工时统计汇总数据，包含项目名称、项目编号、加班、工时等。项目编号可能为空。
3. 整理所有数据，以JSON格式输。key为项目名称，value为包含加班`overtime_hours`和工时`total_hours`的字典。

注意：
1.直接返回结果，不要包含任何解释或说明。
2.输出结果必须严格按照无语法错误的JSON格式输出，不能有任何其他格式。

以JSON格式输出结果，示例输出如下：
示例1：
{"D11":{"overtime_hours":20,"total_hours":120}, "A12":{"overtime_hours":6,"total_hours":14}, "B13":{"overtime_hours":1,"total_hours":10}}
示例2：
{"D11":{"overtime_hours":20,"total_hours":120}, "A12":{"overtime_hours":6,"total_hours":14}}

2025-05-20 10:55:30,183 - INFO - user_prompt：## 工作表: xxx

| A | B | C | D | E | F | G | H | I | J | 
|  --- | --- | --- | --- | --- | --- | --- | --- | --- | --- |
| 重庆延锋安道拓 | <- | 上海睿励信息技术有限公司 工时记录表 | <- | <- | <- | <- | <- | <- | <- | 
| ^ | ^<- | 供应商 |  | <- | <- | <- | <- | <- | <- | 
| 工程师 | 王俊豪 | <- | 负责人 | 李明伟 | 电话 | 15826121365 | <- | <- | <- | 
| 日期 | 项目名称 | 开始工作时间 | 工作结束时间 | 加班时间 | 总工作时间 | 备注 | <- | <- | <- | 
| 2025-04-01 | E518 | 08:30:00 | 20:00:00 | 3.0 | 11.0 | 数据优化 | <- | <- | <- | 
| 2025-04-02 | E518 | 08:30:00 | 21:30:00 | 4.5 | 12.5 | 数据优化 | <- | <- | <- | 
| 2025-04-03 | E518 | 08:30:00 | 19:00:00 | 2.0 | 10.0 | 数据优化 | <- | <- | <- | 
| 2025-04-04 |  |  |  |  |  |  | <- | <- | <- | 
| 2025-04-05 |  |  |  |  |  |  | <- | <- | <- | 
| 2025-04-06 | E518 | 09:00:00 | 21:00:00 | 11.5 | 11.5 | 数据优化 | <- | <- | <- | 
| 2025-04-07 | T88-M | 08:30:00 | 20:00:00 | 3.0 | 11.0 | 层级数据搭建，BOM制作 | <- | <- | <- | 
| 2025-04-08 | T88-M | 08:30:00 | 18:30:00 | 1.5 | 9.5 | 层级数据搭建，BOM制作 | <- | <- | <- | 
| 2025-04-09 | D21 | 08:30:00 | 20:00:00 | 3.0 | 11.0 | 2D图纸修改 | <- | <- | <- | 
| 2025-04-10 | D21 | 08:30:00 | 21:00:00 | 4.0 | 12.0 | 2D图纸修改 | <- | <- | <- | 
| 2025-04-11 | D21 | 08:30:00 | 19:30:00 | 2.5 | 10.5 | 2D图纸修改 | <- | <- | <- | 
| 2025-04-12 | D21 | 09:00:00 | 20:30:00 | 11.0 | 11.0 | 2D图纸修改 | <- | <- | <- | 
| 2025-04-13 | D21 | 09:00:00 | 18:00:00 | 8.5 | 8.5 | 2D图纸修改 | <- | <- | <- | 
| 2025-04-14 | D21 | 08:30:00 | 21:00:00 | 4.0 | 12.0 | 2D图纸修改，PLM数据上传 | <- | <- | <- | 
| 2025-04-15 | D21 | 08:30:00 | 20:30:00 | 3.5 | 11.5 | 2D图纸修改，PLM数据上传 | <- | <- | <- | 
| 2025-04-16 | D21 | 08:30:00 | 21:00:00 | 4.0 | 12.0 | 2D图纸修改，PLM数据上传 | <- | <- | <- | 
| 2025-04-17 | D21 | 08:30:00 | 22:00:00 | 5.0 | 13.0 | 2D图纸修改，PLM数据上传，发放数据 | <- | <- | <- | 
| 2025-04-18 | D21 | 08:30:00 | 21:30:00 | 4.5 | 12.5 | 2D图纸修改，PLM数据上传,发放数据 | <- | <- | <- | 
| 2025-04-19 | D21 | 12:30:00 | 17:30:00 | 4.5 | 4.5 | 图纸问题修改 | <- | <- | <- | 
| 2025-04-20 |  |  |  |  |  |  | <- | <- | <- | 
| 2025-04-21 | D21 | 08:30:00 | 19:00:00 | 2.0 | 10.0 | 发放数据 | <- | <- | <- | 
| 2025-04-22 | ES9-1 | 08:30:00 | 19:30:00 | 2.5 | 10.5 | 数据方案制作 | <- | <- | <- | 
| 2025-04-23 | D21 | 08:30:00 | 19:30:00 | 2.5 | 10.5 | 2D图纸修改，PLM数据上传 | <- | <- | <- | 
| 2025-04-24 | D21 | 08:30:00 | 17:00:00 | 0.0 | 8.0 | 2D图纸修改，PLM数据上传 | <- | <- | <- | 
| 2025-04-25 | E518 | 08:30:00 | 18:30:00 | 1.5 | 9.5 | 数据优化 | <- | <- | <- | 
| 2025-04-26 |  |  |  |  |  |  | <- | <- | <- | 
| 2025-04-27 | E518 | 08:30:00 | 18:00:00 | 1.0 | 9.0 | 数据优化 | <- | <- | <- | 
| 2025-04-28 | E518 | 08:30:00 | 20:00:00 | 3.0 | 11.0 | 数据优化，DMU更新 | <- | <- | <- | 
| 2025-04-29 | E518 | 08:30:00 | 20:00:00 | 3.0 | 11.0 | 数据优化 | <- | <- | <- | 
| 2025-04-30 | E518 | 08:30:00 | 17:00:00 | 0.0 | 8.0 | 数据优化 | <- | <- | <- | 
| 2025-05-01 |  |  |  |  |  |  | <- | <- | <- | 
| 工时统计 | 项目名称 | 项目编号 | 加班 | <- | 工时 | 项目工程师签字 | <- | <- | <- | 
| ^ | D21 |  | 59.0 | <- | 147.0 |  | <- | <- | <- | 
| ^ | E518 |  | 29.5 | <- | 93.5 |  | <- | <- | <- | 
| ^ | ES9-1 |  | 2.5 | <- | 10.5 |  | <- | <- | <- | 
| ^ | T88-M |  | 4.5 | <- | 20.5 |  | <- | <- | <- | 
| 总计工时 | 271.50 | <- | 经理签字： | <- | <- |  | <- | <- | <- | 


## 工作表: Sheet1

| A | B | C | D | E | F | 
|  --- | --- | --- | --- | --- | --- |
|  |  |  | 一年调整一次，请勿随意删除 | <- | <- | 
|  |  |  | 2025 | <- | <- | 
| 年 | 月 |  | 节假日 | 调休加班日 |  | 
| 1905-07-17 | 4 |  | 45658 | 45683 |  | 
|  |  |  | 45685 | 45696 |  | 
|  |  |  | 45686 | 45774 |  | 
|  |  |  | 45687 | 45928 |  | 
|  |  |  | 45688 | 45941 |  | 
|  |  |  | 45689 |  |  | 
|  |  |  | 45690 |  |  | 
|  |  |  | 45691 |  |  | 
|  |  |  | 45692 |  |  | 
|  |  |  | 45751 |  |  | 
|  |  |  | 45752 |  |  | 
|  |  |  | 45753 |  |  | 
|  |  |  | 45778 |  |  | 
|  |  |  | 45779 |  |  | 
|  |  |  | 45780 |  |  | 
|  |  |  | 45781 |  |  | 
|  |  |  | 45782 |  |  | 
|  |  |  | 45808 |  |  | 
|  |  |  | 45809 |  |  | 
|  |  |  | 45810 |  |  | 
|  |  |  | 45931 |  |  | 
|  |  |  | 45932 |  |  | 
|  |  |  | 45933 |  |  | 
|  |  |  | 45934 |  |  | 
|  |  |  | 45935 |  |  | 
|  |  |  | 45936 |  |  | 
|  |  |  | 45937 |  |  | 
|  |  |  | 45938 |  |  | 



2025-05-20 10:55:33,303 - INFO - 请求成功，状态码: 200
2025-05-20 10:55:33,304 - INFO - 模型返回：
{"D21":{"overtime_hours":59.0,"total_hours":147.0}, "E518":{"overtime_hours":29.5,"total_hours":93.5}, "ES9-1":{"overtime_hours":2.5,"total_hours":10.5}, "T88-M":{"overtime_hours":4.5,"total_hours":20.5}}

2025-05-20 10:55:33,305 - INFO - 源数据表中的工时汇总数据：{'D21': {'overtime_hours': 59.0, 'total_hours': 147.0}, 'E518': {'overtime_hours': 29.5, 'total_hours': 93.5}, 'ES9-1': {'overtime_hours': 2.5, 'total_hours': 10.5}, 'T88-M': {'overtime_hours': 4.5, 'total_hours': 20.5}}
2025-05-20 10:55:33,305 - INFO - 文件处理进度：6 / 10
2025-05-20 10:55:33,306 - INFO - 开始处理工时文件：D:/sotos工作资料/test/4\王刚工时表-重庆安道拓-2025年04月.xlsx
2025-05-20 10:55:33,412 - INFO - Excel表格提取文本：
## 工作表: xxx

| A | B | C | D | E | F | G | H | I | J | 
|  --- | --- | --- | --- | --- | --- | --- | --- | --- | --- |
| 重庆延锋安道拓 | <- | 上海睿励信息技术有限公司 工时记录表 | <- | <- | <- | <- | <- | <- | <- | 
| ^ | ^<- | 供应商 |  | <- | <- | <- | <- | <- | <- | 
| 工程师 | 王刚 | <- | 负责人 | 何文松 | 电话 | 18725780544 | <- | <- | <- | 
| 日期 | 项目名称 | 开始工作时间 | 工作结束时间 | 加班时间 | 总工作时间 | 备注 | <- | <- | <- | 
| 2025-04-01 | Blanc | 09:00:00 | 21:00:00 | 3.5 | 11.5 | 中排4.6数据管理 | <- | <- | <- | 
| 2025-04-02 | Blanc | 09:00:00 | 21:00:00 | 3.5 | 11.5 | 中排4.6数据管理 | <- | <- | <- | 
| 2025-04-03 | Blanc | 09:00:00 | 18:30:00 | 1.0 | 9.0 | 中排4.6数据管理 | <- | <- | <- | 
| 2025-04-04 |  |  |  |  |  |  | <- | <- | <- | 
| 2025-04-05 |  |  |  |  |  |  | <- | <- | <- | 
| 2025-04-06 |  |  |  |  |  |  | <- | <- | <- | 
| 2025-04-07 | Blanc | 09:00:00 | 21:30:00 | 4.0 | 12.0 | 中排4.6数据管理 | <- | <- | <- | 
| 2025-04-08 | Blanc | 09:00:00 | 21:00:00 | 3.5 | 11.5 | 中排4.6数据管理 | <- | <- | <- | 
| 2025-04-09 | Blanc | 09:00:00 | 21:00:00 | 3.5 | 11.5 | 中排4.6数据管理 | <- | <- | <- | 
| 2025-04-10 | Blanc | 09:00:00 | 20:30:00 | 3.0 | 11.0 | 中排4.6数据管理 | <- | <- | <- | 
| 2025-04-11 | Blanc | 09:00:00 | 19:00:00 | 1.5 | 9.5 | 中排4.6数据管理 | <- | <- | <- | 
| 2025-04-12 |  |  |  |  |  |  | <- | <- | <- | 
| 2025-04-13 |  |  |  |  |  |  | <- | <- | <- | 
| 2025-04-14 | Blanc | 09:00:00 | 21:00:00 | 3.5 | 11.5 | 中排4.6数据管理 | <- | <- | <- | 
| 2025-04-15 | Blanc | 08:30:00 | 19:00:00 | 2.0 | 10.0 | 中排4.6数据管理 | <- | <- | <- | 
| 2025-04-16 | Blanc | 09:00:00 | 20:30:00 | 3.0 | 11.0 | 中排4.6数据管理 | <- | <- | <- | 
| 2025-04-17 | Blanc | 09:00:00 | 19:00:00 | 1.5 | 9.5 | 中排4.6数据管理 | <- | <- | <- | 
| 2025-04-18 | Blanc |  |  |  |  | 年休假 | <- | <- | <- | 
| 2025-04-19 |  |  |  |  |  |  | <- | <- | <- | 
| 2025-04-20 |  |  |  |  |  |  | <- | <- | <- | 
| 2025-04-21 | Blanc | 09:00:00 | 20:30:00 | 3.0 | 11.0 | 中排4.6数据管理 | <- | <- | <- | 
| 2025-04-22 | Blanc | 09:00:00 | 21:00:00 | 3.5 | 11.5 | 中排4.6数据管理 | <- | <- | <- | 
| 2025-04-23 | Blanc | 09:00:00 | 20:00:00 | 2.5 | 10.5 | 中排4.6数据管理 | <- | <- | <- | 
| 2025-04-24 | Blanc | 09:00:00 | 21:00:00 | 3.5 | 11.5 | 中排4.6数据管理 | <- | <- | <- | 
| 2025-04-25 | Blanc | 09:00:00 | 19:00:00 | 1.5 | 9.5 | 中排4.6数据管理 | <- | <- | <- | 
| 2025-04-26 |  |  |  |  |  |  | <- | <- | <- | 
| 2025-04-27 | Blanc | 09:00:00 | 19:30:00 | 2.0 | 10.0 | 中排4.6数据管理 | <- | <- | <- | 
| 2025-04-28 | Blanc | 09:00:00 | 20:00:00 | 2.5 | 10.5 | 中排4.6数据管理 | <- | <- | <- | 
| 2025-04-29 | Blanc | 09:00:00 | 20:00:00 | 2.5 | 10.5 | 中排4.6数据管理 | <- | <- | <- | 
| 2025-04-30 | Blanc | 08:30:00 | 17:30:00 | 0.5 | 8.5 | 中排4.6数据管理 | <- | <- | <- | 
| 工时统计 | 项目名称 | 项目编号 | 加班 | <- | 工时 | 项目工程师签字 | <- | <- | <- | 
| ^ | Blanc |  | 55.0 | <- | 223.0 |  | <- | <- | <- | 
| ^ |  |  |  | <- |  |  | <- | <- | <- | 
| ^ |  |  |  | <- |  |  | <- | <- | <- | 
| ^ |  |  |  | <- |  |  | <- | <- | <- | 
| 总计工时 | 223.00 | <- | 经理签字： | <- | <- |  | <- | <- | <- | 


## 工作表: Sheet1

| A | B | C | D | E | F | 
|  --- | --- | --- | --- | --- | --- |
|  |  |  | 一年调整一次，请勿随意删除 | <- | <- | 
|  |  |  | 2025 | <- | <- | 
| 年 | 月 |  | 节假日 | 调休加班日 |  | 
| 1905-07-17 | 4 |  | 45658 | 45683 |  | 
|  |  |  | 45685 | 45696 |  | 
|  |  |  | 45686 | 45774 |  | 
|  |  |  | 45687 | 45928 |  | 
|  |  |  | 45688 | 45941 |  | 
|  |  |  | 45689 |  |  | 
|  |  |  | 45690 |  |  | 
|  |  |  | 45691 |  |  | 
|  |  |  | 45692 |  |  | 
|  |  |  | 45751 |  |  | 
|  |  |  | 45752 |  |  | 
|  |  |  | 45753 |  |  | 
|  |  |  | 45778 |  |  | 
|  |  |  | 45779 |  |  | 
|  |  |  | 45780 |  |  | 
|  |  |  | 45781 |  |  | 
|  |  |  | 45782 |  |  | 
|  |  |  | 45808 |  |  | 
|  |  |  | 45809 |  |  | 
|  |  |  | 45810 |  |  | 
|  |  |  | 45931 |  |  | 
|  |  |  | 45932 |  |  | 
|  |  |  | 45933 |  |  | 
|  |  |  | 45934 |  |  | 
|  |  |  | 45935 |  |  | 
|  |  |  | 45936 |  |  | 
|  |  |  | 45937 |  |  | 
|  |  |  | 45938 |  |  | 



2025-05-20 10:55:33,421 - INFO - 从表格文本中，提取员工姓名和公司名称...
2025-05-20 10:55:33,421 - INFO - 发送请求到模型API...
2025-05-20 10:55:33,422 - INFO - system_prompt：
你是一个专业的表格信息提取助手。用户会提供给你一份Excel工时表，已转换为Markdown格式。你需要提取出表格包含的员工姓名`employee_name`和公司名称`company_name`。以JSON格式输出结果，包含`employee_name`和`company_name`两个字段。如果无法提取到员工姓名和公司名称，请返回空字符串。

markdown格式的表格中合并单元格表示法：
   - "^" 符号表示该单元格与上方单元格合并（纵向合并）
   - "<-" 符号表示该单元格与左侧单元格合并（横向合并）
   - "^<-" 符号表示该单元格同时与上方和左侧单元格合并（纵横合并）

比如：{"employee_name":"张三", "company_name":"XXX公司"}
注意：直接返回结果，不要包含任何解释或说明。

2025-05-20 10:55:33,423 - INFO - user_prompt：## 工作表: xxx

| A | B | C | D | E | F | G | H | I | J | 
|  --- | --- | --- | --- | --- | --- | --- | --- | --- | --- |
| 重庆延锋安道拓 | <- | 上海睿励信息技术有限公司 工时记录表 | <- | <- | <- | <- | <- | <- | <- | 
| ^ | ^<- | 供应商 |  | <- | <- | <- | <- | <- | <- | 
| 工程师 | 王刚 | <- | 负责人 | 何文松 | 电话 | 18725780544 | <- | <- | <- | 
| 日期 | 项目名称 | 开始工作时间 | 工作结束时间 | 加班时间 | 总工作时间 | 备注 | <- | <- | <- | 
| 2025-04-01 | Blanc | 09:00:00 | 21:00:00 | 3.5 | 11.5 | 中排4.6数据管理 | <- | <- | <- | 
| 2025-04-02 | Blanc | 09:00:00 | 21:00:00 | 3.5 | 11.5 | 中排4.6数据管理 | <- | <- | <- | 
| 2025-04-03 | Blanc | 09:00:00 | 18:30:00 | 1.0 | 9.0 | 中排4.6数据管理 | <- | <- | <- | 
| 2025-04-04 |  |  |  |  |  |  | <- | <- | <- | 
| 2025-04-05 |  |  |  |  |  |  | <- | <- | <- | 
| 2025-04-06 |  |  |  |  |  |  | <- | <- | <- | 
| 2025-04-07 | Blanc | 09:00:00 | 21:30:00 | 4.0 | 12.0 | 中排4.6数据管理 | <- | <- | <- | 
| 2025-04-08 | Blanc | 09:00:00 | 21:00:00 | 3.5 | 11.5 | 中排4.6数据管理 | <- | <- | <- | 
| 2025-04-09 | Blanc | 09:00:00 | 21:00:00 | 3.5 | 11.5 | 中排4.6数据管理 | <- | <- | <- | 
| 2025-04-10 | Blanc | 09:00:00 | 20:30:00 | 3.0 | 11.0 | 中排4.6数据管理 | <- | <- | <- | 
| 2025-04-11 | Blanc | 09:00:00 | 19:00:00 | 1.5 | 9.5 | 中排4.6数据管理 | <- | <- | <- | 
| 2025-04-12 |  |  |  |  |  |  | <- | <- | <- | 
| 2025-04-13 |  |  |  |  |  |  | <- | <- | <- | 
| 2025-04-14 | Blanc | 09:00:00 | 21:00:00 | 3.5 | 11.5 | 中排4.6数据管理 | <- | <- | <- | 
| 2025-04-15 | Blanc | 08:30:00 | 19:00:00 | 2.0 | 10.0 | 中排4.6数据管理 | <- | <- | <- | 
| 2025-04-16 | Blanc | 09:00:00 | 20:30:00 | 3.0 | 11.0 | 中排4.6数据管理 | <- | <- | <- | 
| 2025-04-17 | Blanc | 09:00:00 | 19:00:00 | 1.5 | 9.5 | 中排4.6数据管理 | <- | <- | <- | 
| 2025-04-18 | Blanc |  |  |  |  | 年休假 | <- | <- | <- | 
| 2025-04-19 |  |  |  |  |  |  | <- | <- | <- | 
| 2025-04-20 |  |  |  |  |  |  | <- | <- | <- | 
| 2025-04-21 | Blanc | 09:00:00 | 20:30:00 | 3.0 | 11.0 | 中排4.6数据管理 | <- | <- | <- | 
| 2025-04-22 | Blanc | 09:00:00 | 21:00:00 | 3.5 | 11.5 | 中排4.6数据管理 | <- | <- | <- | 
| 2025-04-23 | Blanc | 09:00:00 | 20:00:00 | 2.5 | 10.5 | 中排4.6数据管理 | <- | <- | <- | 
| 2025-04-24 | Blanc | 09:00:00 | 21:00:00 | 3.5 | 11.5 | 中排4.6数据管理 | <- | <- | <- | 
| 2025-04-25 | Blanc | 09:00:00 | 19:00:00 | 1.5 | 9.5 | 中排4.6数据管理 | <- | <- | <- | 
| 2025-04-26 |  |  |  |  |  |  | <- | <- | <- | 
| 2025-04-27 | Blanc | 09:00:00 | 19:30:00 | 2.0 | 10.0 | 中排4.6数据管理 | <- | <- | <- | 
| 2025-04-28 | Blanc | 09:00:00 | 20:00:00 | 2.5 | 10.5 | 中排4.6数据管理 | <- | <- | <- | 
| 2025-04-29 | Blanc | 09:00:00 | 20:00:00 | 2.5 | 10.5 | 中排4.6数据管理 | <- | <- | <- | 
| 2025-04-30 | Blanc | 08:30:00 | 17:30:00 | 0.5 | 8.5 | 中排4.6数据管理 | <- | <- | <- | 
| 工时统计 | 项目名称 | 项目编号 | 加班 | <- | 工时 | 项目工程师签字 | <- | <- | <- | 
| ^ | Blanc |  | 55.0 | <- | 223.0 |  | <- | <- | <- | 
| ^ |  |  |  | <- |  |  | <- | <- | <- | 
| ^ |  |  |  | <- |  |  | <- | <- | <- | 
| ^ |  |  |  | <- |  |  | <- | <- | <- | 
| 总计工时 | 223.00 | <- | 经理签字： | <- | <- |  | <- | <- | <- | 


## 工作表: Sheet1

| A | B | C | D | E | F | 
|  --- | --- | --- | --- | --- | --- |
|  |  |  | 一年调整一次，请勿随意删除 | <- | <- | 
|  |  |  | 2025 | <- | <- | 
| 年 | 月 |  | 节假日 | 调休加班日 |  | 
| 1905-07-17 | 4 |  | 45658 | 45683 |  | 
|  |  |  | 45685 | 45696 |  | 
|  |  |  | 45686 | 45774 |  | 
|  |  |  | 45687 | 45928 |  | 
|  |  |  | 45688 | 45941 |  | 
|  |  |  | 45689 |  |  | 
|  |  |  | 45690 |  |  | 
|  |  |  | 45691 |  |  | 
|  |  |  | 45692 |  |  | 
|  |  |  | 45751 |  |  | 
|  |  |  | 45752 |  |  | 
|  |  |  | 45753 |  |  | 
|  |  |  | 45778 |  |  | 
|  |  |  | 45779 |  |  | 
|  |  |  | 45780 |  |  | 
|  |  |  | 45781 |  |  | 
|  |  |  | 45782 |  |  | 
|  |  |  | 45808 |  |  | 
|  |  |  | 45809 |  |  | 
|  |  |  | 45810 |  |  | 
|  |  |  | 45931 |  |  | 
|  |  |  | 45932 |  |  | 
|  |  |  | 45933 |  |  | 
|  |  |  | 45934 |  |  | 
|  |  |  | 45935 |  |  | 
|  |  |  | 45936 |  |  | 
|  |  |  | 45937 |  |  | 
|  |  |  | 45938 |  |  | 



2025-05-20 10:55:35,097 - INFO - 请求成功，状态码: 200
2025-05-20 10:55:35,098 - INFO - 模型返回：{"employee_name":"王刚", "company_name":"上海睿励信息技术有限公司"}

2025-05-20 10:55:35,098 - INFO - 解析模型返回：
 - 员工姓名：王刚,  - 公司名称：上海睿励信息技术有限公司
2025-05-20 10:55:35,099 - INFO - 

从表格文本中，提取汇总数据...
2025-05-20 10:55:35,099 - INFO - 发送请求到模型API...
2025-05-20 10:55:35,100 - INFO - system_prompt：
你是一个专业的工时数据提取助手。用户会提供给你一份Excel工时表，已转换为Markdown格式。你需要提取出表格中的按照项目做统计的工时汇总数据。将提取结果以JSON格式输出。以项目名称作为key为项目名称，value为包含加班和工时的字典。

markdown格式的表格中合并单元格表示法：
   - "^" 符号表示该单元格与上方单元格合并（纵向合并）
   - "<-" 符号表示该单元格与左侧单元格合并（横向合并）
   - "^<-" 符号表示该单元格同时与上方和左侧单元格合并（纵横合并）

你可以按照以下步骤进行分析：
1. 首先，定位表格中工时统计汇总数据，通常在表格的下方。
2. 读取工时统计汇总数据，包含项目名称、项目编号、加班、工时等。项目编号可能为空。
3. 整理所有数据，以JSON格式输。key为项目名称，value为包含加班`overtime_hours`和工时`total_hours`的字典。

注意：
1.直接返回结果，不要包含任何解释或说明。
2.输出结果必须严格按照无语法错误的JSON格式输出，不能有任何其他格式。

以JSON格式输出结果，示例输出如下：
示例1：
{"D11":{"overtime_hours":20,"total_hours":120}, "A12":{"overtime_hours":6,"total_hours":14}, "B13":{"overtime_hours":1,"total_hours":10}}
示例2：
{"D11":{"overtime_hours":20,"total_hours":120}, "A12":{"overtime_hours":6,"total_hours":14}}

2025-05-20 10:55:35,102 - INFO - user_prompt：## 工作表: xxx

| A | B | C | D | E | F | G | H | I | J | 
|  --- | --- | --- | --- | --- | --- | --- | --- | --- | --- |
| 重庆延锋安道拓 | <- | 上海睿励信息技术有限公司 工时记录表 | <- | <- | <- | <- | <- | <- | <- | 
| ^ | ^<- | 供应商 |  | <- | <- | <- | <- | <- | <- | 
| 工程师 | 王刚 | <- | 负责人 | 何文松 | 电话 | 18725780544 | <- | <- | <- | 
| 日期 | 项目名称 | 开始工作时间 | 工作结束时间 | 加班时间 | 总工作时间 | 备注 | <- | <- | <- | 
| 2025-04-01 | Blanc | 09:00:00 | 21:00:00 | 3.5 | 11.5 | 中排4.6数据管理 | <- | <- | <- | 
| 2025-04-02 | Blanc | 09:00:00 | 21:00:00 | 3.5 | 11.5 | 中排4.6数据管理 | <- | <- | <- | 
| 2025-04-03 | Blanc | 09:00:00 | 18:30:00 | 1.0 | 9.0 | 中排4.6数据管理 | <- | <- | <- | 
| 2025-04-04 |  |  |  |  |  |  | <- | <- | <- | 
| 2025-04-05 |  |  |  |  |  |  | <- | <- | <- | 
| 2025-04-06 |  |  |  |  |  |  | <- | <- | <- | 
| 2025-04-07 | Blanc | 09:00:00 | 21:30:00 | 4.0 | 12.0 | 中排4.6数据管理 | <- | <- | <- | 
| 2025-04-08 | Blanc | 09:00:00 | 21:00:00 | 3.5 | 11.5 | 中排4.6数据管理 | <- | <- | <- | 
| 2025-04-09 | Blanc | 09:00:00 | 21:00:00 | 3.5 | 11.5 | 中排4.6数据管理 | <- | <- | <- | 
| 2025-04-10 | Blanc | 09:00:00 | 20:30:00 | 3.0 | 11.0 | 中排4.6数据管理 | <- | <- | <- | 
| 2025-04-11 | Blanc | 09:00:00 | 19:00:00 | 1.5 | 9.5 | 中排4.6数据管理 | <- | <- | <- | 
| 2025-04-12 |  |  |  |  |  |  | <- | <- | <- | 
| 2025-04-13 |  |  |  |  |  |  | <- | <- | <- | 
| 2025-04-14 | Blanc | 09:00:00 | 21:00:00 | 3.5 | 11.5 | 中排4.6数据管理 | <- | <- | <- | 
| 2025-04-15 | Blanc | 08:30:00 | 19:00:00 | 2.0 | 10.0 | 中排4.6数据管理 | <- | <- | <- | 
| 2025-04-16 | Blanc | 09:00:00 | 20:30:00 | 3.0 | 11.0 | 中排4.6数据管理 | <- | <- | <- | 
| 2025-04-17 | Blanc | 09:00:00 | 19:00:00 | 1.5 | 9.5 | 中排4.6数据管理 | <- | <- | <- | 
| 2025-04-18 | Blanc |  |  |  |  | 年休假 | <- | <- | <- | 
| 2025-04-19 |  |  |  |  |  |  | <- | <- | <- | 
| 2025-04-20 |  |  |  |  |  |  | <- | <- | <- | 
| 2025-04-21 | Blanc | 09:00:00 | 20:30:00 | 3.0 | 11.0 | 中排4.6数据管理 | <- | <- | <- | 
| 2025-04-22 | Blanc | 09:00:00 | 21:00:00 | 3.5 | 11.5 | 中排4.6数据管理 | <- | <- | <- | 
| 2025-04-23 | Blanc | 09:00:00 | 20:00:00 | 2.5 | 10.5 | 中排4.6数据管理 | <- | <- | <- | 
| 2025-04-24 | Blanc | 09:00:00 | 21:00:00 | 3.5 | 11.5 | 中排4.6数据管理 | <- | <- | <- | 
| 2025-04-25 | Blanc | 09:00:00 | 19:00:00 | 1.5 | 9.5 | 中排4.6数据管理 | <- | <- | <- | 
| 2025-04-26 |  |  |  |  |  |  | <- | <- | <- | 
| 2025-04-27 | Blanc | 09:00:00 | 19:30:00 | 2.0 | 10.0 | 中排4.6数据管理 | <- | <- | <- | 
| 2025-04-28 | Blanc | 09:00:00 | 20:00:00 | 2.5 | 10.5 | 中排4.6数据管理 | <- | <- | <- | 
| 2025-04-29 | Blanc | 09:00:00 | 20:00:00 | 2.5 | 10.5 | 中排4.6数据管理 | <- | <- | <- | 
| 2025-04-30 | Blanc | 08:30:00 | 17:30:00 | 0.5 | 8.5 | 中排4.6数据管理 | <- | <- | <- | 
| 工时统计 | 项目名称 | 项目编号 | 加班 | <- | 工时 | 项目工程师签字 | <- | <- | <- | 
| ^ | Blanc |  | 55.0 | <- | 223.0 |  | <- | <- | <- | 
| ^ |  |  |  | <- |  |  | <- | <- | <- | 
| ^ |  |  |  | <- |  |  | <- | <- | <- | 
| ^ |  |  |  | <- |  |  | <- | <- | <- | 
| 总计工时 | 223.00 | <- | 经理签字： | <- | <- |  | <- | <- | <- | 


## 工作表: Sheet1

| A | B | C | D | E | F | 
|  --- | --- | --- | --- | --- | --- |
|  |  |  | 一年调整一次，请勿随意删除 | <- | <- | 
|  |  |  | 2025 | <- | <- | 
| 年 | 月 |  | 节假日 | 调休加班日 |  | 
| 1905-07-17 | 4 |  | 45658 | 45683 |  | 
|  |  |  | 45685 | 45696 |  | 
|  |  |  | 45686 | 45774 |  | 
|  |  |  | 45687 | 45928 |  | 
|  |  |  | 45688 | 45941 |  | 
|  |  |  | 45689 |  |  | 
|  |  |  | 45690 |  |  | 
|  |  |  | 45691 |  |  | 
|  |  |  | 45692 |  |  | 
|  |  |  | 45751 |  |  | 
|  |  |  | 45752 |  |  | 
|  |  |  | 45753 |  |  | 
|  |  |  | 45778 |  |  | 
|  |  |  | 45779 |  |  | 
|  |  |  | 45780 |  |  | 
|  |  |  | 45781 |  |  | 
|  |  |  | 45782 |  |  | 
|  |  |  | 45808 |  |  | 
|  |  |  | 45809 |  |  | 
|  |  |  | 45810 |  |  | 
|  |  |  | 45931 |  |  | 
|  |  |  | 45932 |  |  | 
|  |  |  | 45933 |  |  | 
|  |  |  | 45934 |  |  | 
|  |  |  | 45935 |  |  | 
|  |  |  | 45936 |  |  | 
|  |  |  | 45937 |  |  | 
|  |  |  | 45938 |  |  | 



2025-05-20 10:55:37,761 - INFO - 请求成功，状态码: 200
2025-05-20 10:55:37,762 - INFO - 模型返回：
{"Blanc":{"overtime_hours":55.0,"total_hours":223.0}}

2025-05-20 10:55:37,763 - INFO - 源数据表中的工时汇总数据：{'Blanc': {'overtime_hours': 55.0, 'total_hours': 223.0}}
2025-05-20 10:55:37,763 - INFO - 文件处理进度：7 / 10
2025-05-20 10:55:37,763 - INFO - 开始处理工时文件：D:/sotos工作资料/test/4\王棋工时表-重庆安道拓-2025年04月.xlsx
2025-05-20 10:55:37,910 - INFO - Excel表格提取文本：
## 工作表: 王棋

| A | B | C | D | E | F | G | H | I | J | 
|  --- | --- | --- | --- | --- | --- | --- | --- | --- | --- |
| 重庆延锋安道拓 | <- | 上海睿励信息技术有限公司 工时记录表 | <- | <- | <- | <- | <- | <- | <- | 
| ^ | ^<- | 供应商 |  | <- | <- | <- | <- | <- | <- | 
| 工程师 | 王棋 | <- | 负责人 | 刘力源 | 电话 | 15886267491 | <- | <- | <- | 
| 日期 | 项目名称 | 开始工作时间 | 工作结束时间 | 加班时间 | 总工作时间 | 备注 | <- | <- | <- | 
| 2025-04-01 | N2 | 08:30:00 | 20:00:00 | 3.0 | 11.0 | 报价BOM更改 | <- | <- | <- | 
| 2025-04-02 | N2 | 08:30:00 | 20:00:00 | 3.0 | 11.0 | 小桌板数据分包 | <- | <- | <- | 
| 2025-04-03 | N2 | 08:30:00 | 17:30:00 | 0.5 | 8.5 | K30设变发放支持 | <- | <- | <- | 
| 2025-04-04 |  |  |  |  |  |  | <- | <- | <- | 
| 2025-04-05 |  |  |  |  |  |  | <- | <- | <- | 
| 2025-04-06 |  |  |  |  |  |  | <- | <- | <- | 
| 2025-04-07 | N2 | 08:30:00 | 20:00:00 | 3.0 | 11.0 | N2资料更改 | <- | <- | <- | 
| 2025-04-08 | N2 | 08:30:00 | 20:00:00 | 3.0 | 11.0 | N2资料更改 | <- | <- | <- | 
| 2025-04-09 | N2 | 08:30:00 | 20:00:00 | 3.0 | 11.0 | K30首发数据发放 | <- | <- | <- | 
| 2025-04-10 | N2 | 08:30:00 | 18:30:00 | 1.5 | 9.5 | K30首发数据发放 | <- | <- | <- | 
| 2025-04-11 | N2 | 08:30:00 | 18:30:00 | 1.5 | 9.5 | K30首发数据发放 | <- | <- | <- | 
| 2025-04-12 |  |  |  |  |  |  | <- | <- | <- | 
| 2025-04-13 |  |  |  |  |  |  | <- | <- | <- | 
| 2025-04-14 | N2 | 08:30:00 | 20:00:00 | 3.0 | 11.0 | K30首发数据发放 | <- | <- | <- | 
| 2025-04-15 | N2 | 08:30:00 | 19:00:00 | 2.0 | 10.0 | K30首发数据发放 | <- | <- | <- | 
| 2025-04-16 | N2 | 08:30:00 | 19:00:00 | 2.0 | 10.0 | 座簧靠簧匹配数据修改 | <- | <- | <- | 
| 2025-04-17 | N2 | 08:30:00 | 19:00:00 | 2.0 | 10.0 | 座簧靠簧匹配数据修改 | <- | <- | <- | 
| 2025-04-18 | N2 | 08:30:00 | 18:00:00 | 1.0 | 9.0 | 座簧靠簧匹配数据修改 | <- | <- | <- | 
| 2025-04-19 |  |  |  |  |  |  | <- | <- | <- | 
| 2025-04-20 |  |  |  |  |  |  | <- | <- | <- | 
| 2025-04-21 | N2 | 08:30:00 | 19:00:00 | 2.0 | 10.0 | 报价数据整理 | <- | <- | <- | 
| 2025-04-22 | N2 | 08:30:00 | 19:30:00 | 2.5 | 10.5 | 报价数据整理 | <- | <- | <- | 
| 2025-04-23 | N2 | 09:00:00 | 19:30:00 | 2.0 | 10.0 | 报价数据整理 | <- | <- | <- | 
| 2025-04-24 | N2 | 08:00:00 | 19:00:00 | 2.5 | 10.5 | 报价数据整理 | <- | <- | <- | 
| 2025-04-25 | N2 | 08:00:00 | 18:30:00 | 2.0 | 10.0 | 报价数据整理 | <- | <- | <- | 
| 2025-04-26 |  |  |  |  |  |  | <- | <- | <- | 
| 2025-04-27 | N2 | 08:00:00 | 19:30:00 | 3.0 | 11.0 | S402客户件号查找核对 | <- | <- | <- | 
| 2025-04-28 | N2 | 08:00:00 | 19:00:00 | 2.5 | 10.5 | S402客户件号查找核对 | <- | <- | <- | 
| 2025-04-29 | N2 | 08:00:00 | 19:30:00 | 3.0 | 11.0 | 系统结构PLM维护 | <- | <- | <- | 
| 2025-04-30 | N2 | 08:00:00 | 18:30:00 | 2.0 | 10.0 | 报价资料更改 | <- | <- | <- | 
| 工时统计 | 项目名称 | 项目编号 | 加班 | <- | 工时 | 项目工程师签字 | <- | <- | <- | 
| ^ | N2 | 6980615 | 50.0 | <- | 226.0 |  | <- | <- | <- | 
| ^ |  |  |  | <- |  |  | <- | <- | <- | 
| ^ |  |  |  | <- |  |  | <- | <- | <- | 
| ^ |  |  |  | <- |  |  | <- | <- | <- | 
| 总计工时 | 226.00 | <- | 经理签字： | <- | <- |  | <- | <- | <- | 


## 工作表: Sheet1

| A | B | C | D | E | F | 
|  --- | --- | --- | --- | --- | --- |
|  |  |  | 一年调整一次，请勿随意删除 | <- | <- | 
|  |  |  | 2025 | <- | <- | 
| 年 | 月 |  | 节假日 | 调休加班日 |  | 
| 1905-07-17 | 4 |  | 45658 | 45683 |  | 
|  |  |  | 45685 | 45696 |  | 
|  |  |  | 45686 | 45774 |  | 
|  |  |  | 45687 | 45928 |  | 
|  |  |  | 45688 | 45941 |  | 
|  |  |  | 45689 |  |  | 
|  |  |  | 45690 |  |  | 
|  |  |  | 45691 |  |  | 
|  |  |  | 45692 |  |  | 
|  |  |  | 45751 |  |  | 
|  |  |  | 45752 |  |  | 
|  |  |  | 45753 |  |  | 
|  |  |  | 45778 |  |  | 
|  |  |  | 45779 |  |  | 
|  |  |  | 45780 |  |  | 
|  |  |  | 45781 |  |  | 
|  |  |  | 45782 |  |  | 
|  |  |  | 45808 |  |  | 
|  |  |  | 45809 |  |  | 
|  |  |  | 45810 |  |  | 
|  |  |  | 45931 |  |  | 
|  |  |  | 45932 |  |  | 
|  |  |  | 45933 |  |  | 
|  |  |  | 45934 |  |  | 
|  |  |  | 45935 |  |  | 
|  |  |  | 45936 |  |  | 
|  |  |  | 45937 |  |  | 
|  |  |  | 45938 |  |  | 



2025-05-20 10:55:37,921 - INFO - 从表格文本中，提取员工姓名和公司名称...
2025-05-20 10:55:37,922 - INFO - 发送请求到模型API...
2025-05-20 10:55:37,922 - INFO - system_prompt：
你是一个专业的表格信息提取助手。用户会提供给你一份Excel工时表，已转换为Markdown格式。你需要提取出表格包含的员工姓名`employee_name`和公司名称`company_name`。以JSON格式输出结果，包含`employee_name`和`company_name`两个字段。如果无法提取到员工姓名和公司名称，请返回空字符串。

markdown格式的表格中合并单元格表示法：
   - "^" 符号表示该单元格与上方单元格合并（纵向合并）
   - "<-" 符号表示该单元格与左侧单元格合并（横向合并）
   - "^<-" 符号表示该单元格同时与上方和左侧单元格合并（纵横合并）

比如：{"employee_name":"张三", "company_name":"XXX公司"}
注意：直接返回结果，不要包含任何解释或说明。

2025-05-20 10:55:37,924 - INFO - user_prompt：## 工作表: 王棋

| A | B | C | D | E | F | G | H | I | J | 
|  --- | --- | --- | --- | --- | --- | --- | --- | --- | --- |
| 重庆延锋安道拓 | <- | 上海睿励信息技术有限公司 工时记录表 | <- | <- | <- | <- | <- | <- | <- | 
| ^ | ^<- | 供应商 |  | <- | <- | <- | <- | <- | <- | 
| 工程师 | 王棋 | <- | 负责人 | 刘力源 | 电话 | 15886267491 | <- | <- | <- | 
| 日期 | 项目名称 | 开始工作时间 | 工作结束时间 | 加班时间 | 总工作时间 | 备注 | <- | <- | <- | 
| 2025-04-01 | N2 | 08:30:00 | 20:00:00 | 3.0 | 11.0 | 报价BOM更改 | <- | <- | <- | 
| 2025-04-02 | N2 | 08:30:00 | 20:00:00 | 3.0 | 11.0 | 小桌板数据分包 | <- | <- | <- | 
| 2025-04-03 | N2 | 08:30:00 | 17:30:00 | 0.5 | 8.5 | K30设变发放支持 | <- | <- | <- | 
| 2025-04-04 |  |  |  |  |  |  | <- | <- | <- | 
| 2025-04-05 |  |  |  |  |  |  | <- | <- | <- | 
| 2025-04-06 |  |  |  |  |  |  | <- | <- | <- | 
| 2025-04-07 | N2 | 08:30:00 | 20:00:00 | 3.0 | 11.0 | N2资料更改 | <- | <- | <- | 
| 2025-04-08 | N2 | 08:30:00 | 20:00:00 | 3.0 | 11.0 | N2资料更改 | <- | <- | <- | 
| 2025-04-09 | N2 | 08:30:00 | 20:00:00 | 3.0 | 11.0 | K30首发数据发放 | <- | <- | <- | 
| 2025-04-10 | N2 | 08:30:00 | 18:30:00 | 1.5 | 9.5 | K30首发数据发放 | <- | <- | <- | 
| 2025-04-11 | N2 | 08:30:00 | 18:30:00 | 1.5 | 9.5 | K30首发数据发放 | <- | <- | <- | 
| 2025-04-12 |  |  |  |  |  |  | <- | <- | <- | 
| 2025-04-13 |  |  |  |  |  |  | <- | <- | <- | 
| 2025-04-14 | N2 | 08:30:00 | 20:00:00 | 3.0 | 11.0 | K30首发数据发放 | <- | <- | <- | 
| 2025-04-15 | N2 | 08:30:00 | 19:00:00 | 2.0 | 10.0 | K30首发数据发放 | <- | <- | <- | 
| 2025-04-16 | N2 | 08:30:00 | 19:00:00 | 2.0 | 10.0 | 座簧靠簧匹配数据修改 | <- | <- | <- | 
| 2025-04-17 | N2 | 08:30:00 | 19:00:00 | 2.0 | 10.0 | 座簧靠簧匹配数据修改 | <- | <- | <- | 
| 2025-04-18 | N2 | 08:30:00 | 18:00:00 | 1.0 | 9.0 | 座簧靠簧匹配数据修改 | <- | <- | <- | 
| 2025-04-19 |  |  |  |  |  |  | <- | <- | <- | 
| 2025-04-20 |  |  |  |  |  |  | <- | <- | <- | 
| 2025-04-21 | N2 | 08:30:00 | 19:00:00 | 2.0 | 10.0 | 报价数据整理 | <- | <- | <- | 
| 2025-04-22 | N2 | 08:30:00 | 19:30:00 | 2.5 | 10.5 | 报价数据整理 | <- | <- | <- | 
| 2025-04-23 | N2 | 09:00:00 | 19:30:00 | 2.0 | 10.0 | 报价数据整理 | <- | <- | <- | 
| 2025-04-24 | N2 | 08:00:00 | 19:00:00 | 2.5 | 10.5 | 报价数据整理 | <- | <- | <- | 
| 2025-04-25 | N2 | 08:00:00 | 18:30:00 | 2.0 | 10.0 | 报价数据整理 | <- | <- | <- | 
| 2025-04-26 |  |  |  |  |  |  | <- | <- | <- | 
| 2025-04-27 | N2 | 08:00:00 | 19:30:00 | 3.0 | 11.0 | S402客户件号查找核对 | <- | <- | <- | 
| 2025-04-28 | N2 | 08:00:00 | 19:00:00 | 2.5 | 10.5 | S402客户件号查找核对 | <- | <- | <- | 
| 2025-04-29 | N2 | 08:00:00 | 19:30:00 | 3.0 | 11.0 | 系统结构PLM维护 | <- | <- | <- | 
| 2025-04-30 | N2 | 08:00:00 | 18:30:00 | 2.0 | 10.0 | 报价资料更改 | <- | <- | <- | 
| 工时统计 | 项目名称 | 项目编号 | 加班 | <- | 工时 | 项目工程师签字 | <- | <- | <- | 
| ^ | N2 | 6980615 | 50.0 | <- | 226.0 |  | <- | <- | <- | 
| ^ |  |  |  | <- |  |  | <- | <- | <- | 
| ^ |  |  |  | <- |  |  | <- | <- | <- | 
| ^ |  |  |  | <- |  |  | <- | <- | <- | 
| 总计工时 | 226.00 | <- | 经理签字： | <- | <- |  | <- | <- | <- | 


## 工作表: Sheet1

| A | B | C | D | E | F | 
|  --- | --- | --- | --- | --- | --- |
|  |  |  | 一年调整一次，请勿随意删除 | <- | <- | 
|  |  |  | 2025 | <- | <- | 
| 年 | 月 |  | 节假日 | 调休加班日 |  | 
| 1905-07-17 | 4 |  | 45658 | 45683 |  | 
|  |  |  | 45685 | 45696 |  | 
|  |  |  | 45686 | 45774 |  | 
|  |  |  | 45687 | 45928 |  | 
|  |  |  | 45688 | 45941 |  | 
|  |  |  | 45689 |  |  | 
|  |  |  | 45690 |  |  | 
|  |  |  | 45691 |  |  | 
|  |  |  | 45692 |  |  | 
|  |  |  | 45751 |  |  | 
|  |  |  | 45752 |  |  | 
|  |  |  | 45753 |  |  | 
|  |  |  | 45778 |  |  | 
|  |  |  | 45779 |  |  | 
|  |  |  | 45780 |  |  | 
|  |  |  | 45781 |  |  | 
|  |  |  | 45782 |  |  | 
|  |  |  | 45808 |  |  | 
|  |  |  | 45809 |  |  | 
|  |  |  | 45810 |  |  | 
|  |  |  | 45931 |  |  | 
|  |  |  | 45932 |  |  | 
|  |  |  | 45933 |  |  | 
|  |  |  | 45934 |  |  | 
|  |  |  | 45935 |  |  | 
|  |  |  | 45936 |  |  | 
|  |  |  | 45937 |  |  | 
|  |  |  | 45938 |  |  | 



2025-05-20 10:55:39,887 - INFO - 请求成功，状态码: 200
2025-05-20 10:55:39,888 - INFO - 模型返回：{"employee_name":"王棋", "company_name":"重庆延锋安道拓"}

2025-05-20 10:55:39,889 - INFO - 解析模型返回：
 - 员工姓名：王棋,  - 公司名称：重庆延锋安道拓
2025-05-20 10:55:39,889 - INFO - 

从表格文本中，提取汇总数据...
2025-05-20 10:55:39,890 - INFO - 发送请求到模型API...
2025-05-20 10:55:39,890 - INFO - system_prompt：
你是一个专业的工时数据提取助手。用户会提供给你一份Excel工时表，已转换为Markdown格式。你需要提取出表格中的按照项目做统计的工时汇总数据。将提取结果以JSON格式输出。以项目名称作为key为项目名称，value为包含加班和工时的字典。

markdown格式的表格中合并单元格表示法：
   - "^" 符号表示该单元格与上方单元格合并（纵向合并）
   - "<-" 符号表示该单元格与左侧单元格合并（横向合并）
   - "^<-" 符号表示该单元格同时与上方和左侧单元格合并（纵横合并）

你可以按照以下步骤进行分析：
1. 首先，定位表格中工时统计汇总数据，通常在表格的下方。
2. 读取工时统计汇总数据，包含项目名称、项目编号、加班、工时等。项目编号可能为空。
3. 整理所有数据，以JSON格式输。key为项目名称，value为包含加班`overtime_hours`和工时`total_hours`的字典。

注意：
1.直接返回结果，不要包含任何解释或说明。
2.输出结果必须严格按照无语法错误的JSON格式输出，不能有任何其他格式。

以JSON格式输出结果，示例输出如下：
示例1：
{"D11":{"overtime_hours":20,"total_hours":120}, "A12":{"overtime_hours":6,"total_hours":14}, "B13":{"overtime_hours":1,"total_hours":10}}
示例2：
{"D11":{"overtime_hours":20,"total_hours":120}, "A12":{"overtime_hours":6,"total_hours":14}}

2025-05-20 10:55:39,894 - INFO - user_prompt：## 工作表: 王棋

| A | B | C | D | E | F | G | H | I | J | 
|  --- | --- | --- | --- | --- | --- | --- | --- | --- | --- |
| 重庆延锋安道拓 | <- | 上海睿励信息技术有限公司 工时记录表 | <- | <- | <- | <- | <- | <- | <- | 
| ^ | ^<- | 供应商 |  | <- | <- | <- | <- | <- | <- | 
| 工程师 | 王棋 | <- | 负责人 | 刘力源 | 电话 | 15886267491 | <- | <- | <- | 
| 日期 | 项目名称 | 开始工作时间 | 工作结束时间 | 加班时间 | 总工作时间 | 备注 | <- | <- | <- | 
| 2025-04-01 | N2 | 08:30:00 | 20:00:00 | 3.0 | 11.0 | 报价BOM更改 | <- | <- | <- | 
| 2025-04-02 | N2 | 08:30:00 | 20:00:00 | 3.0 | 11.0 | 小桌板数据分包 | <- | <- | <- | 
| 2025-04-03 | N2 | 08:30:00 | 17:30:00 | 0.5 | 8.5 | K30设变发放支持 | <- | <- | <- | 
| 2025-04-04 |  |  |  |  |  |  | <- | <- | <- | 
| 2025-04-05 |  |  |  |  |  |  | <- | <- | <- | 
| 2025-04-06 |  |  |  |  |  |  | <- | <- | <- | 
| 2025-04-07 | N2 | 08:30:00 | 20:00:00 | 3.0 | 11.0 | N2资料更改 | <- | <- | <- | 
| 2025-04-08 | N2 | 08:30:00 | 20:00:00 | 3.0 | 11.0 | N2资料更改 | <- | <- | <- | 
| 2025-04-09 | N2 | 08:30:00 | 20:00:00 | 3.0 | 11.0 | K30首发数据发放 | <- | <- | <- | 
| 2025-04-10 | N2 | 08:30:00 | 18:30:00 | 1.5 | 9.5 | K30首发数据发放 | <- | <- | <- | 
| 2025-04-11 | N2 | 08:30:00 | 18:30:00 | 1.5 | 9.5 | K30首发数据发放 | <- | <- | <- | 
| 2025-04-12 |  |  |  |  |  |  | <- | <- | <- | 
| 2025-04-13 |  |  |  |  |  |  | <- | <- | <- | 
| 2025-04-14 | N2 | 08:30:00 | 20:00:00 | 3.0 | 11.0 | K30首发数据发放 | <- | <- | <- | 
| 2025-04-15 | N2 | 08:30:00 | 19:00:00 | 2.0 | 10.0 | K30首发数据发放 | <- | <- | <- | 
| 2025-04-16 | N2 | 08:30:00 | 19:00:00 | 2.0 | 10.0 | 座簧靠簧匹配数据修改 | <- | <- | <- | 
| 2025-04-17 | N2 | 08:30:00 | 19:00:00 | 2.0 | 10.0 | 座簧靠簧匹配数据修改 | <- | <- | <- | 
| 2025-04-18 | N2 | 08:30:00 | 18:00:00 | 1.0 | 9.0 | 座簧靠簧匹配数据修改 | <- | <- | <- | 
| 2025-04-19 |  |  |  |  |  |  | <- | <- | <- | 
| 2025-04-20 |  |  |  |  |  |  | <- | <- | <- | 
| 2025-04-21 | N2 | 08:30:00 | 19:00:00 | 2.0 | 10.0 | 报价数据整理 | <- | <- | <- | 
| 2025-04-22 | N2 | 08:30:00 | 19:30:00 | 2.5 | 10.5 | 报价数据整理 | <- | <- | <- | 
| 2025-04-23 | N2 | 09:00:00 | 19:30:00 | 2.0 | 10.0 | 报价数据整理 | <- | <- | <- | 
| 2025-04-24 | N2 | 08:00:00 | 19:00:00 | 2.5 | 10.5 | 报价数据整理 | <- | <- | <- | 
| 2025-04-25 | N2 | 08:00:00 | 18:30:00 | 2.0 | 10.0 | 报价数据整理 | <- | <- | <- | 
| 2025-04-26 |  |  |  |  |  |  | <- | <- | <- | 
| 2025-04-27 | N2 | 08:00:00 | 19:30:00 | 3.0 | 11.0 | S402客户件号查找核对 | <- | <- | <- | 
| 2025-04-28 | N2 | 08:00:00 | 19:00:00 | 2.5 | 10.5 | S402客户件号查找核对 | <- | <- | <- | 
| 2025-04-29 | N2 | 08:00:00 | 19:30:00 | 3.0 | 11.0 | 系统结构PLM维护 | <- | <- | <- | 
| 2025-04-30 | N2 | 08:00:00 | 18:30:00 | 2.0 | 10.0 | 报价资料更改 | <- | <- | <- | 
| 工时统计 | 项目名称 | 项目编号 | 加班 | <- | 工时 | 项目工程师签字 | <- | <- | <- | 
| ^ | N2 | 6980615 | 50.0 | <- | 226.0 |  | <- | <- | <- | 
| ^ |  |  |  | <- |  |  | <- | <- | <- | 
| ^ |  |  |  | <- |  |  | <- | <- | <- | 
| ^ |  |  |  | <- |  |  | <- | <- | <- | 
| 总计工时 | 226.00 | <- | 经理签字： | <- | <- |  | <- | <- | <- | 


## 工作表: Sheet1

| A | B | C | D | E | F | 
|  --- | --- | --- | --- | --- | --- |
|  |  |  | 一年调整一次，请勿随意删除 | <- | <- | 
|  |  |  | 2025 | <- | <- | 
| 年 | 月 |  | 节假日 | 调休加班日 |  | 
| 1905-07-17 | 4 |  | 45658 | 45683 |  | 
|  |  |  | 45685 | 45696 |  | 
|  |  |  | 45686 | 45774 |  | 
|  |  |  | 45687 | 45928 |  | 
|  |  |  | 45688 | 45941 |  | 
|  |  |  | 45689 |  |  | 
|  |  |  | 45690 |  |  | 
|  |  |  | 45691 |  |  | 
|  |  |  | 45692 |  |  | 
|  |  |  | 45751 |  |  | 
|  |  |  | 45752 |  |  | 
|  |  |  | 45753 |  |  | 
|  |  |  | 45778 |  |  | 
|  |  |  | 45779 |  |  | 
|  |  |  | 45780 |  |  | 
|  |  |  | 45781 |  |  | 
|  |  |  | 45782 |  |  | 
|  |  |  | 45808 |  |  | 
|  |  |  | 45809 |  |  | 
|  |  |  | 45810 |  |  | 
|  |  |  | 45931 |  |  | 
|  |  |  | 45932 |  |  | 
|  |  |  | 45933 |  |  | 
|  |  |  | 45934 |  |  | 
|  |  |  | 45935 |  |  | 
|  |  |  | 45936 |  |  | 
|  |  |  | 45937 |  |  | 
|  |  |  | 45938 |  |  | 



2025-05-20 10:55:42,822 - INFO - 请求成功，状态码: 200
2025-05-20 10:55:42,822 - INFO - 模型返回：
{"N2":{"overtime_hours":50.0,"total_hours":226.0}}

2025-05-20 10:55:42,823 - INFO - 源数据表中的工时汇总数据：{'N2': {'overtime_hours': 50.0, 'total_hours': 226.0}}
2025-05-20 10:55:42,823 - INFO - 文件处理进度：8 / 10
2025-05-20 10:55:42,823 - INFO - 开始处理工时文件：D:/sotos工作资料/test/4\王鑫工时表-重庆安道拓-2025年04月.xlsx
2025-05-20 10:55:43,031 - INFO - Excel表格提取文本：
## 工作表: 王鑫

| A | B | C | D | E | F | G | H | I | J | 
|  --- | --- | --- | --- | --- | --- | --- | --- | --- | --- |
| 重庆延锋安道拓 | <- | 上海睿励信息技术有限公司 工时记录表 | <- | <- | <- | <- | <- | <- | <- | 
| ^ | ^<- | 供应商 |  | <- | <- | <- | <- | <- | <- | 
| 工程师 | 王鑫 | <- | 负责人 | 刘书志 | 电话 | 18375831095 | <- | <- | <- | 
| 日期 | 项目名称 | 开始工作时间 | 工作结束时间 | 加班时间 | 总工作时间 | 备注 | <- | <- | <- | 
| 2025-04-01 | D21 | 08:00:00 | 19:00:00 | 2.5 | 10.5 | 杯托数据修改 | <- | <- | <- | 
| 2025-04-02 | D21 | 08:00:00 | 16:30:00 | 0.0 | 8.0 | 杯托数据修改 | <- | <- | <- | 
| 2025-04-03 | D21 | 08:00:00 | 16:30:00 | 0.0 | 8.0 | 杯托数据修改 | <- | <- | <- | 
| 2025-04-04 | D21 |  |  |  |  |  | <- | <- | <- | 
| 2025-04-05 | D21 |  |  |  |  |  | <- | <- | <- | 
| 2025-04-06 | D21 |  |  |  |  |  | <- | <- | <- | 
| 2025-04-07 | D21 |  |  |  |  | 事假 | <- | <- | <- | 
| 2025-04-08 | D21 |  |  |  |  | 事假 | <- | <- | <- | 
| 2025-04-09 | D21 |  |  |  |  | 事假 | <- | <- | <- | 
| 2025-04-10 | D21 |  |  |  |  | 事假 | <- | <- | <- | 
| 2025-04-11 | D21 |  |  |  |  | 事假 | <- | <- | <- | 
| 2025-04-12 | D21 |  |  |  |  |  | <- | <- | <- | 
| 2025-04-13 | D21 |  |  |  |  |  | <- | <- | <- | 
| 2025-04-14 | D21 | 08:00:00 | 17:30:00 | 1.0 | 9.0 | 杯托数据修改 | <- | <- | <- | 
| 2025-04-15 | D21 | 08:00:00 | 20:00:00 | 3.5 | 11.5 | 杯托数据修改 | <- | <- | <- | 
| 2025-04-16 | D21 | 08:00:00 | 19:30:00 | 3.0 | 11.0 | 杯托数据修改 | <- | <- | <- | 
| 2025-04-17 | D21 | 09:00:00 | 20:00:00 | 2.5 | 10.5 | 杯托数据修改 | <- | <- | <- | 
| 2025-04-18 | D21 | 08:00:00 | 17:00:00 | 0.5 | 8.5 | 杯托数据修改 | <- | <- | <- | 
| 2025-04-19 | D21 |  |  |  |  |  | <- | <- | <- | 
| 2025-04-20 | D21 |  |  |  |  |  | <- | <- | <- | 
| 2025-04-21 | D21 | 08:00:00 | 17:00:00 | 0.5 | 8.5 | 杯托数据修改 | <- | <- | <- | 
| 2025-04-22 | D21 | 08:00:00 | 20:00:00 | 3.5 | 11.5 | 杯托数据修改 | <- | <- | <- | 
| 2025-04-23 | D21 | 08:30:00 | 20:00:00 | 3.0 | 11.0 | 杯托图纸制作，杯托数据修改 | <- | <- | <- | 
| 2025-04-24 | D21 | 08:30:00 | 20:00:00 | 3.0 | 11.0 | 杯托图纸制作，杯托数据修改 | <- | <- | <- | 
| 2025-04-25 | D21 | 08:00:00 | 17:00:00 | 0.5 | 8.5 | 杯托图纸制作，杯托数据修改 | <- | <- | <- | 
| 2025-04-26 | D21 |  |  |  |  |  | <- | <- | <- | 
| 2025-04-27 | D21 | 09:00:00 | 20:00:00 | 2.5 | 10.5 | 杯托数据修改 | <- | <- | <- | 
| 2025-04-28 |  |  |  |  |  | 退出项目 | <- | <- | <- | 
| 2025-04-29 |  |  |  |  |  |  | <- | <- | <- | 
| 2025-04-30 |  |  |  |  |  |  |  |  |  | 
| 工时统计 | 项目名称 | 项目编号 |  | <- | 工时 | 项目工程师签字 | <- | <- | <- | 
| ^ | D21 | D21 | 26.0 | <- | 138.0 |  | <- | <- | <- | 
| ^ |  |  |  | <- |  |  | <- | <- | <- | 
| ^ |  |  |  | <- |  |  | <- | <- | <- | 
| ^ |  |  |  | <- |  |  | <- | <- | <- | 
| 总计工时 | 138.00 | <- | 经理签字： | <- | <- |  | <- | <- | <- | 


## 工作表: Sheet1

| A | B | C | D | E | F | 
|  --- | --- | --- | --- | --- | --- |
|  |  |  | 一年调整一次，请勿随意删除 | <- | <- | 
|  |  |  | 2025 | <- | <- | 
| 年 | 月 |  | 节假日 | 调休加班日 |  | 
| 1905-07-17 | 4 |  | 45658 | 45683 |  | 
|  |  |  | 45685 | 45696 |  | 
|  |  |  | 45686 | 45774 |  | 
|  |  |  | 45687 | 45928 |  | 
|  |  |  | 45688 | 45941 |  | 
|  |  |  | 45689 |  |  | 
|  |  |  | 45690 |  |  | 
|  |  |  | 45691 |  |  | 
|  |  |  | 45692 |  |  | 
|  |  |  | 45751 |  |  | 
|  |  |  | 45752 |  |  | 
|  |  |  | 45753 |  |  | 
|  |  |  | 45778 |  |  | 
|  |  |  | 45779 |  |  | 
|  |  |  | 45780 |  |  | 
|  |  |  | 45781 |  |  | 
|  |  |  | 45782 |  |  | 
|  |  |  | 45808 |  |  | 
|  |  |  | 45809 |  |  | 
|  |  |  | 45810 |  |  | 
|  |  |  | 45931 |  |  | 
|  |  |  | 45932 |  |  | 
|  |  |  | 45933 |  |  | 
|  |  |  | 45934 |  |  | 
|  |  |  | 45935 |  |  | 
|  |  |  | 45936 |  |  | 
|  |  |  | 45937 |  |  | 
|  |  |  | 45938 |  |  | 



2025-05-20 10:55:43,040 - INFO - 从表格文本中，提取员工姓名和公司名称...
2025-05-20 10:55:43,040 - INFO - 发送请求到模型API...
2025-05-20 10:55:43,041 - INFO - system_prompt：
你是一个专业的表格信息提取助手。用户会提供给你一份Excel工时表，已转换为Markdown格式。你需要提取出表格包含的员工姓名`employee_name`和公司名称`company_name`。以JSON格式输出结果，包含`employee_name`和`company_name`两个字段。如果无法提取到员工姓名和公司名称，请返回空字符串。

markdown格式的表格中合并单元格表示法：
   - "^" 符号表示该单元格与上方单元格合并（纵向合并）
   - "<-" 符号表示该单元格与左侧单元格合并（横向合并）
   - "^<-" 符号表示该单元格同时与上方和左侧单元格合并（纵横合并）

比如：{"employee_name":"张三", "company_name":"XXX公司"}
注意：直接返回结果，不要包含任何解释或说明。

2025-05-20 10:55:43,042 - INFO - user_prompt：## 工作表: 王鑫

| A | B | C | D | E | F | G | H | I | J | 
|  --- | --- | --- | --- | --- | --- | --- | --- | --- | --- |
| 重庆延锋安道拓 | <- | 上海睿励信息技术有限公司 工时记录表 | <- | <- | <- | <- | <- | <- | <- | 
| ^ | ^<- | 供应商 |  | <- | <- | <- | <- | <- | <- | 
| 工程师 | 王鑫 | <- | 负责人 | 刘书志 | 电话 | 18375831095 | <- | <- | <- | 
| 日期 | 项目名称 | 开始工作时间 | 工作结束时间 | 加班时间 | 总工作时间 | 备注 | <- | <- | <- | 
| 2025-04-01 | D21 | 08:00:00 | 19:00:00 | 2.5 | 10.5 | 杯托数据修改 | <- | <- | <- | 
| 2025-04-02 | D21 | 08:00:00 | 16:30:00 | 0.0 | 8.0 | 杯托数据修改 | <- | <- | <- | 
| 2025-04-03 | D21 | 08:00:00 | 16:30:00 | 0.0 | 8.0 | 杯托数据修改 | <- | <- | <- | 
| 2025-04-04 | D21 |  |  |  |  |  | <- | <- | <- | 
| 2025-04-05 | D21 |  |  |  |  |  | <- | <- | <- | 
| 2025-04-06 | D21 |  |  |  |  |  | <- | <- | <- | 
| 2025-04-07 | D21 |  |  |  |  | 事假 | <- | <- | <- | 
| 2025-04-08 | D21 |  |  |  |  | 事假 | <- | <- | <- | 
| 2025-04-09 | D21 |  |  |  |  | 事假 | <- | <- | <- | 
| 2025-04-10 | D21 |  |  |  |  | 事假 | <- | <- | <- | 
| 2025-04-11 | D21 |  |  |  |  | 事假 | <- | <- | <- | 
| 2025-04-12 | D21 |  |  |  |  |  | <- | <- | <- | 
| 2025-04-13 | D21 |  |  |  |  |  | <- | <- | <- | 
| 2025-04-14 | D21 | 08:00:00 | 17:30:00 | 1.0 | 9.0 | 杯托数据修改 | <- | <- | <- | 
| 2025-04-15 | D21 | 08:00:00 | 20:00:00 | 3.5 | 11.5 | 杯托数据修改 | <- | <- | <- | 
| 2025-04-16 | D21 | 08:00:00 | 19:30:00 | 3.0 | 11.0 | 杯托数据修改 | <- | <- | <- | 
| 2025-04-17 | D21 | 09:00:00 | 20:00:00 | 2.5 | 10.5 | 杯托数据修改 | <- | <- | <- | 
| 2025-04-18 | D21 | 08:00:00 | 17:00:00 | 0.5 | 8.5 | 杯托数据修改 | <- | <- | <- | 
| 2025-04-19 | D21 |  |  |  |  |  | <- | <- | <- | 
| 2025-04-20 | D21 |  |  |  |  |  | <- | <- | <- | 
| 2025-04-21 | D21 | 08:00:00 | 17:00:00 | 0.5 | 8.5 | 杯托数据修改 | <- | <- | <- | 
| 2025-04-22 | D21 | 08:00:00 | 20:00:00 | 3.5 | 11.5 | 杯托数据修改 | <- | <- | <- | 
| 2025-04-23 | D21 | 08:30:00 | 20:00:00 | 3.0 | 11.0 | 杯托图纸制作，杯托数据修改 | <- | <- | <- | 
| 2025-04-24 | D21 | 08:30:00 | 20:00:00 | 3.0 | 11.0 | 杯托图纸制作，杯托数据修改 | <- | <- | <- | 
| 2025-04-25 | D21 | 08:00:00 | 17:00:00 | 0.5 | 8.5 | 杯托图纸制作，杯托数据修改 | <- | <- | <- | 
| 2025-04-26 | D21 |  |  |  |  |  | <- | <- | <- | 
| 2025-04-27 | D21 | 09:00:00 | 20:00:00 | 2.5 | 10.5 | 杯托数据修改 | <- | <- | <- | 
| 2025-04-28 |  |  |  |  |  | 退出项目 | <- | <- | <- | 
| 2025-04-29 |  |  |  |  |  |  | <- | <- | <- | 
| 2025-04-30 |  |  |  |  |  |  |  |  |  | 
| 工时统计 | 项目名称 | 项目编号 |  | <- | 工时 | 项目工程师签字 | <- | <- | <- | 
| ^ | D21 | D21 | 26.0 | <- | 138.0 |  | <- | <- | <- | 
| ^ |  |  |  | <- |  |  | <- | <- | <- | 
| ^ |  |  |  | <- |  |  | <- | <- | <- | 
| ^ |  |  |  | <- |  |  | <- | <- | <- | 
| 总计工时 | 138.00 | <- | 经理签字： | <- | <- |  | <- | <- | <- | 


## 工作表: Sheet1

| A | B | C | D | E | F | 
|  --- | --- | --- | --- | --- | --- |
|  |  |  | 一年调整一次，请勿随意删除 | <- | <- | 
|  |  |  | 2025 | <- | <- | 
| 年 | 月 |  | 节假日 | 调休加班日 |  | 
| 1905-07-17 | 4 |  | 45658 | 45683 |  | 
|  |  |  | 45685 | 45696 |  | 
|  |  |  | 45686 | 45774 |  | 
|  |  |  | 45687 | 45928 |  | 
|  |  |  | 45688 | 45941 |  | 
|  |  |  | 45689 |  |  | 
|  |  |  | 45690 |  |  | 
|  |  |  | 45691 |  |  | 
|  |  |  | 45692 |  |  | 
|  |  |  | 45751 |  |  | 
|  |  |  | 45752 |  |  | 
|  |  |  | 45753 |  |  | 
|  |  |  | 45778 |  |  | 
|  |  |  | 45779 |  |  | 
|  |  |  | 45780 |  |  | 
|  |  |  | 45781 |  |  | 
|  |  |  | 45782 |  |  | 
|  |  |  | 45808 |  |  | 
|  |  |  | 45809 |  |  | 
|  |  |  | 45810 |  |  | 
|  |  |  | 45931 |  |  | 
|  |  |  | 45932 |  |  | 
|  |  |  | 45933 |  |  | 
|  |  |  | 45934 |  |  | 
|  |  |  | 45935 |  |  | 
|  |  |  | 45936 |  |  | 
|  |  |  | 45937 |  |  | 
|  |  |  | 45938 |  |  | 



2025-05-20 10:55:44,843 - INFO - 请求成功，状态码: 200
2025-05-20 10:55:44,844 - INFO - 模型返回：{"employee_name":"王鑫", "company_name":"重庆延锋安道拓"}

2025-05-20 10:55:44,845 - INFO - 解析模型返回：
 - 员工姓名：王鑫,  - 公司名称：重庆延锋安道拓
2025-05-20 10:55:44,845 - INFO - 

从表格文本中，提取汇总数据...
2025-05-20 10:55:44,845 - INFO - 发送请求到模型API...
2025-05-20 10:55:44,846 - INFO - system_prompt：
你是一个专业的工时数据提取助手。用户会提供给你一份Excel工时表，已转换为Markdown格式。你需要提取出表格中的按照项目做统计的工时汇总数据。将提取结果以JSON格式输出。以项目名称作为key为项目名称，value为包含加班和工时的字典。

markdown格式的表格中合并单元格表示法：
   - "^" 符号表示该单元格与上方单元格合并（纵向合并）
   - "<-" 符号表示该单元格与左侧单元格合并（横向合并）
   - "^<-" 符号表示该单元格同时与上方和左侧单元格合并（纵横合并）

你可以按照以下步骤进行分析：
1. 首先，定位表格中工时统计汇总数据，通常在表格的下方。
2. 读取工时统计汇总数据，包含项目名称、项目编号、加班、工时等。项目编号可能为空。
3. 整理所有数据，以JSON格式输。key为项目名称，value为包含加班`overtime_hours`和工时`total_hours`的字典。

注意：
1.直接返回结果，不要包含任何解释或说明。
2.输出结果必须严格按照无语法错误的JSON格式输出，不能有任何其他格式。

以JSON格式输出结果，示例输出如下：
示例1：
{"D11":{"overtime_hours":20,"total_hours":120}, "A12":{"overtime_hours":6,"total_hours":14}, "B13":{"overtime_hours":1,"total_hours":10}}
示例2：
{"D11":{"overtime_hours":20,"total_hours":120}, "A12":{"overtime_hours":6,"total_hours":14}}

2025-05-20 10:55:44,848 - INFO - user_prompt：## 工作表: 王鑫

| A | B | C | D | E | F | G | H | I | J | 
|  --- | --- | --- | --- | --- | --- | --- | --- | --- | --- |
| 重庆延锋安道拓 | <- | 上海睿励信息技术有限公司 工时记录表 | <- | <- | <- | <- | <- | <- | <- | 
| ^ | ^<- | 供应商 |  | <- | <- | <- | <- | <- | <- | 
| 工程师 | 王鑫 | <- | 负责人 | 刘书志 | 电话 | 18375831095 | <- | <- | <- | 
| 日期 | 项目名称 | 开始工作时间 | 工作结束时间 | 加班时间 | 总工作时间 | 备注 | <- | <- | <- | 
| 2025-04-01 | D21 | 08:00:00 | 19:00:00 | 2.5 | 10.5 | 杯托数据修改 | <- | <- | <- | 
| 2025-04-02 | D21 | 08:00:00 | 16:30:00 | 0.0 | 8.0 | 杯托数据修改 | <- | <- | <- | 
| 2025-04-03 | D21 | 08:00:00 | 16:30:00 | 0.0 | 8.0 | 杯托数据修改 | <- | <- | <- | 
| 2025-04-04 | D21 |  |  |  |  |  | <- | <- | <- | 
| 2025-04-05 | D21 |  |  |  |  |  | <- | <- | <- | 
| 2025-04-06 | D21 |  |  |  |  |  | <- | <- | <- | 
| 2025-04-07 | D21 |  |  |  |  | 事假 | <- | <- | <- | 
| 2025-04-08 | D21 |  |  |  |  | 事假 | <- | <- | <- | 
| 2025-04-09 | D21 |  |  |  |  | 事假 | <- | <- | <- | 
| 2025-04-10 | D21 |  |  |  |  | 事假 | <- | <- | <- | 
| 2025-04-11 | D21 |  |  |  |  | 事假 | <- | <- | <- | 
| 2025-04-12 | D21 |  |  |  |  |  | <- | <- | <- | 
| 2025-04-13 | D21 |  |  |  |  |  | <- | <- | <- | 
| 2025-04-14 | D21 | 08:00:00 | 17:30:00 | 1.0 | 9.0 | 杯托数据修改 | <- | <- | <- | 
| 2025-04-15 | D21 | 08:00:00 | 20:00:00 | 3.5 | 11.5 | 杯托数据修改 | <- | <- | <- | 
| 2025-04-16 | D21 | 08:00:00 | 19:30:00 | 3.0 | 11.0 | 杯托数据修改 | <- | <- | <- | 
| 2025-04-17 | D21 | 09:00:00 | 20:00:00 | 2.5 | 10.5 | 杯托数据修改 | <- | <- | <- | 
| 2025-04-18 | D21 | 08:00:00 | 17:00:00 | 0.5 | 8.5 | 杯托数据修改 | <- | <- | <- | 
| 2025-04-19 | D21 |  |  |  |  |  | <- | <- | <- | 
| 2025-04-20 | D21 |  |  |  |  |  | <- | <- | <- | 
| 2025-04-21 | D21 | 08:00:00 | 17:00:00 | 0.5 | 8.5 | 杯托数据修改 | <- | <- | <- | 
| 2025-04-22 | D21 | 08:00:00 | 20:00:00 | 3.5 | 11.5 | 杯托数据修改 | <- | <- | <- | 
| 2025-04-23 | D21 | 08:30:00 | 20:00:00 | 3.0 | 11.0 | 杯托图纸制作，杯托数据修改 | <- | <- | <- | 
| 2025-04-24 | D21 | 08:30:00 | 20:00:00 | 3.0 | 11.0 | 杯托图纸制作，杯托数据修改 | <- | <- | <- | 
| 2025-04-25 | D21 | 08:00:00 | 17:00:00 | 0.5 | 8.5 | 杯托图纸制作，杯托数据修改 | <- | <- | <- | 
| 2025-04-26 | D21 |  |  |  |  |  | <- | <- | <- | 
| 2025-04-27 | D21 | 09:00:00 | 20:00:00 | 2.5 | 10.5 | 杯托数据修改 | <- | <- | <- | 
| 2025-04-28 |  |  |  |  |  | 退出项目 | <- | <- | <- | 
| 2025-04-29 |  |  |  |  |  |  | <- | <- | <- | 
| 2025-04-30 |  |  |  |  |  |  |  |  |  | 
| 工时统计 | 项目名称 | 项目编号 |  | <- | 工时 | 项目工程师签字 | <- | <- | <- | 
| ^ | D21 | D21 | 26.0 | <- | 138.0 |  | <- | <- | <- | 
| ^ |  |  |  | <- |  |  | <- | <- | <- | 
| ^ |  |  |  | <- |  |  | <- | <- | <- | 
| ^ |  |  |  | <- |  |  | <- | <- | <- | 
| 总计工时 | 138.00 | <- | 经理签字： | <- | <- |  | <- | <- | <- | 


## 工作表: Sheet1

| A | B | C | D | E | F | 
|  --- | --- | --- | --- | --- | --- |
|  |  |  | 一年调整一次，请勿随意删除 | <- | <- | 
|  |  |  | 2025 | <- | <- | 
| 年 | 月 |  | 节假日 | 调休加班日 |  | 
| 1905-07-17 | 4 |  | 45658 | 45683 |  | 
|  |  |  | 45685 | 45696 |  | 
|  |  |  | 45686 | 45774 |  | 
|  |  |  | 45687 | 45928 |  | 
|  |  |  | 45688 | 45941 |  | 
|  |  |  | 45689 |  |  | 
|  |  |  | 45690 |  |  | 
|  |  |  | 45691 |  |  | 
|  |  |  | 45692 |  |  | 
|  |  |  | 45751 |  |  | 
|  |  |  | 45752 |  |  | 
|  |  |  | 45753 |  |  | 
|  |  |  | 45778 |  |  | 
|  |  |  | 45779 |  |  | 
|  |  |  | 45780 |  |  | 
|  |  |  | 45781 |  |  | 
|  |  |  | 45782 |  |  | 
|  |  |  | 45808 |  |  | 
|  |  |  | 45809 |  |  | 
|  |  |  | 45810 |  |  | 
|  |  |  | 45931 |  |  | 
|  |  |  | 45932 |  |  | 
|  |  |  | 45933 |  |  | 
|  |  |  | 45934 |  |  | 
|  |  |  | 45935 |  |  | 
|  |  |  | 45936 |  |  | 
|  |  |  | 45937 |  |  | 
|  |  |  | 45938 |  |  | 



2025-05-20 10:55:46,749 - INFO - 请求成功，状态码: 200
2025-05-20 10:55:46,750 - INFO - 模型返回：
{"D21":{"overtime_hours":20,"total_hours":138}}

2025-05-20 10:55:46,751 - INFO - 源数据表中的工时汇总数据：{'D21': {'overtime_hours': 20, 'total_hours': 138}}
2025-05-20 10:55:46,751 - INFO - 文件处理进度：9 / 10
2025-05-20 10:55:46,751 - INFO - 开始处理工时文件：D:/sotos工作资料/test/4\王长城工时表-重庆安道拓-2025年04月.xlsx
2025-05-20 10:55:46,911 - INFO - Excel表格提取文本：
## 工作表: 王长城

| A | B | C | D | E | F | G | H | I | J | 
|  --- | --- | --- | --- | --- | --- | --- | --- | --- | --- |
| 重庆延锋安道拓 | <- | 上海睿励信息技术有限公司 工时记录表 | <- | <- | <- | <- | <- | <- | <- | 
| ^ | ^<- | 供应商 |  | <- | <- | <- | <- | <- | <- | 
| 工程师 | 王长城 | <- | 负责人 | 严强 | 电话 | 15002335164 | <- | <- | <- | 
| 日期 | 项目名称 | 开始工作时间 | 工作结束时间 | 加班时间 | 总工作时间 | 备注 | <- | <- | <- | 
| 2025-04-01 | U625 | 08:00:00 | 20:00:00 | 3.5 | 11.5 | U625 泡沫修改 | <- | <- | <- | 
| 2025-04-02 | U625 | 08:30:00 | 21:30:00 | 4.5 | 12.5 | U625 泡沫修改 | <- | <- | <- | 
| 2025-04-03 | U625 | 08:30:00 | 18:00:00 | 1.0 | 9.0 | U625 泡沫修改 | <- | <- | <- | 
| 2025-04-04 | U625 |  |  |  |  |  | <- | <- | <- | 
| 2025-04-05 | U625 |  |  |  |  |  | <- | <- | <- | 
| 2025-04-06 | U625 |  |  |  |  |  | <- | <- | <- | 
| 2025-04-07 | U625 | 08:30:00 | 19:30:00 | 2.5 | 10.5 | U625 泡沫修改 | <- | <- | <- | 
| 2025-04-08 | U625 | 08:00:00 | 21:00:00 | 4.5 | 12.5 | U625 泡沫修改 | <- | <- | <- | 
| 2025-04-09 | U625 | 08:30:00 | 22:00:00 | 5.0 | 13.0 | U625 泡沫修改 | <- | <- | <- | 
| 2025-04-10 | U625 | 08:30:00 | 21:30:00 | 4.5 | 12.5 | U625 泡沫修改 | <- | <- | <- | 
| 2025-04-11 | U625 | 08:30:00 | 19:30:00 | 2.5 | 10.5 | U625 泡沫修改 | <- | <- | <- | 
| 2025-04-12 | U625 | 08:30:00 | 17:00:00 | 8.0 | 8.0 | U625 泡沫修改 | <- | <- | <- | 
| 2025-04-13 | U625 |  |  |  |  |  | <- | <- | <- | 
| 2025-04-14 | U625 | 08:30:00 | 20:00:00 | 3.0 | 11.0 | U625 泡沫修改 | <- | <- | <- | 
| 2025-04-15 | U625 | 08:30:00 | 22:30:00 | 5.5 | 13.5 | U625 泡沫修改 | <- | <- | <- | 
| 2025-04-16 | U625 | 08:00:00 | 21:00:00 | 4.5 | 12.5 | U625 泡沫修改 | <- | <- | <- | 
| 2025-04-17 | U625 | 08:30:00 | 20:30:00 | 3.5 | 11.5 | U625 泡沫修改 | <- | <- | <- | 
| 2025-04-18 | U625 | 08:00:00 | 19:30:00 | 3.0 | 11.0 | U625 泡沫修改 | <- | <- | <- | 
| 2025-04-19 | U625 | 08:00:00 | 16:00:00 | 7.5 | 7.5 | U625 泡沫修改 | <- | <- | <- | 
| 2025-04-20 | U625 |  |  |  |  |  | <- | <- | <- | 
| 2025-04-21 | U625 | 08:30:00 | 20:30:00 | 3.5 | 11.5 | U625 泡沫修改 | <- | <- | <- | 
| 2025-04-22 | U625 | 09:00:00 | 21:30:00 | 4.0 | 12.0 | U625 泡沫修改 | <- | <- | <- | 
| 2025-04-23 | U625 | 08:30:00 | 20:30:00 | 3.5 | 11.5 | U625 泡沫修改 | <- | <- | <- | 
| 2025-04-24 | U625 | 08:30:00 | 20:00:00 | 3.0 | 11.0 | U625 泡沫修改 | <- | <- | <- | 
| 2025-04-25 | U625 | 08:30:00 | 19:00:00 | 2.0 | 10.0 | U625 泡沫修改 | <- | <- | <- | 
| 2025-04-26 | U625 |  |  |  |  |  | <- | <- | <- | 
| 2025-04-27 | U625 | 08:30:00 | 20:00:00 | 3.0 | 11.0 | U625 泡沫修改 | <- | <- | <- | 
| 2025-04-28 | U625 | 08:30:00 | 20:30:00 | 3.5 | 11.5 | U625 泡沫修改 | <- | <- | <- | 
| 2025-04-29 | U625 | 09:00:00 | 20:00:00 | 2.5 | 10.5 | U625 泡沫修改 | <- | <- | <- | 
| 2025-04-30 | U625 | 08:30:00 | 20:00:00 | 3.0 | 11.0 | U625 泡沫修改 | <- | <- | <- | 
| 2025-05-01 | U625 |  |  |  |  |  | <- | <- | <- | 
|  |  |  |  |  |  |  | <- | <- | <- | 
|  |  |  |  |  |  |  | <- | <- | <- | 
| 工时统计 | 项目名称 | 项目编号 | 加班 | <- | 工时 | 项目工程师签字 | <- | <- | <- | 
| ^ | U625 | U625 | 91.0 | <- | 267.0 |  | <- | <- | <- | 
| ^ |  |  |  | <- |  |  | <- | <- | <- | 
| ^ |  |  |  | <- |  |  | <- | <- | <- | 
| ^ |  |  |  | <- |  |  | <- | <- | <- | 
| 总计工时 | 267.00 | <- | 经理签字： | <- | <- |  | <- | <- | <- | 


## 工作表: Sheet1

| A | B | C | D | E | F | 
|  --- | --- | --- | --- | --- | --- |
|  |  |  | 一年调整一次，请勿随意删除 | <- | <- | 
|  |  |  | 2025 | <- | <- | 
| 年 | 月 |  | 节假日 | 调休加班日 |  | 
| 1905-07-17 | 4 |  | 45658 | 45683 |  | 
|  |  |  | 45685 | 45696 |  | 
|  |  |  | 45686 | 45774 |  | 
|  |  |  | 45687 | 45928 |  | 
|  |  |  | 45688 | 45941 |  | 
|  |  |  | 45689 |  |  | 
|  |  |  | 45690 |  |  | 
|  |  |  | 45691 |  |  | 
|  |  |  | 45692 |  |  | 
|  |  |  | 45751 |  |  | 
|  |  |  | 45752 |  |  | 
|  |  |  | 45753 |  |  | 
|  |  |  | 45778 |  |  | 
|  |  |  | 45779 |  |  | 
|  |  |  | 45780 |  |  | 
|  |  |  | 45781 |  |  | 
|  |  |  | 45782 |  |  | 
|  |  |  | 45808 |  |  | 
|  |  |  | 45809 |  |  | 
|  |  |  | 45810 |  |  | 
|  |  |  | 45931 |  |  | 
|  |  |  | 45932 |  |  | 
|  |  |  | 45933 |  |  | 
|  |  |  | 45934 |  |  | 
|  |  |  | 45935 |  |  | 
|  |  |  | 45936 |  |  | 
|  |  |  | 45937 |  |  | 
|  |  |  | 45938 |  |  | 



2025-05-20 10:55:46,923 - INFO - 从表格文本中，提取员工姓名和公司名称...
2025-05-20 10:55:46,923 - INFO - 发送请求到模型API...
2025-05-20 10:55:46,923 - INFO - system_prompt：
你是一个专业的表格信息提取助手。用户会提供给你一份Excel工时表，已转换为Markdown格式。你需要提取出表格包含的员工姓名`employee_name`和公司名称`company_name`。以JSON格式输出结果，包含`employee_name`和`company_name`两个字段。如果无法提取到员工姓名和公司名称，请返回空字符串。

markdown格式的表格中合并单元格表示法：
   - "^" 符号表示该单元格与上方单元格合并（纵向合并）
   - "<-" 符号表示该单元格与左侧单元格合并（横向合并）
   - "^<-" 符号表示该单元格同时与上方和左侧单元格合并（纵横合并）

比如：{"employee_name":"张三", "company_name":"XXX公司"}
注意：直接返回结果，不要包含任何解释或说明。

2025-05-20 10:55:46,925 - INFO - user_prompt：## 工作表: 王长城

| A | B | C | D | E | F | G | H | I | J | 
|  --- | --- | --- | --- | --- | --- | --- | --- | --- | --- |
| 重庆延锋安道拓 | <- | 上海睿励信息技术有限公司 工时记录表 | <- | <- | <- | <- | <- | <- | <- | 
| ^ | ^<- | 供应商 |  | <- | <- | <- | <- | <- | <- | 
| 工程师 | 王长城 | <- | 负责人 | 严强 | 电话 | 15002335164 | <- | <- | <- | 
| 日期 | 项目名称 | 开始工作时间 | 工作结束时间 | 加班时间 | 总工作时间 | 备注 | <- | <- | <- | 
| 2025-04-01 | U625 | 08:00:00 | 20:00:00 | 3.5 | 11.5 | U625 泡沫修改 | <- | <- | <- | 
| 2025-04-02 | U625 | 08:30:00 | 21:30:00 | 4.5 | 12.5 | U625 泡沫修改 | <- | <- | <- | 
| 2025-04-03 | U625 | 08:30:00 | 18:00:00 | 1.0 | 9.0 | U625 泡沫修改 | <- | <- | <- | 
| 2025-04-04 | U625 |  |  |  |  |  | <- | <- | <- | 
| 2025-04-05 | U625 |  |  |  |  |  | <- | <- | <- | 
| 2025-04-06 | U625 |  |  |  |  |  | <- | <- | <- | 
| 2025-04-07 | U625 | 08:30:00 | 19:30:00 | 2.5 | 10.5 | U625 泡沫修改 | <- | <- | <- | 
| 2025-04-08 | U625 | 08:00:00 | 21:00:00 | 4.5 | 12.5 | U625 泡沫修改 | <- | <- | <- | 
| 2025-04-09 | U625 | 08:30:00 | 22:00:00 | 5.0 | 13.0 | U625 泡沫修改 | <- | <- | <- | 
| 2025-04-10 | U625 | 08:30:00 | 21:30:00 | 4.5 | 12.5 | U625 泡沫修改 | <- | <- | <- | 
| 2025-04-11 | U625 | 08:30:00 | 19:30:00 | 2.5 | 10.5 | U625 泡沫修改 | <- | <- | <- | 
| 2025-04-12 | U625 | 08:30:00 | 17:00:00 | 8.0 | 8.0 | U625 泡沫修改 | <- | <- | <- | 
| 2025-04-13 | U625 |  |  |  |  |  | <- | <- | <- | 
| 2025-04-14 | U625 | 08:30:00 | 20:00:00 | 3.0 | 11.0 | U625 泡沫修改 | <- | <- | <- | 
| 2025-04-15 | U625 | 08:30:00 | 22:30:00 | 5.5 | 13.5 | U625 泡沫修改 | <- | <- | <- | 
| 2025-04-16 | U625 | 08:00:00 | 21:00:00 | 4.5 | 12.5 | U625 泡沫修改 | <- | <- | <- | 
| 2025-04-17 | U625 | 08:30:00 | 20:30:00 | 3.5 | 11.5 | U625 泡沫修改 | <- | <- | <- | 
| 2025-04-18 | U625 | 08:00:00 | 19:30:00 | 3.0 | 11.0 | U625 泡沫修改 | <- | <- | <- | 
| 2025-04-19 | U625 | 08:00:00 | 16:00:00 | 7.5 | 7.5 | U625 泡沫修改 | <- | <- | <- | 
| 2025-04-20 | U625 |  |  |  |  |  | <- | <- | <- | 
| 2025-04-21 | U625 | 08:30:00 | 20:30:00 | 3.5 | 11.5 | U625 泡沫修改 | <- | <- | <- | 
| 2025-04-22 | U625 | 09:00:00 | 21:30:00 | 4.0 | 12.0 | U625 泡沫修改 | <- | <- | <- | 
| 2025-04-23 | U625 | 08:30:00 | 20:30:00 | 3.5 | 11.5 | U625 泡沫修改 | <- | <- | <- | 
| 2025-04-24 | U625 | 08:30:00 | 20:00:00 | 3.0 | 11.0 | U625 泡沫修改 | <- | <- | <- | 
| 2025-04-25 | U625 | 08:30:00 | 19:00:00 | 2.0 | 10.0 | U625 泡沫修改 | <- | <- | <- | 
| 2025-04-26 | U625 |  |  |  |  |  | <- | <- | <- | 
| 2025-04-27 | U625 | 08:30:00 | 20:00:00 | 3.0 | 11.0 | U625 泡沫修改 | <- | <- | <- | 
| 2025-04-28 | U625 | 08:30:00 | 20:30:00 | 3.5 | 11.5 | U625 泡沫修改 | <- | <- | <- | 
| 2025-04-29 | U625 | 09:00:00 | 20:00:00 | 2.5 | 10.5 | U625 泡沫修改 | <- | <- | <- | 
| 2025-04-30 | U625 | 08:30:00 | 20:00:00 | 3.0 | 11.0 | U625 泡沫修改 | <- | <- | <- | 
| 2025-05-01 | U625 |  |  |  |  |  | <- | <- | <- | 
|  |  |  |  |  |  |  | <- | <- | <- | 
|  |  |  |  |  |  |  | <- | <- | <- | 
| 工时统计 | 项目名称 | 项目编号 | 加班 | <- | 工时 | 项目工程师签字 | <- | <- | <- | 
| ^ | U625 | U625 | 91.0 | <- | 267.0 |  | <- | <- | <- | 
| ^ |  |  |  | <- |  |  | <- | <- | <- | 
| ^ |  |  |  | <- |  |  | <- | <- | <- | 
| ^ |  |  |  | <- |  |  | <- | <- | <- | 
| 总计工时 | 267.00 | <- | 经理签字： | <- | <- |  | <- | <- | <- | 


## 工作表: Sheet1

| A | B | C | D | E | F | 
|  --- | --- | --- | --- | --- | --- |
|  |  |  | 一年调整一次，请勿随意删除 | <- | <- | 
|  |  |  | 2025 | <- | <- | 
| 年 | 月 |  | 节假日 | 调休加班日 |  | 
| 1905-07-17 | 4 |  | 45658 | 45683 |  | 
|  |  |  | 45685 | 45696 |  | 
|  |  |  | 45686 | 45774 |  | 
|  |  |  | 45687 | 45928 |  | 
|  |  |  | 45688 | 45941 |  | 
|  |  |  | 45689 |  |  | 
|  |  |  | 45690 |  |  | 
|  |  |  | 45691 |  |  | 
|  |  |  | 45692 |  |  | 
|  |  |  | 45751 |  |  | 
|  |  |  | 45752 |  |  | 
|  |  |  | 45753 |  |  | 
|  |  |  | 45778 |  |  | 
|  |  |  | 45779 |  |  | 
|  |  |  | 45780 |  |  | 
|  |  |  | 45781 |  |  | 
|  |  |  | 45782 |  |  | 
|  |  |  | 45808 |  |  | 
|  |  |  | 45809 |  |  | 
|  |  |  | 45810 |  |  | 
|  |  |  | 45931 |  |  | 
|  |  |  | 45932 |  |  | 
|  |  |  | 45933 |  |  | 
|  |  |  | 45934 |  |  | 
|  |  |  | 45935 |  |  | 
|  |  |  | 45936 |  |  | 
|  |  |  | 45937 |  |  | 
|  |  |  | 45938 |  |  | 



2025-05-20 10:55:48,981 - INFO - 请求成功，状态码: 200
2025-05-20 10:55:48,983 - INFO - 模型返回：{"employee_name":"王长城", "company_name":"重庆延锋安道拓"}

2025-05-20 10:55:48,983 - INFO - 解析模型返回：
 - 员工姓名：王长城,  - 公司名称：重庆延锋安道拓
2025-05-20 10:55:48,984 - INFO - 

从表格文本中，提取汇总数据...
2025-05-20 10:55:48,985 - INFO - 发送请求到模型API...
2025-05-20 10:55:48,985 - INFO - system_prompt：
你是一个专业的工时数据提取助手。用户会提供给你一份Excel工时表，已转换为Markdown格式。你需要提取出表格中的按照项目做统计的工时汇总数据。将提取结果以JSON格式输出。以项目名称作为key为项目名称，value为包含加班和工时的字典。

markdown格式的表格中合并单元格表示法：
   - "^" 符号表示该单元格与上方单元格合并（纵向合并）
   - "<-" 符号表示该单元格与左侧单元格合并（横向合并）
   - "^<-" 符号表示该单元格同时与上方和左侧单元格合并（纵横合并）

你可以按照以下步骤进行分析：
1. 首先，定位表格中工时统计汇总数据，通常在表格的下方。
2. 读取工时统计汇总数据，包含项目名称、项目编号、加班、工时等。项目编号可能为空。
3. 整理所有数据，以JSON格式输。key为项目名称，value为包含加班`overtime_hours`和工时`total_hours`的字典。

注意：
1.直接返回结果，不要包含任何解释或说明。
2.输出结果必须严格按照无语法错误的JSON格式输出，不能有任何其他格式。

以JSON格式输出结果，示例输出如下：
示例1：
{"D11":{"overtime_hours":20,"total_hours":120}, "A12":{"overtime_hours":6,"total_hours":14}, "B13":{"overtime_hours":1,"total_hours":10}}
示例2：
{"D11":{"overtime_hours":20,"total_hours":120}, "A12":{"overtime_hours":6,"total_hours":14}}

2025-05-20 10:55:48,988 - INFO - user_prompt：## 工作表: 王长城

| A | B | C | D | E | F | G | H | I | J | 
|  --- | --- | --- | --- | --- | --- | --- | --- | --- | --- |
| 重庆延锋安道拓 | <- | 上海睿励信息技术有限公司 工时记录表 | <- | <- | <- | <- | <- | <- | <- | 
| ^ | ^<- | 供应商 |  | <- | <- | <- | <- | <- | <- | 
| 工程师 | 王长城 | <- | 负责人 | 严强 | 电话 | 15002335164 | <- | <- | <- | 
| 日期 | 项目名称 | 开始工作时间 | 工作结束时间 | 加班时间 | 总工作时间 | 备注 | <- | <- | <- | 
| 2025-04-01 | U625 | 08:00:00 | 20:00:00 | 3.5 | 11.5 | U625 泡沫修改 | <- | <- | <- | 
| 2025-04-02 | U625 | 08:30:00 | 21:30:00 | 4.5 | 12.5 | U625 泡沫修改 | <- | <- | <- | 
| 2025-04-03 | U625 | 08:30:00 | 18:00:00 | 1.0 | 9.0 | U625 泡沫修改 | <- | <- | <- | 
| 2025-04-04 | U625 |  |  |  |  |  | <- | <- | <- | 
| 2025-04-05 | U625 |  |  |  |  |  | <- | <- | <- | 
| 2025-04-06 | U625 |  |  |  |  |  | <- | <- | <- | 
| 2025-04-07 | U625 | 08:30:00 | 19:30:00 | 2.5 | 10.5 | U625 泡沫修改 | <- | <- | <- | 
| 2025-04-08 | U625 | 08:00:00 | 21:00:00 | 4.5 | 12.5 | U625 泡沫修改 | <- | <- | <- | 
| 2025-04-09 | U625 | 08:30:00 | 22:00:00 | 5.0 | 13.0 | U625 泡沫修改 | <- | <- | <- | 
| 2025-04-10 | U625 | 08:30:00 | 21:30:00 | 4.5 | 12.5 | U625 泡沫修改 | <- | <- | <- | 
| 2025-04-11 | U625 | 08:30:00 | 19:30:00 | 2.5 | 10.5 | U625 泡沫修改 | <- | <- | <- | 
| 2025-04-12 | U625 | 08:30:00 | 17:00:00 | 8.0 | 8.0 | U625 泡沫修改 | <- | <- | <- | 
| 2025-04-13 | U625 |  |  |  |  |  | <- | <- | <- | 
| 2025-04-14 | U625 | 08:30:00 | 20:00:00 | 3.0 | 11.0 | U625 泡沫修改 | <- | <- | <- | 
| 2025-04-15 | U625 | 08:30:00 | 22:30:00 | 5.5 | 13.5 | U625 泡沫修改 | <- | <- | <- | 
| 2025-04-16 | U625 | 08:00:00 | 21:00:00 | 4.5 | 12.5 | U625 泡沫修改 | <- | <- | <- | 
| 2025-04-17 | U625 | 08:30:00 | 20:30:00 | 3.5 | 11.5 | U625 泡沫修改 | <- | <- | <- | 
| 2025-04-18 | U625 | 08:00:00 | 19:30:00 | 3.0 | 11.0 | U625 泡沫修改 | <- | <- | <- | 
| 2025-04-19 | U625 | 08:00:00 | 16:00:00 | 7.5 | 7.5 | U625 泡沫修改 | <- | <- | <- | 
| 2025-04-20 | U625 |  |  |  |  |  | <- | <- | <- | 
| 2025-04-21 | U625 | 08:30:00 | 20:30:00 | 3.5 | 11.5 | U625 泡沫修改 | <- | <- | <- | 
| 2025-04-22 | U625 | 09:00:00 | 21:30:00 | 4.0 | 12.0 | U625 泡沫修改 | <- | <- | <- | 
| 2025-04-23 | U625 | 08:30:00 | 20:30:00 | 3.5 | 11.5 | U625 泡沫修改 | <- | <- | <- | 
| 2025-04-24 | U625 | 08:30:00 | 20:00:00 | 3.0 | 11.0 | U625 泡沫修改 | <- | <- | <- | 
| 2025-04-25 | U625 | 08:30:00 | 19:00:00 | 2.0 | 10.0 | U625 泡沫修改 | <- | <- | <- | 
| 2025-04-26 | U625 |  |  |  |  |  | <- | <- | <- | 
| 2025-04-27 | U625 | 08:30:00 | 20:00:00 | 3.0 | 11.0 | U625 泡沫修改 | <- | <- | <- | 
| 2025-04-28 | U625 | 08:30:00 | 20:30:00 | 3.5 | 11.5 | U625 泡沫修改 | <- | <- | <- | 
| 2025-04-29 | U625 | 09:00:00 | 20:00:00 | 2.5 | 10.5 | U625 泡沫修改 | <- | <- | <- | 
| 2025-04-30 | U625 | 08:30:00 | 20:00:00 | 3.0 | 11.0 | U625 泡沫修改 | <- | <- | <- | 
| 2025-05-01 | U625 |  |  |  |  |  | <- | <- | <- | 
|  |  |  |  |  |  |  | <- | <- | <- | 
|  |  |  |  |  |  |  | <- | <- | <- | 
| 工时统计 | 项目名称 | 项目编号 | 加班 | <- | 工时 | 项目工程师签字 | <- | <- | <- | 
| ^ | U625 | U625 | 91.0 | <- | 267.0 |  | <- | <- | <- | 
| ^ |  |  |  | <- |  |  | <- | <- | <- | 
| ^ |  |  |  | <- |  |  | <- | <- | <- | 
| ^ |  |  |  | <- |  |  | <- | <- | <- | 
| 总计工时 | 267.00 | <- | 经理签字： | <- | <- |  | <- | <- | <- | 


## 工作表: Sheet1

| A | B | C | D | E | F | 
|  --- | --- | --- | --- | --- | --- |
|  |  |  | 一年调整一次，请勿随意删除 | <- | <- | 
|  |  |  | 2025 | <- | <- | 
| 年 | 月 |  | 节假日 | 调休加班日 |  | 
| 1905-07-17 | 4 |  | 45658 | 45683 |  | 
|  |  |  | 45685 | 45696 |  | 
|  |  |  | 45686 | 45774 |  | 
|  |  |  | 45687 | 45928 |  | 
|  |  |  | 45688 | 45941 |  | 
|  |  |  | 45689 |  |  | 
|  |  |  | 45690 |  |  | 
|  |  |  | 45691 |  |  | 
|  |  |  | 45692 |  |  | 
|  |  |  | 45751 |  |  | 
|  |  |  | 45752 |  |  | 
|  |  |  | 45753 |  |  | 
|  |  |  | 45778 |  |  | 
|  |  |  | 45779 |  |  | 
|  |  |  | 45780 |  |  | 
|  |  |  | 45781 |  |  | 
|  |  |  | 45782 |  |  | 
|  |  |  | 45808 |  |  | 
|  |  |  | 45809 |  |  | 
|  |  |  | 45810 |  |  | 
|  |  |  | 45931 |  |  | 
|  |  |  | 45932 |  |  | 
|  |  |  | 45933 |  |  | 
|  |  |  | 45934 |  |  | 
|  |  |  | 45935 |  |  | 
|  |  |  | 45936 |  |  | 
|  |  |  | 45937 |  |  | 
|  |  |  | 45938 |  |  | 



2025-05-20 10:55:51,707 - INFO - 请求成功，状态码: 200
2025-05-20 10:55:51,707 - INFO - 模型返回：
{"U625":{"overtime_hours":91.0,"total_hours":267.0}}

2025-05-20 10:55:51,708 - INFO - 源数据表中的工时汇总数据：{'U625': {'overtime_hours': 91.0, 'total_hours': 267.0}}
2025-05-20 10:55:51,708 - INFO - 文件处理进度：10 / 10
2025-05-20 10:55:51,709 - INFO - 开始处理工时文件：D:/sotos工作资料/test/4\邬涛工时表-重庆安道拓-2025年04月.xlsx
2025-05-20 10:55:51,856 - INFO - Excel表格提取文本：
## 工作表: 邬涛

| A | B | C | D | E | F | G | H | I | J | 
|  --- | --- | --- | --- | --- | --- | --- | --- | --- | --- |
| 重庆延锋安道拓 | <- | 上海睿励信息技术有限公司 工时记录表 | <- | <- | <- | <- | <- | <- | <- | 
| ^ | ^<- | 供应商 |  | <- | <- | <- | <- | <- | <- | 
| 工程师 | 邬涛 | <- | 负责人 | 梁明农 | 电话 | 18523411853 | <- | <- | <- | 
| 日期 | 项目名称 | 开始工作时间 | 工作结束时间 | 加班时间 | 总工作时间 | 备注 | <- | <- | <- | 
| 2025-04-01 | Ourea | 08:00:00 | 20:00:00 | 3.5 | 11.5 | XP-G01颈中装饰条替换CAS，方案修改、内扣件参数调整、XP-G01旁侧板数据修改 | <- | <- | <- | 
| 2025-04-02 | Ourea | 08:00:00 | 20:00:00 | 3.5 | 11.5 | 旁侧板匹配量产开关FEA数据、buckle方案数据、内扣件参数 | <- | <- | <- | 
| 2025-04-03 | Ourea | 08:00:00 | 17:00:00 | 0.5 | 8.5 | 扣手旋转轴&扭簧图纸、G01旁侧板&盖板数据修改 | <- | <- | <- | 
| 2025-04-04 |  |  |  |  |  |  | <- | <- | <- | 
| 2025-04-05 |  |  |  |  |  |  | <- | <- | <- | 
| 2025-04-06 |  |  |  |  |  |  | <- | <- | <- | 
| 2025-04-07 | Ourea | 08:30:00 | 20:00:00 | 3.0 | 11.0 | CAS可行性分析、数据优化 | <- | <- | <- | 
| 2025-04-08 | Ourea | 08:00:00 | 20:00:00 | 3.5 | 11.5 | G01颈中装饰条CAS替换、DEF问题修改，装饰条图纸 | <- | <- | <- | 
| 2025-04-09 | Ourea | 08:00:00 | 20:00:00 | 3.5 | 11.5 | 扣手参数草图、G01图纸 | <- | <- | <- | 
| 2025-04-10 | Ourea | 08:00:00 | 20:00:00 | 3.5 | 11.5 | 扣手参数草图、G01图纸 | <- | <- | <- | 
| 2025-04-11 | Ourea | 08:00:00 | 19:00:00 | 2.5 | 10.5 | G01图纸、G01DFM问题修改 | <- | <- | <- | 
| 2025-04-12 | Ourea | 11:00:00 | 16:00:00 | 4.5 | 4.5 | G01 DFM问题修改、K10盖板参数 | <- | <- | <- | 
| 2025-04-13 |  |  |  |  |  |  | <- | <- | <- | 
| 2025-04-14 | Ourea | 08:00:00 | 20:00:00 | 3.5 | 11.5 | CAS可行性分析、后挡板A面调整 | <- | <- | <- | 
| 2025-04-15 | Ourea | 08:00:00 | 20:00:00 | 3.5 | 11.5 | CAS替换，结构优化 | <- | <- | <- | 
| 2025-04-16 | Ourea | 08:00:00 | 20:00:00 | 3.5 | 11.5 | CAS替换，结构优化 | <- | <- | <- | 
| 2025-04-17 | Ourea | 09:00:00 | 20:00:00 | 2.5 | 10.5 | CAS替换，结构优化 | <- | <- | <- | 
| 2025-04-18 | Ourea | 08:00:00 | 18:30:00 | 2.0 | 10.0 | CAS替换，结构优化 | <- | <- | <- | 
| 2025-04-19 | Ourea | 10:00:00 | 17:00:00 | 6.5 | 6.5 | CAS替换，结构优化 | <- | <- | <- | 
| 2025-04-20 |  |  |  |  |  |  | <- | <- | <- | 
| 2025-04-21 | Ourea | 08:00:00 | 20:00:00 | 3.5 | 11.5 | G01旁侧板内扣件匹配泡沫修改、旁侧板匹配开关、CAS可行性分析 | <- | <- | <- | 
| 2025-04-22 | Ourea | 08:00:00 | 20:00:00 | 3.5 | 11.5 | 分型线外露统计Excel、旁侧板匹配泡沫翻边调整 | <- | <- | <- | 
| 2025-04-23 | Ourea | 08:00:00 | 20:00:00 | 3.5 | 11.5 | 内扣件结构优化 | <- | <- | <- | 
| 2025-04-24 | Ourea | 08:00:00 | 20:00:00 | 3.5 | 11.5 | G01旁侧板数据结构优化、图纸更新 | <- | <- | <- | 
| 2025-04-25 | Ourea | 08:00:00 | 18:00:00 | 1.5 | 9.5 | G01旁侧板图纸标注优化、teamcenter上传数据 | <- | <- | <- | 
| 2025-04-26 |  |  |  |  |  |  | <- | <- | <- | 
| 2025-04-27 | Ourea | 08:00:00 | 20:00:00 | 3.5 | 11.5 | 扣手参数数据、G01盖板数据修改、G01装饰条方案修改 | <- | <- | <- | 
| 2025-04-28 | Ourea | 08:00:00 | 20:00:00 | 3.5 | 11.5 | G01数据图纸上传check、扣手参数数据更新 | <- | <- | <- | 
| 2025-04-29 | Ourea | 08:00:00 | 20:00:00 | 3.5 | 11.5 | G01数据DFM问题修改/图纸更新/数据上传、图纸上传check、旁侧板下边界调整、匹配新开关面板 | <- | <- | <- | 
| 2025-04-30 | Ourea | 08:00:00 | 18:00:00 | 1.5 | 9.5 | 数据优化 | <- | <- | <- | 
| 2025-05-01 |  |  |  |  |  |  | <- | <- | <- | 
| 工时统计 | 项目名称 | 项目编号 | 加班 | <- | 工时 | 项目工程师签字 | <- | <- | <- | 
| ^ | Ourea |  | 77.0 | <- | 253.0 |  | <- | <- | <- | 
| ^ |  |  |  | <- |  |  | <- | <- | <- | 
| ^ |  |  |  | <- |  |  | <- | <- | <- | 
| ^ |  |  |  | <- |  |  | <- | <- | <- | 
| 总计工时 | 253.00 | <- | 经理签字： | <- | <- |  | <- | <- | <- | 


## 工作表: Sheet1

| A | B | C | D | E | F | 
|  --- | --- | --- | --- | --- | --- |
|  |  |  | 一年调整一次，请勿随意删除 | <- | <- | 
|  |  |  | 2025 | <- | <- | 
| 年 | 月 |  | 节假日 | 调休加班日 |  | 
| 1905-07-17 | 4 |  | 45658 | 45683 |  | 
|  |  |  | 45685 | 45696 |  | 
|  |  |  | 45686 | 45774 |  | 
|  |  |  | 45687 | 45928 |  | 
|  |  |  | 45688 | 45941 |  | 
|  |  |  | 45689 |  |  | 
|  |  |  | 45690 |  |  | 
|  |  |  | 45691 |  |  | 
|  |  |  | 45692 |  |  | 
|  |  |  | 45751 |  |  | 
|  |  |  | 45752 |  |  | 
|  |  |  | 45753 |  |  | 
|  |  |  | 45778 |  |  | 
|  |  |  | 45779 |  |  | 
|  |  |  | 45780 |  |  | 
|  |  |  | 45781 |  |  | 
|  |  |  | 45782 |  |  | 
|  |  |  | 45808 |  |  | 
|  |  |  | 45809 |  |  | 
|  |  |  | 45810 |  |  | 
|  |  |  | 45931 |  |  | 
|  |  |  | 45932 |  |  | 
|  |  |  | 45933 |  |  | 
|  |  |  | 45934 |  |  | 
|  |  |  | 45935 |  |  | 
|  |  |  | 45936 |  |  | 
|  |  |  | 45937 |  |  | 
|  |  |  | 45938 |  |  | 



2025-05-20 10:55:51,866 - INFO - 从表格文本中，提取员工姓名和公司名称...
2025-05-20 10:55:51,867 - INFO - 发送请求到模型API...
2025-05-20 10:55:51,867 - INFO - system_prompt：
你是一个专业的表格信息提取助手。用户会提供给你一份Excel工时表，已转换为Markdown格式。你需要提取出表格包含的员工姓名`employee_name`和公司名称`company_name`。以JSON格式输出结果，包含`employee_name`和`company_name`两个字段。如果无法提取到员工姓名和公司名称，请返回空字符串。

markdown格式的表格中合并单元格表示法：
   - "^" 符号表示该单元格与上方单元格合并（纵向合并）
   - "<-" 符号表示该单元格与左侧单元格合并（横向合并）
   - "^<-" 符号表示该单元格同时与上方和左侧单元格合并（纵横合并）

比如：{"employee_name":"张三", "company_name":"XXX公司"}
注意：直接返回结果，不要包含任何解释或说明。

2025-05-20 10:55:51,868 - INFO - user_prompt：## 工作表: 邬涛

| A | B | C | D | E | F | G | H | I | J | 
|  --- | --- | --- | --- | --- | --- | --- | --- | --- | --- |
| 重庆延锋安道拓 | <- | 上海睿励信息技术有限公司 工时记录表 | <- | <- | <- | <- | <- | <- | <- | 
| ^ | ^<- | 供应商 |  | <- | <- | <- | <- | <- | <- | 
| 工程师 | 邬涛 | <- | 负责人 | 梁明农 | 电话 | 18523411853 | <- | <- | <- | 
| 日期 | 项目名称 | 开始工作时间 | 工作结束时间 | 加班时间 | 总工作时间 | 备注 | <- | <- | <- | 
| 2025-04-01 | Ourea | 08:00:00 | 20:00:00 | 3.5 | 11.5 | XP-G01颈中装饰条替换CAS，方案修改、内扣件参数调整、XP-G01旁侧板数据修改 | <- | <- | <- | 
| 2025-04-02 | Ourea | 08:00:00 | 20:00:00 | 3.5 | 11.5 | 旁侧板匹配量产开关FEA数据、buckle方案数据、内扣件参数 | <- | <- | <- | 
| 2025-04-03 | Ourea | 08:00:00 | 17:00:00 | 0.5 | 8.5 | 扣手旋转轴&扭簧图纸、G01旁侧板&盖板数据修改 | <- | <- | <- | 
| 2025-04-04 |  |  |  |  |  |  | <- | <- | <- | 
| 2025-04-05 |  |  |  |  |  |  | <- | <- | <- | 
| 2025-04-06 |  |  |  |  |  |  | <- | <- | <- | 
| 2025-04-07 | Ourea | 08:30:00 | 20:00:00 | 3.0 | 11.0 | CAS可行性分析、数据优化 | <- | <- | <- | 
| 2025-04-08 | Ourea | 08:00:00 | 20:00:00 | 3.5 | 11.5 | G01颈中装饰条CAS替换、DEF问题修改，装饰条图纸 | <- | <- | <- | 
| 2025-04-09 | Ourea | 08:00:00 | 20:00:00 | 3.5 | 11.5 | 扣手参数草图、G01图纸 | <- | <- | <- | 
| 2025-04-10 | Ourea | 08:00:00 | 20:00:00 | 3.5 | 11.5 | 扣手参数草图、G01图纸 | <- | <- | <- | 
| 2025-04-11 | Ourea | 08:00:00 | 19:00:00 | 2.5 | 10.5 | G01图纸、G01DFM问题修改 | <- | <- | <- | 
| 2025-04-12 | Ourea | 11:00:00 | 16:00:00 | 4.5 | 4.5 | G01 DFM问题修改、K10盖板参数 | <- | <- | <- | 
| 2025-04-13 |  |  |  |  |  |  | <- | <- | <- | 
| 2025-04-14 | Ourea | 08:00:00 | 20:00:00 | 3.5 | 11.5 | CAS可行性分析、后挡板A面调整 | <- | <- | <- | 
| 2025-04-15 | Ourea | 08:00:00 | 20:00:00 | 3.5 | 11.5 | CAS替换，结构优化 | <- | <- | <- | 
| 2025-04-16 | Ourea | 08:00:00 | 20:00:00 | 3.5 | 11.5 | CAS替换，结构优化 | <- | <- | <- | 
| 2025-04-17 | Ourea | 09:00:00 | 20:00:00 | 2.5 | 10.5 | CAS替换，结构优化 | <- | <- | <- | 
| 2025-04-18 | Ourea | 08:00:00 | 18:30:00 | 2.0 | 10.0 | CAS替换，结构优化 | <- | <- | <- | 
| 2025-04-19 | Ourea | 10:00:00 | 17:00:00 | 6.5 | 6.5 | CAS替换，结构优化 | <- | <- | <- | 
| 2025-04-20 |  |  |  |  |  |  | <- | <- | <- | 
| 2025-04-21 | Ourea | 08:00:00 | 20:00:00 | 3.5 | 11.5 | G01旁侧板内扣件匹配泡沫修改、旁侧板匹配开关、CAS可行性分析 | <- | <- | <- | 
| 2025-04-22 | Ourea | 08:00:00 | 20:00:00 | 3.5 | 11.5 | 分型线外露统计Excel、旁侧板匹配泡沫翻边调整 | <- | <- | <- | 
| 2025-04-23 | Ourea | 08:00:00 | 20:00:00 | 3.5 | 11.5 | 内扣件结构优化 | <- | <- | <- | 
| 2025-04-24 | Ourea | 08:00:00 | 20:00:00 | 3.5 | 11.5 | G01旁侧板数据结构优化、图纸更新 | <- | <- | <- | 
| 2025-04-25 | Ourea | 08:00:00 | 18:00:00 | 1.5 | 9.5 | G01旁侧板图纸标注优化、teamcenter上传数据 | <- | <- | <- | 
| 2025-04-26 |  |  |  |  |  |  | <- | <- | <- | 
| 2025-04-27 | Ourea | 08:00:00 | 20:00:00 | 3.5 | 11.5 | 扣手参数数据、G01盖板数据修改、G01装饰条方案修改 | <- | <- | <- | 
| 2025-04-28 | Ourea | 08:00:00 | 20:00:00 | 3.5 | 11.5 | G01数据图纸上传check、扣手参数数据更新 | <- | <- | <- | 
| 2025-04-29 | Ourea | 08:00:00 | 20:00:00 | 3.5 | 11.5 | G01数据DFM问题修改/图纸更新/数据上传、图纸上传check、旁侧板下边界调整、匹配新开关面板 | <- | <- | <- | 
| 2025-04-30 | Ourea | 08:00:00 | 18:00:00 | 1.5 | 9.5 | 数据优化 | <- | <- | <- | 
| 2025-05-01 |  |  |  |  |  |  | <- | <- | <- | 
| 工时统计 | 项目名称 | 项目编号 | 加班 | <- | 工时 | 项目工程师签字 | <- | <- | <- | 
| ^ | Ourea |  | 77.0 | <- | 253.0 |  | <- | <- | <- | 
| ^ |  |  |  | <- |  |  | <- | <- | <- | 
| ^ |  |  |  | <- |  |  | <- | <- | <- | 
| ^ |  |  |  | <- |  |  | <- | <- | <- | 
| 总计工时 | 253.00 | <- | 经理签字： | <- | <- |  | <- | <- | <- | 


## 工作表: Sheet1

| A | B | C | D | E | F | 
|  --- | --- | --- | --- | --- | --- |
|  |  |  | 一年调整一次，请勿随意删除 | <- | <- | 
|  |  |  | 2025 | <- | <- | 
| 年 | 月 |  | 节假日 | 调休加班日 |  | 
| 1905-07-17 | 4 |  | 45658 | 45683 |  | 
|  |  |  | 45685 | 45696 |  | 
|  |  |  | 45686 | 45774 |  | 
|  |  |  | 45687 | 45928 |  | 
|  |  |  | 45688 | 45941 |  | 
|  |  |  | 45689 |  |  | 
|  |  |  | 45690 |  |  | 
|  |  |  | 45691 |  |  | 
|  |  |  | 45692 |  |  | 
|  |  |  | 45751 |  |  | 
|  |  |  | 45752 |  |  | 
|  |  |  | 45753 |  |  | 
|  |  |  | 45778 |  |  | 
|  |  |  | 45779 |  |  | 
|  |  |  | 45780 |  |  | 
|  |  |  | 45781 |  |  | 
|  |  |  | 45782 |  |  | 
|  |  |  | 45808 |  |  | 
|  |  |  | 45809 |  |  | 
|  |  |  | 45810 |  |  | 
|  |  |  | 45931 |  |  | 
|  |  |  | 45932 |  |  | 
|  |  |  | 45933 |  |  | 
|  |  |  | 45934 |  |  | 
|  |  |  | 45935 |  |  | 
|  |  |  | 45936 |  |  | 
|  |  |  | 45937 |  |  | 
|  |  |  | 45938 |  |  | 



2025-05-20 10:55:53,884 - INFO - 请求成功，状态码: 200
2025-05-20 10:55:53,885 - INFO - 模型返回：{"employee_name":"邬涛", "company_name":"重庆延锋安道拓"}

2025-05-20 10:55:53,886 - INFO - 解析模型返回：
 - 员工姓名：邬涛,  - 公司名称：重庆延锋安道拓
2025-05-20 10:55:53,886 - INFO - 

从表格文本中，提取汇总数据...
2025-05-20 10:55:53,886 - INFO - 发送请求到模型API...
2025-05-20 10:55:53,887 - INFO - system_prompt：
你是一个专业的工时数据提取助手。用户会提供给你一份Excel工时表，已转换为Markdown格式。你需要提取出表格中的按照项目做统计的工时汇总数据。将提取结果以JSON格式输出。以项目名称作为key为项目名称，value为包含加班和工时的字典。

markdown格式的表格中合并单元格表示法：
   - "^" 符号表示该单元格与上方单元格合并（纵向合并）
   - "<-" 符号表示该单元格与左侧单元格合并（横向合并）
   - "^<-" 符号表示该单元格同时与上方和左侧单元格合并（纵横合并）

你可以按照以下步骤进行分析：
1. 首先，定位表格中工时统计汇总数据，通常在表格的下方。
2. 读取工时统计汇总数据，包含项目名称、项目编号、加班、工时等。项目编号可能为空。
3. 整理所有数据，以JSON格式输。key为项目名称，value为包含加班`overtime_hours`和工时`total_hours`的字典。

注意：
1.直接返回结果，不要包含任何解释或说明。
2.输出结果必须严格按照无语法错误的JSON格式输出，不能有任何其他格式。

以JSON格式输出结果，示例输出如下：
示例1：
{"D11":{"overtime_hours":20,"total_hours":120}, "A12":{"overtime_hours":6,"total_hours":14}, "B13":{"overtime_hours":1,"total_hours":10}}
示例2：
{"D11":{"overtime_hours":20,"total_hours":120}, "A12":{"overtime_hours":6,"total_hours":14}}

2025-05-20 10:55:53,889 - INFO - user_prompt：## 工作表: 邬涛

| A | B | C | D | E | F | G | H | I | J | 
|  --- | --- | --- | --- | --- | --- | --- | --- | --- | --- |
| 重庆延锋安道拓 | <- | 上海睿励信息技术有限公司 工时记录表 | <- | <- | <- | <- | <- | <- | <- | 
| ^ | ^<- | 供应商 |  | <- | <- | <- | <- | <- | <- | 
| 工程师 | 邬涛 | <- | 负责人 | 梁明农 | 电话 | 18523411853 | <- | <- | <- | 
| 日期 | 项目名称 | 开始工作时间 | 工作结束时间 | 加班时间 | 总工作时间 | 备注 | <- | <- | <- | 
| 2025-04-01 | Ourea | 08:00:00 | 20:00:00 | 3.5 | 11.5 | XP-G01颈中装饰条替换CAS，方案修改、内扣件参数调整、XP-G01旁侧板数据修改 | <- | <- | <- | 
| 2025-04-02 | Ourea | 08:00:00 | 20:00:00 | 3.5 | 11.5 | 旁侧板匹配量产开关FEA数据、buckle方案数据、内扣件参数 | <- | <- | <- | 
| 2025-04-03 | Ourea | 08:00:00 | 17:00:00 | 0.5 | 8.5 | 扣手旋转轴&扭簧图纸、G01旁侧板&盖板数据修改 | <- | <- | <- | 
| 2025-04-04 |  |  |  |  |  |  | <- | <- | <- | 
| 2025-04-05 |  |  |  |  |  |  | <- | <- | <- | 
| 2025-04-06 |  |  |  |  |  |  | <- | <- | <- | 
| 2025-04-07 | Ourea | 08:30:00 | 20:00:00 | 3.0 | 11.0 | CAS可行性分析、数据优化 | <- | <- | <- | 
| 2025-04-08 | Ourea | 08:00:00 | 20:00:00 | 3.5 | 11.5 | G01颈中装饰条CAS替换、DEF问题修改，装饰条图纸 | <- | <- | <- | 
| 2025-04-09 | Ourea | 08:00:00 | 20:00:00 | 3.5 | 11.5 | 扣手参数草图、G01图纸 | <- | <- | <- | 
| 2025-04-10 | Ourea | 08:00:00 | 20:00:00 | 3.5 | 11.5 | 扣手参数草图、G01图纸 | <- | <- | <- | 
| 2025-04-11 | Ourea | 08:00:00 | 19:00:00 | 2.5 | 10.5 | G01图纸、G01DFM问题修改 | <- | <- | <- | 
| 2025-04-12 | Ourea | 11:00:00 | 16:00:00 | 4.5 | 4.5 | G01 DFM问题修改、K10盖板参数 | <- | <- | <- | 
| 2025-04-13 |  |  |  |  |  |  | <- | <- | <- | 
| 2025-04-14 | Ourea | 08:00:00 | 20:00:00 | 3.5 | 11.5 | CAS可行性分析、后挡板A面调整 | <- | <- | <- | 
| 2025-04-15 | Ourea | 08:00:00 | 20:00:00 | 3.5 | 11.5 | CAS替换，结构优化 | <- | <- | <- | 
| 2025-04-16 | Ourea | 08:00:00 | 20:00:00 | 3.5 | 11.5 | CAS替换，结构优化 | <- | <- | <- | 
| 2025-04-17 | Ourea | 09:00:00 | 20:00:00 | 2.5 | 10.5 | CAS替换，结构优化 | <- | <- | <- | 
| 2025-04-18 | Ourea | 08:00:00 | 18:30:00 | 2.0 | 10.0 | CAS替换，结构优化 | <- | <- | <- | 
| 2025-04-19 | Ourea | 10:00:00 | 17:00:00 | 6.5 | 6.5 | CAS替换，结构优化 | <- | <- | <- | 
| 2025-04-20 |  |  |  |  |  |  | <- | <- | <- | 
| 2025-04-21 | Ourea | 08:00:00 | 20:00:00 | 3.5 | 11.5 | G01旁侧板内扣件匹配泡沫修改、旁侧板匹配开关、CAS可行性分析 | <- | <- | <- | 
| 2025-04-22 | Ourea | 08:00:00 | 20:00:00 | 3.5 | 11.5 | 分型线外露统计Excel、旁侧板匹配泡沫翻边调整 | <- | <- | <- | 
| 2025-04-23 | Ourea | 08:00:00 | 20:00:00 | 3.5 | 11.5 | 内扣件结构优化 | <- | <- | <- | 
| 2025-04-24 | Ourea | 08:00:00 | 20:00:00 | 3.5 | 11.5 | G01旁侧板数据结构优化、图纸更新 | <- | <- | <- | 
| 2025-04-25 | Ourea | 08:00:00 | 18:00:00 | 1.5 | 9.5 | G01旁侧板图纸标注优化、teamcenter上传数据 | <- | <- | <- | 
| 2025-04-26 |  |  |  |  |  |  | <- | <- | <- | 
| 2025-04-27 | Ourea | 08:00:00 | 20:00:00 | 3.5 | 11.5 | 扣手参数数据、G01盖板数据修改、G01装饰条方案修改 | <- | <- | <- | 
| 2025-04-28 | Ourea | 08:00:00 | 20:00:00 | 3.5 | 11.5 | G01数据图纸上传check、扣手参数数据更新 | <- | <- | <- | 
| 2025-04-29 | Ourea | 08:00:00 | 20:00:00 | 3.5 | 11.5 | G01数据DFM问题修改/图纸更新/数据上传、图纸上传check、旁侧板下边界调整、匹配新开关面板 | <- | <- | <- | 
| 2025-04-30 | Ourea | 08:00:00 | 18:00:00 | 1.5 | 9.5 | 数据优化 | <- | <- | <- | 
| 2025-05-01 |  |  |  |  |  |  | <- | <- | <- | 
| 工时统计 | 项目名称 | 项目编号 | 加班 | <- | 工时 | 项目工程师签字 | <- | <- | <- | 
| ^ | Ourea |  | 77.0 | <- | 253.0 |  | <- | <- | <- | 
| ^ |  |  |  | <- |  |  | <- | <- | <- | 
| ^ |  |  |  | <- |  |  | <- | <- | <- | 
| ^ |  |  |  | <- |  |  | <- | <- | <- | 
| 总计工时 | 253.00 | <- | 经理签字： | <- | <- |  | <- | <- | <- | 


## 工作表: Sheet1

| A | B | C | D | E | F | 
|  --- | --- | --- | --- | --- | --- |
|  |  |  | 一年调整一次，请勿随意删除 | <- | <- | 
|  |  |  | 2025 | <- | <- | 
| 年 | 月 |  | 节假日 | 调休加班日 |  | 
| 1905-07-17 | 4 |  | 45658 | 45683 |  | 
|  |  |  | 45685 | 45696 |  | 
|  |  |  | 45686 | 45774 |  | 
|  |  |  | 45687 | 45928 |  | 
|  |  |  | 45688 | 45941 |  | 
|  |  |  | 45689 |  |  | 
|  |  |  | 45690 |  |  | 
|  |  |  | 45691 |  |  | 
|  |  |  | 45692 |  |  | 
|  |  |  | 45751 |  |  | 
|  |  |  | 45752 |  |  | 
|  |  |  | 45753 |  |  | 
|  |  |  | 45778 |  |  | 
|  |  |  | 45779 |  |  | 
|  |  |  | 45780 |  |  | 
|  |  |  | 45781 |  |  | 
|  |  |  | 45782 |  |  | 
|  |  |  | 45808 |  |  | 
|  |  |  | 45809 |  |  | 
|  |  |  | 45810 |  |  | 
|  |  |  | 45931 |  |  | 
|  |  |  | 45932 |  |  | 
|  |  |  | 45933 |  |  | 
|  |  |  | 45934 |  |  | 
|  |  |  | 45935 |  |  | 
|  |  |  | 45936 |  |  | 
|  |  |  | 45937 |  |  | 
|  |  |  | 45938 |  |  | 



2025-05-20 10:55:56,037 - INFO - 请求成功，状态码: 200
2025-05-20 10:55:56,038 - INFO - 模型返回：
{"Ourea":{"overtime_hours":77.0,"total_hours":253.0}}

2025-05-20 10:55:56,039 - INFO - 源数据表中的工时汇总数据：{'Ourea': {'overtime_hours': 77.0, 'total_hours': 253.0}}
2025-05-20 10:56:27,030 - INFO - 开始处理工时文件：C:/Users/admin/Desktop/工时测试数据/蔡爽工时表-重庆安道拓-2025年03月.xlsx
2025-05-20 10:56:27,203 - INFO - Excel表格提取文本：
## 工作表: 蔡爽

| A | B | C | D | E | F | G | H | I | J | K | L | M | N | O | P | Q | R | S | T | 
|  --- | --- | --- | --- | --- | --- | --- | --- | --- | --- | --- | --- | --- | --- | --- | --- | --- | --- | --- | --- |
| 重庆延锋安道拓 | <- | 上海睿励信息技术有限公司 工时记录表 | <- | <- | <- | <- | <- | <- | <- |  |  |  |  |  |  |  |  |  |  | 
| ^ | ^<- | 供应商 |  | <- | <- | <- | <- | <- | <- |  |  |  |  |  |  |  |  |  |  | 
| 工程师 | 蔡爽 | <- | 负责人 | 向阳 | 电话 | 15123462783 | <- | <- | <- |  |  |  |  |  |  |  |  |  |  | 
| 日期 | 项目名称 | 开始工作时间 | 工作结束时间 | 加班时间 | 总工作时间 | 备注 | <- | <- | <- |  |  |  |  |  |  |  |  |  |  | 
| 2025-03-01 |  |  |  |  |  |  | <- | <- | <- |  |  |  |  |  |  |  |  |  |  | 
| 2025-03-02 |  |  |  |  |  |  | <- | <- | <- |  |  |  |  |  |  |  |  |  |  | 
| 2025-03-03 | 660B | 08:30:00 | 20:00:00 | 3.0 | 11.0 | V540 数据图纸修改 | <- | <- | <- |  |  |  |  |  |  |  |  |  |  | 
| 2025-03-04 | 660B | 08:30:00 | 20:00:00 | 3.0 | 11.0 | V540 数据图纸修改 | <- | <- | <- |  |  |  |  |  |  |  |  |  |  | 
| 2025-03-05 | 660B | 08:30:00 | 20:30:00 | 3.5 | 11.5 | V540 数据图纸修改 | <- | <- | <- |  |  |  |  |  |  |  |  |  |  | 
| 2025-03-06 | 660B | 08:30:00 | 18:00:00 | 1.0 | 9.0 | V540 数据图纸修改 | <- | <- | <- |  |  |  |  |  |  |  |  |  |  | 
| 2025-03-07 | 660B | 08:30:00 | 17:00:00 | 0.0 | 8.0 | V540 数据图纸修改 | <- | <- | <- |  |  |  |  |  |  |  |  |  |  | 
| 2025-03-08 |  |  |  |  |  |  | <- | <- | <- |  |  |  |  |  |  |  |  |  |  | 
| 2025-03-09 |  |  |  |  |  |  | <- | <- | <- |  |  |  |  |  |  |  |  |  |             | 
| 2025-03-10 | 660B | 08:30:00 | 20:00:00 | 3.0 | 11.0 | V540 数据图纸修改 | <- | <- | <- |  |  |  |  |  |  |  |  |  |  | 
| 2025-03-11 | 660B | 08:30:00 | 20:00:00 | 3.0 | 11.0 | V540 数据图纸修改 | <- | <- | <- |  |  |  |  |  |  |  |  |  |  | 
| 2025-03-12 | 660B | 08:30:00 | 20:00:00 | 3.0 | 11.0 | V540 数据图纸修改 | <- | <- | <- |  |  |  |  |  |  |  |  |  |  | 
| 2025-03-13 | 660B | 08:30:00 | 20:00:00 | 3.0 | 11.0 | V540 数据图纸修改 | <- | <- | <- |  |  |  |  |  |  |  |  |  |  | 
| 2025-03-14 | 660B | 08:30:00 | 20:00:00 | 3.0 | 11.0 | V540 数据图纸修改 | <- | <- | <- |  |  |  |  |  |  |  |  |  |  | 
| 2025-03-15 |  |  |  |  |  |  | <- | <- | <- |  |  |  |  |  |  |  |  |  |  | 
| 2025-03-16 |  |  |  |  |  |  | <- | <- | <- |  |  |  |  |  |  |  |  |  |  | 
| 2025-03-17 | 660B | 08:30:00 | 20:00:00 | 3.0 | 11.0 | V540 数据图纸修改 | <- | <- | <- |  |  |  |  |  |  |  |  |  |  | 
| 2025-03-18 | 660B | 08:30:00 | 20:00:00 | 3.0 | 11.0 | V540 数据图纸修改 | <- | <- | <- |  |  |  |  |  |  |  |  |  |  | 
| 2025-03-19 | 660B | 08:30:00 | 20:30:00 | 3.5 | 11.5 | V540 数据图纸修改 | <- | <- | <- |  |  |  |  |  |  |  |  |  |  | 
| 2025-03-20 | 660B | 08:30:00 | 20:00:00 | 3.0 | 11.0 | V540 数据图纸修改 | <- | <- | <- |  |  |  |  |  |  |  |  |  |  | 
| 2025-03-21 | 660B | 08:30:00 | 20:00:00 | 3.0 | 11.0 | V540 数据图纸修改 | <- | <- | <- |  |  |  |  |  |  |  |  |  |  | 
| 2025-03-22 |  |  |  |  |  |  | <- | <- | <- |  |  |  |  |  |  |  |  |  |  | 
| 2025-03-23 |  |  |  |  |  |  | <- | <- | <- |  |  |  |  |  |  |  |  |  |  | 
| 2025-03-24 | 660B | 08:30:00 | 20:00:00 | 3.0 | 11.0 | V540 数据图纸修改 | <- | <- | <- |  |  |  |  |  |  |  |  |  |  | 
| 2025-03-25 | 660B | 08:30:00 | 20:00:00 | 3.0 | 11.0 | V540 数据图纸修改 | <- | <- | <- |  |  |  |  |  |  |  |  |  |  | 
| 2025-03-26 | 660B | 08:30:00 | 20:00:00 | 3.0 | 11.0 | V540 数据图纸修改 | <- | <- | <- |  |  |  |  |  |  |  |  |  |  | 
| 2025-03-27 | 660B | 08:30:00 | 20:00:00 | 3.0 | 11.0 | EF2H 3D数据 | <- | <- | <- |  |  |  |  |  |  |  |  |  |  | 
| 2025-03-28 | 660B | 08:30:00 | 20:00:00 | 3.0 | 11.0 | EF2H 3D数据 | <- | <- | <- |  |  |  |  |  |  |  |  |  |  | 
| 2025-03-29 | 660B | 10:00:00 | 12:00:00 | 1.5 | 1.5 | EF2H 3D数据 | <- | <- | <- |  |  |  |  |  |  |  |  |  |  | 
| 2025-03-30 |  |  |  |  |  |  | <- | <- | <- |  |  |  |  |  |  |  |  |  |  | 
| 2025-03-31 | 660B | 08:30:00 | 20:00:00 | 3.0 | 11.0 | EF2H 3D数据 | <- | <- | <- |  |  |  |  |  |  |  |  |  |  | 
| 2025-04-01 |  |  |  |  |  |  | <- | <- | <- |  |  |  |  |  |  |  |  |  |  | 
| 工时统计 | 项目名称 | 项目编号 | 加班 | <- | 工时 | 项目工程师签字 | <- | <- | <- |  |  |  |  |  |  |  |  |  |  | 
| ^ | 660B |  | 60.5 | <- | 228.5 |  | <- | <- | <- |  |  |  |  |  |  |  |  |  |  | 
| ^ |  |  |  | <- |  |  | <- | <- | <- |  |  |  |  |  |  |  |  |  |  | 
| ^ |  |  |  | <- |  |  | <- | <- | <- |  |  |  |  |  |  |  |  |  |  | 
| ^ |  |  |  | <- |  |  | <- | <- | <- |  |  |  |  |  |  |  |  |  |  | 
| 总计工时 | 228.50 | <- | 经理签字： | <- | <- |  | <- | <- | <- |  |  |  |  |  |  |  |  |  |  | 


## 工作表: Sheet1

| A | B | C | D | E | F | 
|  --- | --- | --- | --- | --- | --- |
|  |  |  | 一年调整一次，请勿随意删除 | <- | <- | 
|  |  |  | 2025 | <- | <- | 
| 年 | 月 |  | 节假日 | 调休加班日 |  | 
| 1905-07-17 | 3 |  | 45658 | 45683 |  | 
|  |  |  | 45685 | 45696 |  | 
|  |  |  | 45686 | 45774 |  | 
|  |  |  | 45687 | 45928 |  | 
|  |  |  | 45688 | 45941 |  | 
|  |  |  | 45689 |  |  | 
|  |  |  | 45690 |  |  | 
|  |  |  | 45691 |  |  | 
|  |  |  | 45692 |  |  | 
|  |  |  | 45751 |  |  | 
|  |  |  | 45752 |  |  | 
|  |  |  | 45753 |  |  | 
|  |  |  | 45778 |  |  | 
|  |  |  | 45779 |  |  | 
|  |  |  | 45780 |  |  | 
|  |  |  | 45781 |  |  | 
|  |  |  | 45782 |  |  | 
|  |  |  | 45808 |  |  | 
|  |  |  | 45809 |  |  | 
|  |  |  | 45810 |  |  | 
|  |  |  | 45931 |  |  | 
|  |  |  | 45932 |  |  | 
|  |  |  | 45933 |  |  | 
|  |  |  | 45934 |  |  | 
|  |  |  | 45935 |  |  | 
|  |  |  | 45936 |  |  | 
|  |  |  | 45937 |  |  | 
|  |  |  | 45938 |  |  | 



2025-05-20 10:56:27,216 - INFO - 从表格文本中，提取员工姓名和公司名称...
2025-05-20 10:56:27,217 - INFO - 发送请求到模型API...
2025-05-20 10:56:27,217 - INFO - system_prompt：
你是一个专业的表格信息提取助手。用户会提供给你一份Excel工时表，已转换为Markdown格式。你需要提取出表格包含的员工姓名`employee_name`和公司名称`company_name`。以JSON格式输出结果，包含`employee_name`和`company_name`两个字段。如果无法提取到员工姓名和公司名称，请返回空字符串。

markdown格式的表格中合并单元格表示法：
   - "^" 符号表示该单元格与上方单元格合并（纵向合并）
   - "<-" 符号表示该单元格与左侧单元格合并（横向合并）
   - "^<-" 符号表示该单元格同时与上方和左侧单元格合并（纵横合并）

比如：{"employee_name":"张三", "company_name":"XXX公司"}
注意：直接返回结果，不要包含任何解释或说明。

2025-05-20 10:56:27,220 - INFO - user_prompt：## 工作表: 蔡爽

| A | B | C | D | E | F | G | H | I | J | K | L | M | N | O | P | Q | R | S | T | 
|  --- | --- | --- | --- | --- | --- | --- | --- | --- | --- | --- | --- | --- | --- | --- | --- | --- | --- | --- | --- |
| 重庆延锋安道拓 | <- | 上海睿励信息技术有限公司 工时记录表 | <- | <- | <- | <- | <- | <- | <- |  |  |  |  |  |  |  |  |  |  | 
| ^ | ^<- | 供应商 |  | <- | <- | <- | <- | <- | <- |  |  |  |  |  |  |  |  |  |  | 
| 工程师 | 蔡爽 | <- | 负责人 | 向阳 | 电话 | 15123462783 | <- | <- | <- |  |  |  |  |  |  |  |  |  |  | 
| 日期 | 项目名称 | 开始工作时间 | 工作结束时间 | 加班时间 | 总工作时间 | 备注 | <- | <- | <- |  |  |  |  |  |  |  |  |  |  | 
| 2025-03-01 |  |  |  |  |  |  | <- | <- | <- |  |  |  |  |  |  |  |  |  |  | 
| 2025-03-02 |  |  |  |  |  |  | <- | <- | <- |  |  |  |  |  |  |  |  |  |  | 
| 2025-03-03 | 660B | 08:30:00 | 20:00:00 | 3.0 | 11.0 | V540 数据图纸修改 | <- | <- | <- |  |  |  |  |  |  |  |  |  |  | 
| 2025-03-04 | 660B | 08:30:00 | 20:00:00 | 3.0 | 11.0 | V540 数据图纸修改 | <- | <- | <- |  |  |  |  |  |  |  |  |  |  | 
| 2025-03-05 | 660B | 08:30:00 | 20:30:00 | 3.5 | 11.5 | V540 数据图纸修改 | <- | <- | <- |  |  |  |  |  |  |  |  |  |  | 
| 2025-03-06 | 660B | 08:30:00 | 18:00:00 | 1.0 | 9.0 | V540 数据图纸修改 | <- | <- | <- |  |  |  |  |  |  |  |  |  |  | 
| 2025-03-07 | 660B | 08:30:00 | 17:00:00 | 0.0 | 8.0 | V540 数据图纸修改 | <- | <- | <- |  |  |  |  |  |  |  |  |  |  | 
| 2025-03-08 |  |  |  |  |  |  | <- | <- | <- |  |  |  |  |  |  |  |  |  |  | 
| 2025-03-09 |  |  |  |  |  |  | <- | <- | <- |  |  |  |  |  |  |  |  |  |             | 
| 2025-03-10 | 660B | 08:30:00 | 20:00:00 | 3.0 | 11.0 | V540 数据图纸修改 | <- | <- | <- |  |  |  |  |  |  |  |  |  |  | 
| 2025-03-11 | 660B | 08:30:00 | 20:00:00 | 3.0 | 11.0 | V540 数据图纸修改 | <- | <- | <- |  |  |  |  |  |  |  |  |  |  | 
| 2025-03-12 | 660B | 08:30:00 | 20:00:00 | 3.0 | 11.0 | V540 数据图纸修改 | <- | <- | <- |  |  |  |  |  |  |  |  |  |  | 
| 2025-03-13 | 660B | 08:30:00 | 20:00:00 | 3.0 | 11.0 | V540 数据图纸修改 | <- | <- | <- |  |  |  |  |  |  |  |  |  |  | 
| 2025-03-14 | 660B | 08:30:00 | 20:00:00 | 3.0 | 11.0 | V540 数据图纸修改 | <- | <- | <- |  |  |  |  |  |  |  |  |  |  | 
| 2025-03-15 |  |  |  |  |  |  | <- | <- | <- |  |  |  |  |  |  |  |  |  |  | 
| 2025-03-16 |  |  |  |  |  |  | <- | <- | <- |  |  |  |  |  |  |  |  |  |  | 
| 2025-03-17 | 660B | 08:30:00 | 20:00:00 | 3.0 | 11.0 | V540 数据图纸修改 | <- | <- | <- |  |  |  |  |  |  |  |  |  |  | 
| 2025-03-18 | 660B | 08:30:00 | 20:00:00 | 3.0 | 11.0 | V540 数据图纸修改 | <- | <- | <- |  |  |  |  |  |  |  |  |  |  | 
| 2025-03-19 | 660B | 08:30:00 | 20:30:00 | 3.5 | 11.5 | V540 数据图纸修改 | <- | <- | <- |  |  |  |  |  |  |  |  |  |  | 
| 2025-03-20 | 660B | 08:30:00 | 20:00:00 | 3.0 | 11.0 | V540 数据图纸修改 | <- | <- | <- |  |  |  |  |  |  |  |  |  |  | 
| 2025-03-21 | 660B | 08:30:00 | 20:00:00 | 3.0 | 11.0 | V540 数据图纸修改 | <- | <- | <- |  |  |  |  |  |  |  |  |  |  | 
| 2025-03-22 |  |  |  |  |  |  | <- | <- | <- |  |  |  |  |  |  |  |  |  |  | 
| 2025-03-23 |  |  |  |  |  |  | <- | <- | <- |  |  |  |  |  |  |  |  |  |  | 
| 2025-03-24 | 660B | 08:30:00 | 20:00:00 | 3.0 | 11.0 | V540 数据图纸修改 | <- | <- | <- |  |  |  |  |  |  |  |  |  |  | 
| 2025-03-25 | 660B | 08:30:00 | 20:00:00 | 3.0 | 11.0 | V540 数据图纸修改 | <- | <- | <- |  |  |  |  |  |  |  |  |  |  | 
| 2025-03-26 | 660B | 08:30:00 | 20:00:00 | 3.0 | 11.0 | V540 数据图纸修改 | <- | <- | <- |  |  |  |  |  |  |  |  |  |  | 
| 2025-03-27 | 660B | 08:30:00 | 20:00:00 | 3.0 | 11.0 | EF2H 3D数据 | <- | <- | <- |  |  |  |  |  |  |  |  |  |  | 
| 2025-03-28 | 660B | 08:30:00 | 20:00:00 | 3.0 | 11.0 | EF2H 3D数据 | <- | <- | <- |  |  |  |  |  |  |  |  |  |  | 
| 2025-03-29 | 660B | 10:00:00 | 12:00:00 | 1.5 | 1.5 | EF2H 3D数据 | <- | <- | <- |  |  |  |  |  |  |  |  |  |  | 
| 2025-03-30 |  |  |  |  |  |  | <- | <- | <- |  |  |  |  |  |  |  |  |  |  | 
| 2025-03-31 | 660B | 08:30:00 | 20:00:00 | 3.0 | 11.0 | EF2H 3D数据 | <- | <- | <- |  |  |  |  |  |  |  |  |  |  | 
| 2025-04-01 |  |  |  |  |  |  | <- | <- | <- |  |  |  |  |  |  |  |  |  |  | 
| 工时统计 | 项目名称 | 项目编号 | 加班 | <- | 工时 | 项目工程师签字 | <- | <- | <- |  |  |  |  |  |  |  |  |  |  | 
| ^ | 660B |  | 60.5 | <- | 228.5 |  | <- | <- | <- |  |  |  |  |  |  |  |  |  |  | 
| ^ |  |  |  | <- |  |  | <- | <- | <- |  |  |  |  |  |  |  |  |  |  | 
| ^ |  |  |  | <- |  |  | <- | <- | <- |  |  |  |  |  |  |  |  |  |  | 
| ^ |  |  |  | <- |  |  | <- | <- | <- |  |  |  |  |  |  |  |  |  |  | 
| 总计工时 | 228.50 | <- | 经理签字： | <- | <- |  | <- | <- | <- |  |  |  |  |  |  |  |  |  |  | 


## 工作表: Sheet1

| A | B | C | D | E | F | 
|  --- | --- | --- | --- | --- | --- |
|  |  |  | 一年调整一次，请勿随意删除 | <- | <- | 
|  |  |  | 2025 | <- | <- | 
| 年 | 月 |  | 节假日 | 调休加班日 |  | 
| 1905-07-17 | 3 |  | 45658 | 45683 |  | 
|  |  |  | 45685 | 45696 |  | 
|  |  |  | 45686 | 45774 |  | 
|  |  |  | 45687 | 45928 |  | 
|  |  |  | 45688 | 45941 |  | 
|  |  |  | 45689 |  |  | 
|  |  |  | 45690 |  |  | 
|  |  |  | 45691 |  |  | 
|  |  |  | 45692 |  |  | 
|  |  |  | 45751 |  |  | 
|  |  |  | 45752 |  |  | 
|  |  |  | 45753 |  |  | 
|  |  |  | 45778 |  |  | 
|  |  |  | 45779 |  |  | 
|  |  |  | 45780 |  |  | 
|  |  |  | 45781 |  |  | 
|  |  |  | 45782 |  |  | 
|  |  |  | 45808 |  |  | 
|  |  |  | 45809 |  |  | 
|  |  |  | 45810 |  |  | 
|  |  |  | 45931 |  |  | 
|  |  |  | 45932 |  |  | 
|  |  |  | 45933 |  |  | 
|  |  |  | 45934 |  |  | 
|  |  |  | 45935 |  |  | 
|  |  |  | 45936 |  |  | 
|  |  |  | 45937 |  |  | 
|  |  |  | 45938 |  |  | 



2025-05-20 10:56:29,409 - INFO - 请求成功，状态码: 200
2025-05-20 10:56:29,410 - INFO - 模型返回：{"employee_name":"蔡爽", "company_name":"上海睿励信息技术有限公司"}

2025-05-20 10:56:29,410 - INFO - 解析模型返回：
 - 员工姓名：蔡爽,  - 公司名称：上海睿励信息技术有限公司
2025-05-20 10:56:29,410 - INFO - 

从表格文本中，提取汇总数据...
2025-05-20 10:56:29,411 - INFO - 发送请求到模型API...
2025-05-20 10:56:29,411 - INFO - system_prompt：
你是一个专业的工时数据提取助手。用户会提供给你一份Excel工时表，已转换为Markdown格式。你需要提取出表格中的按照项目做统计的工时汇总数据。将提取结果以JSON格式输出。以项目名称作为key为项目名称，value为包含加班和工时的字典。

markdown格式的表格中合并单元格表示法：
   - "^" 符号表示该单元格与上方单元格合并（纵向合并）
   - "<-" 符号表示该单元格与左侧单元格合并（横向合并）
   - "^<-" 符号表示该单元格同时与上方和左侧单元格合并（纵横合并）

你可以按照以下步骤进行分析：
1. 首先，定位表格中工时统计汇总数据，通常在表格的下方。
2. 读取工时统计汇总数据，包含项目名称、项目编号、加班、工时等。项目编号可能为空。
3. 整理所有数据，以JSON格式输。key为项目名称，value为包含加班`overtime_hours`和工时`total_hours`的字典。

注意：
1.直接返回结果，不要包含任何解释或说明。
2.输出结果必须严格按照无语法错误的JSON格式输出，不能有任何其他格式。

以JSON格式输出结果，示例输出如下：
示例1：
{"D11":{"overtime_hours":20,"total_hours":120}, "A12":{"overtime_hours":6,"total_hours":14}, "B13":{"overtime_hours":1,"total_hours":10}}
示例2：
{"D11":{"overtime_hours":20,"total_hours":120}, "A12":{"overtime_hours":6,"total_hours":14}}

2025-05-20 10:56:29,414 - INFO - user_prompt：## 工作表: 蔡爽

| A | B | C | D | E | F | G | H | I | J | K | L | M | N | O | P | Q | R | S | T | 
|  --- | --- | --- | --- | --- | --- | --- | --- | --- | --- | --- | --- | --- | --- | --- | --- | --- | --- | --- | --- |
| 重庆延锋安道拓 | <- | 上海睿励信息技术有限公司 工时记录表 | <- | <- | <- | <- | <- | <- | <- |  |  |  |  |  |  |  |  |  |  | 
| ^ | ^<- | 供应商 |  | <- | <- | <- | <- | <- | <- |  |  |  |  |  |  |  |  |  |  | 
| 工程师 | 蔡爽 | <- | 负责人 | 向阳 | 电话 | 15123462783 | <- | <- | <- |  |  |  |  |  |  |  |  |  |  | 
| 日期 | 项目名称 | 开始工作时间 | 工作结束时间 | 加班时间 | 总工作时间 | 备注 | <- | <- | <- |  |  |  |  |  |  |  |  |  |  | 
| 2025-03-01 |  |  |  |  |  |  | <- | <- | <- |  |  |  |  |  |  |  |  |  |  | 
| 2025-03-02 |  |  |  |  |  |  | <- | <- | <- |  |  |  |  |  |  |  |  |  |  | 
| 2025-03-03 | 660B | 08:30:00 | 20:00:00 | 3.0 | 11.0 | V540 数据图纸修改 | <- | <- | <- |  |  |  |  |  |  |  |  |  |  | 
| 2025-03-04 | 660B | 08:30:00 | 20:00:00 | 3.0 | 11.0 | V540 数据图纸修改 | <- | <- | <- |  |  |  |  |  |  |  |  |  |  | 
| 2025-03-05 | 660B | 08:30:00 | 20:30:00 | 3.5 | 11.5 | V540 数据图纸修改 | <- | <- | <- |  |  |  |  |  |  |  |  |  |  | 
| 2025-03-06 | 660B | 08:30:00 | 18:00:00 | 1.0 | 9.0 | V540 数据图纸修改 | <- | <- | <- |  |  |  |  |  |  |  |  |  |  | 
| 2025-03-07 | 660B | 08:30:00 | 17:00:00 | 0.0 | 8.0 | V540 数据图纸修改 | <- | <- | <- |  |  |  |  |  |  |  |  |  |  | 
| 2025-03-08 |  |  |  |  |  |  | <- | <- | <- |  |  |  |  |  |  |  |  |  |  | 
| 2025-03-09 |  |  |  |  |  |  | <- | <- | <- |  |  |  |  |  |  |  |  |  |             | 
| 2025-03-10 | 660B | 08:30:00 | 20:00:00 | 3.0 | 11.0 | V540 数据图纸修改 | <- | <- | <- |  |  |  |  |  |  |  |  |  |  | 
| 2025-03-11 | 660B | 08:30:00 | 20:00:00 | 3.0 | 11.0 | V540 数据图纸修改 | <- | <- | <- |  |  |  |  |  |  |  |  |  |  | 
| 2025-03-12 | 660B | 08:30:00 | 20:00:00 | 3.0 | 11.0 | V540 数据图纸修改 | <- | <- | <- |  |  |  |  |  |  |  |  |  |  | 
| 2025-03-13 | 660B | 08:30:00 | 20:00:00 | 3.0 | 11.0 | V540 数据图纸修改 | <- | <- | <- |  |  |  |  |  |  |  |  |  |  | 
| 2025-03-14 | 660B | 08:30:00 | 20:00:00 | 3.0 | 11.0 | V540 数据图纸修改 | <- | <- | <- |  |  |  |  |  |  |  |  |  |  | 
| 2025-03-15 |  |  |  |  |  |  | <- | <- | <- |  |  |  |  |  |  |  |  |  |  | 
| 2025-03-16 |  |  |  |  |  |  | <- | <- | <- |  |  |  |  |  |  |  |  |  |  | 
| 2025-03-17 | 660B | 08:30:00 | 20:00:00 | 3.0 | 11.0 | V540 数据图纸修改 | <- | <- | <- |  |  |  |  |  |  |  |  |  |  | 
| 2025-03-18 | 660B | 08:30:00 | 20:00:00 | 3.0 | 11.0 | V540 数据图纸修改 | <- | <- | <- |  |  |  |  |  |  |  |  |  |  | 
| 2025-03-19 | 660B | 08:30:00 | 20:30:00 | 3.5 | 11.5 | V540 数据图纸修改 | <- | <- | <- |  |  |  |  |  |  |  |  |  |  | 
| 2025-03-20 | 660B | 08:30:00 | 20:00:00 | 3.0 | 11.0 | V540 数据图纸修改 | <- | <- | <- |  |  |  |  |  |  |  |  |  |  | 
| 2025-03-21 | 660B | 08:30:00 | 20:00:00 | 3.0 | 11.0 | V540 数据图纸修改 | <- | <- | <- |  |  |  |  |  |  |  |  |  |  | 
| 2025-03-22 |  |  |  |  |  |  | <- | <- | <- |  |  |  |  |  |  |  |  |  |  | 
| 2025-03-23 |  |  |  |  |  |  | <- | <- | <- |  |  |  |  |  |  |  |  |  |  | 
| 2025-03-24 | 660B | 08:30:00 | 20:00:00 | 3.0 | 11.0 | V540 数据图纸修改 | <- | <- | <- |  |  |  |  |  |  |  |  |  |  | 
| 2025-03-25 | 660B | 08:30:00 | 20:00:00 | 3.0 | 11.0 | V540 数据图纸修改 | <- | <- | <- |  |  |  |  |  |  |  |  |  |  | 
| 2025-03-26 | 660B | 08:30:00 | 20:00:00 | 3.0 | 11.0 | V540 数据图纸修改 | <- | <- | <- |  |  |  |  |  |  |  |  |  |  | 
| 2025-03-27 | 660B | 08:30:00 | 20:00:00 | 3.0 | 11.0 | EF2H 3D数据 | <- | <- | <- |  |  |  |  |  |  |  |  |  |  | 
| 2025-03-28 | 660B | 08:30:00 | 20:00:00 | 3.0 | 11.0 | EF2H 3D数据 | <- | <- | <- |  |  |  |  |  |  |  |  |  |  | 
| 2025-03-29 | 660B | 10:00:00 | 12:00:00 | 1.5 | 1.5 | EF2H 3D数据 | <- | <- | <- |  |  |  |  |  |  |  |  |  |  | 
| 2025-03-30 |  |  |  |  |  |  | <- | <- | <- |  |  |  |  |  |  |  |  |  |  | 
| 2025-03-31 | 660B | 08:30:00 | 20:00:00 | 3.0 | 11.0 | EF2H 3D数据 | <- | <- | <- |  |  |  |  |  |  |  |  |  |  | 
| 2025-04-01 |  |  |  |  |  |  | <- | <- | <- |  |  |  |  |  |  |  |  |  |  | 
| 工时统计 | 项目名称 | 项目编号 | 加班 | <- | 工时 | 项目工程师签字 | <- | <- | <- |  |  |  |  |  |  |  |  |  |  | 
| ^ | 660B |  | 60.5 | <- | 228.5 |  | <- | <- | <- |  |  |  |  |  |  |  |  |  |  | 
| ^ |  |  |  | <- |  |  | <- | <- | <- |  |  |  |  |  |  |  |  |  |  | 
| ^ |  |  |  | <- |  |  | <- | <- | <- |  |  |  |  |  |  |  |  |  |  | 
| ^ |  |  |  | <- |  |  | <- | <- | <- |  |  |  |  |  |  |  |  |  |  | 
| 总计工时 | 228.50 | <- | 经理签字： | <- | <- |  | <- | <- | <- |  |  |  |  |  |  |  |  |  |  | 


## 工作表: Sheet1

| A | B | C | D | E | F | 
|  --- | --- | --- | --- | --- | --- |
|  |  |  | 一年调整一次，请勿随意删除 | <- | <- | 
|  |  |  | 2025 | <- | <- | 
| 年 | 月 |  | 节假日 | 调休加班日 |  | 
| 1905-07-17 | 3 |  | 45658 | 45683 |  | 
|  |  |  | 45685 | 45696 |  | 
|  |  |  | 45686 | 45774 |  | 
|  |  |  | 45687 | 45928 |  | 
|  |  |  | 45688 | 45941 |  | 
|  |  |  | 45689 |  |  | 
|  |  |  | 45690 |  |  | 
|  |  |  | 45691 |  |  | 
|  |  |  | 45692 |  |  | 
|  |  |  | 45751 |  |  | 
|  |  |  | 45752 |  |  | 
|  |  |  | 45753 |  |  | 
|  |  |  | 45778 |  |  | 
|  |  |  | 45779 |  |  | 
|  |  |  | 45780 |  |  | 
|  |  |  | 45781 |  |  | 
|  |  |  | 45782 |  |  | 
|  |  |  | 45808 |  |  | 
|  |  |  | 45809 |  |  | 
|  |  |  | 45810 |  |  | 
|  |  |  | 45931 |  |  | 
|  |  |  | 45932 |  |  | 
|  |  |  | 45933 |  |  | 
|  |  |  | 45934 |  |  | 
|  |  |  | 45935 |  |  | 
|  |  |  | 45936 |  |  | 
|  |  |  | 45937 |  |  | 
|  |  |  | 45938 |  |  | 



2025-05-20 10:56:32,529 - INFO - 请求成功，状态码: 200
2025-05-20 10:56:32,530 - INFO - 模型返回：
{"660B":{"overtime_hours":60.5,"total_hours":228.5}}

2025-05-20 10:56:32,531 - INFO - 源数据表中的工时汇总数据：{'660B': {'overtime_hours': 60.5, 'total_hours': 228.5}}
2025-05-20 10:56:32,561 - INFO - 上传文件: ['D:/sotos工作资料/test/3\\万帅工时表-重庆安道拓-2025年04月.xlsx', 'D:/sotos工作资料/test/3\\唐倩工时表-重庆安道拓-2025年04月 .xlsx', 'D:/sotos工作资料/test/3\\唐竟峰工时表-重庆安道拓-2025年04月.xlsx', 'D:/sotos工作资料/test/3\\宋银波工时表-重庆安道拓-2025年04月.xlsx', 'D:/sotos工作资料/test/3\\沈阴龙工时表-重庆安道拓-2025年04月.xlsx', 'D:/sotos工作资料/test/3\\王大铭工时表-重庆安道拓-2025年04月.xlsx', 'D:/sotos工作资料/test/3\\苏亚超工时表-重庆安道拓-2025年04月.xlsx', 'D:/sotos工作资料/test/3\\谭斌斌工时表-重庆安道拓-2025年04月.xlsx', 'D:/sotos工作资料/test/3\\邱浩工时表-重庆安道拓-2025年04月.xlsx', 'D:/sotos工作资料/test/3\\邵堂思工时表-重庆安道拓-2025年04月.xlsx']
2025-05-20 10:56:32,562 - INFO - 文件处理进度：1 / 10
2025-05-20 10:56:32,562 - INFO - 开始处理工时文件：D:/sotos工作资料/test/3\万帅工时表-重庆安道拓-2025年04月.xlsx
2025-05-20 10:56:32,677 - INFO - Excel表格提取文本：
## 工作表: 万帅

| A | B | C | D | E | F | G | H | I | J | 
|  --- | --- | --- | --- | --- | --- | --- | --- | --- | --- |
| 重庆延锋安道拓 | <- | 上海睿励信息技术有限公司 工时记录表 | <- | <- | <- | <- | <- | <- | <- | 
| ^ | ^<- | 供应商 |  | <- | <- | <- | <- | <- | <- | 
| 工程师 | 万帅 | <- | 负责人 | 张俊 | 电话 | 15944179318 | <- | <- | <- | 
| 日期 | 项目名称 | 开始工作时间 | 工作结束时间 | 加班时间 | 总工作时间 | 备注 | <- | <- | <- | 
| 2025-04-01 | E371 | 08:30:00 | 17:00:00 | 0.0 | 8.0 | 修改数据，优化图纸 | <- | <- | <- | 
| 2025-04-02 | E371 | 08:30:00 | 23:30:00 | 6.5 | 14.5 | 修改数据，优化图纸 | <- | <- | <- | 
| 2025-04-03 | E371 | 08:30:00 | 17:00:00 | 0.0 | 8.0 | 修改数据，优化图纸 | <- | <- | <- | 
| 2025-04-04 |  |  |  |  |  |  | <- | <- | <- | 
| 2025-04-05 |  |  |  |  |  |  | <- | <- | <- | 
| 2025-04-06 |  |  |  |  |  |  | <- | <- | <- | 
| 2025-04-07 | E371 | 08:30:00 | 21:00:00 | 4.0 | 12.0 | 修改数据，优化图纸 | <- | <- | <- | 
| 2025-04-08 | E371 | 08:30:00 | 17:00:00 | 0.0 | 8.0 | 修改数据，优化图纸 | <- | <- | <- | 
| 2025-04-09 | E371 | 08:30:00 | 17:00:00 | 0.0 | 8.0 | 修改数据，优化图纸 | <- | <- | <- | 
| 2025-04-10 | E371 | 08:30:00 | 18:30:00 | 1.5 | 9.5 | 修改数据，优化图纸 | <- | <- | <- | 
| 2025-04-11 | E371 | 08:30:00 | 13:00:00 | 0.0 | 4.0 | 事假半天 | <- | <- | <- | 
| 2025-04-12 |  |  |  |  |  |  | <- | <- | <- | 
| 2025-04-13 |  |  |  |  |  |  | <- | <- | <- | 
| 2025-04-14 | E371 | 08:30:00 | 19:00:00 | 2.0 | 10.0 | 修改数据，优化图纸 | <- | <- | <- | 
| 2025-04-15 | E371 | 08:30:00 | 19:30:00 | 2.5 | 10.5 | 修改数据，优化图纸 | <- | <- | <- | 
| 2025-04-16 | E371 | 08:30:00 | 19:00:00 | 2.0 | 10.0 | 修改数据，优化图纸 | <- | <- | <- | 
| 2025-04-17 | E371 | 08:30:00 | 21:00:00 | 4.0 | 12.0 | 修改数据，优化图纸 | <- | <- | <- | 
| 2025-04-18 | D16 | 08:30:00 | 20:30:00 | 3.5 | 11.5 | 修改数据，优化图纸 | <- | <- | <- | 
| 2025-04-19 | D16 | 09:00:00 | 17:30:00 | 8.0 | 8.0 | 修改数据，优化图纸 | <- | <- | <- | 
| 2025-04-20 |  |  |  |  |  |  | <- | <- | <- | 
| 2025-04-21 | D16 | 08:30:00 | 21:30:00 | 4.5 | 12.5 | 修改数据，优化图纸 | <- | <- | <- | 
| 2025-04-22 | D16 | 08:30:00 | 17:30:00 | 0.5 | 8.5 | 修改数据，优化图纸 | <- | <- | <- | 
| 2025-04-23 | D16 | 08:30:00 | 19:00:00 | 2.0 | 10.0 | 修改数据，优化图纸 | <- | <- | <- | 
| 2025-04-24 | D16 | 08:30:00 | 19:00:00 | 2.0 | 10.0 | 修改数据，优化图纸 | <- | <- | <- | 
| 2025-04-25 | D16 | 08:30:00 | 20:30:00 | 3.5 | 11.5 | 修改数据，优化图纸 | <- | <- | <- | 
| 2025-04-26 |  |  |  |  |  |  | <- | <- | <- | 
| 2025-04-27 |  |  |  |  |  | 事假 | <- | <- | <- | 
| 2025-04-28 | D16 | 08:30:00 | 17:00:00 | 0.0 | 8.0 | 修改数据，优化图纸 | <- | <- | <- | 
| 2025-04-29 | D16 | 08:30:00 | 18:00:00 | 1.0 | 9.0 | 修改数据，优化图纸 | <- | <- | <- | 
| 2025-04-30 | D16 | 08:30:00 | 17:00:00 | 0.0 | 8.0 | 修改数据，优化图纸 | <- | <- | <- | 
| 2025-05-01 |  |  |  |  |  |  | <- | <- | <- | 
| 工时统计 | 项目名称 | 项目编号 | 加班 | <- | 工时 | 项目工程师签字 | <- | <- | <- | 
| ^ | E371 |  | 22.5 | <- | 114.5 |  | <- | <- | <- | 
| ^ | D16 |  | 25.0 | <- | 97.0 |  | <- | <- | <- | 
| ^ |  |  |  | <- |  |  | <- | <- | <- | 
| ^ |  |  |  | <- |  |  | <- | <- | <- | 
| 总计工时 | 211.50 | <- | 经理签字： | <- | <- |  | <- | <- | <- | 


## 工作表: Sheet1

| A | B | C | D | E | F | 
|  --- | --- | --- | --- | --- | --- |
|  |  |  | 一年调整一次，请勿随意删除 | <- | <- | 
|  |  |  | 2025 | <- | <- | 
| 年 | 月 |  | 节假日 | 调休加班日 |  | 
| 1905-07-17 | 4 |  | 45658 | 45683 |  | 
|  |  |  | 45685 | 45696 |  | 
|  |  |  | 45686 | 45774 |  | 
|  |  |  | 45687 | 45928 |  | 
|  |  |  | 45688 | 45941 |  | 
|  |  |  | 45689 |  |  | 
|  |  |  | 45690 |  |  | 
|  |  |  | 45691 |  |  | 
|  |  |  | 45692 |  |  | 
|  |  |  | 45751 |  |  | 
|  |  |  | 45752 |  |  | 
|  |  |  | 45753 |  |  | 
|  |  |  | 45778 |  |  | 
|  |  |  | 45779 |  |  | 
|  |  |  | 45780 |  |  | 
|  |  |  | 45781 |  |  | 
|  |  |  | 45782 |  |  | 
|  |  |  | 45808 |  |  | 
|  |  |  | 45809 |  |  | 
|  |  |  | 45810 |  |  | 
|  |  |  | 45931 |  |  | 
|  |  |  | 45932 |  |  | 
|  |  |  | 45933 |  |  | 
|  |  |  | 45934 |  |  | 
|  |  |  | 45935 |  |  | 
|  |  |  | 45936 |  |  | 
|  |  |  | 45937 |  |  | 
|  |  |  | 45938 |  |  | 



2025-05-20 10:56:32,688 - INFO - 从表格文本中，提取员工姓名和公司名称...
2025-05-20 10:56:32,689 - INFO - 发送请求到模型API...
2025-05-20 10:56:32,689 - INFO - system_prompt：
你是一个专业的表格信息提取助手。用户会提供给你一份Excel工时表，已转换为Markdown格式。你需要提取出表格包含的员工姓名`employee_name`和公司名称`company_name`。以JSON格式输出结果，包含`employee_name`和`company_name`两个字段。如果无法提取到员工姓名和公司名称，请返回空字符串。

markdown格式的表格中合并单元格表示法：
   - "^" 符号表示该单元格与上方单元格合并（纵向合并）
   - "<-" 符号表示该单元格与左侧单元格合并（横向合并）
   - "^<-" 符号表示该单元格同时与上方和左侧单元格合并（纵横合并）

比如：{"employee_name":"张三", "company_name":"XXX公司"}
注意：直接返回结果，不要包含任何解释或说明。

2025-05-20 10:56:32,690 - INFO - user_prompt：## 工作表: 万帅

| A | B | C | D | E | F | G | H | I | J | 
|  --- | --- | --- | --- | --- | --- | --- | --- | --- | --- |
| 重庆延锋安道拓 | <- | 上海睿励信息技术有限公司 工时记录表 | <- | <- | <- | <- | <- | <- | <- | 
| ^ | ^<- | 供应商 |  | <- | <- | <- | <- | <- | <- | 
| 工程师 | 万帅 | <- | 负责人 | 张俊 | 电话 | 15944179318 | <- | <- | <- | 
| 日期 | 项目名称 | 开始工作时间 | 工作结束时间 | 加班时间 | 总工作时间 | 备注 | <- | <- | <- | 
| 2025-04-01 | E371 | 08:30:00 | 17:00:00 | 0.0 | 8.0 | 修改数据，优化图纸 | <- | <- | <- | 
| 2025-04-02 | E371 | 08:30:00 | 23:30:00 | 6.5 | 14.5 | 修改数据，优化图纸 | <- | <- | <- | 
| 2025-04-03 | E371 | 08:30:00 | 17:00:00 | 0.0 | 8.0 | 修改数据，优化图纸 | <- | <- | <- | 
| 2025-04-04 |  |  |  |  |  |  | <- | <- | <- | 
| 2025-04-05 |  |  |  |  |  |  | <- | <- | <- | 
| 2025-04-06 |  |  |  |  |  |  | <- | <- | <- | 
| 2025-04-07 | E371 | 08:30:00 | 21:00:00 | 4.0 | 12.0 | 修改数据，优化图纸 | <- | <- | <- | 
| 2025-04-08 | E371 | 08:30:00 | 17:00:00 | 0.0 | 8.0 | 修改数据，优化图纸 | <- | <- | <- | 
| 2025-04-09 | E371 | 08:30:00 | 17:00:00 | 0.0 | 8.0 | 修改数据，优化图纸 | <- | <- | <- | 
| 2025-04-10 | E371 | 08:30:00 | 18:30:00 | 1.5 | 9.5 | 修改数据，优化图纸 | <- | <- | <- | 
| 2025-04-11 | E371 | 08:30:00 | 13:00:00 | 0.0 | 4.0 | 事假半天 | <- | <- | <- | 
| 2025-04-12 |  |  |  |  |  |  | <- | <- | <- | 
| 2025-04-13 |  |  |  |  |  |  | <- | <- | <- | 
| 2025-04-14 | E371 | 08:30:00 | 19:00:00 | 2.0 | 10.0 | 修改数据，优化图纸 | <- | <- | <- | 
| 2025-04-15 | E371 | 08:30:00 | 19:30:00 | 2.5 | 10.5 | 修改数据，优化图纸 | <- | <- | <- | 
| 2025-04-16 | E371 | 08:30:00 | 19:00:00 | 2.0 | 10.0 | 修改数据，优化图纸 | <- | <- | <- | 
| 2025-04-17 | E371 | 08:30:00 | 21:00:00 | 4.0 | 12.0 | 修改数据，优化图纸 | <- | <- | <- | 
| 2025-04-18 | D16 | 08:30:00 | 20:30:00 | 3.5 | 11.5 | 修改数据，优化图纸 | <- | <- | <- | 
| 2025-04-19 | D16 | 09:00:00 | 17:30:00 | 8.0 | 8.0 | 修改数据，优化图纸 | <- | <- | <- | 
| 2025-04-20 |  |  |  |  |  |  | <- | <- | <- | 
| 2025-04-21 | D16 | 08:30:00 | 21:30:00 | 4.5 | 12.5 | 修改数据，优化图纸 | <- | <- | <- | 
| 2025-04-22 | D16 | 08:30:00 | 17:30:00 | 0.5 | 8.5 | 修改数据，优化图纸 | <- | <- | <- | 
| 2025-04-23 | D16 | 08:30:00 | 19:00:00 | 2.0 | 10.0 | 修改数据，优化图纸 | <- | <- | <- | 
| 2025-04-24 | D16 | 08:30:00 | 19:00:00 | 2.0 | 10.0 | 修改数据，优化图纸 | <- | <- | <- | 
| 2025-04-25 | D16 | 08:30:00 | 20:30:00 | 3.5 | 11.5 | 修改数据，优化图纸 | <- | <- | <- | 
| 2025-04-26 |  |  |  |  |  |  | <- | <- | <- | 
| 2025-04-27 |  |  |  |  |  | 事假 | <- | <- | <- | 
| 2025-04-28 | D16 | 08:30:00 | 17:00:00 | 0.0 | 8.0 | 修改数据，优化图纸 | <- | <- | <- | 
| 2025-04-29 | D16 | 08:30:00 | 18:00:00 | 1.0 | 9.0 | 修改数据，优化图纸 | <- | <- | <- | 
| 2025-04-30 | D16 | 08:30:00 | 17:00:00 | 0.0 | 8.0 | 修改数据，优化图纸 | <- | <- | <- | 
| 2025-05-01 |  |  |  |  |  |  | <- | <- | <- | 
| 工时统计 | 项目名称 | 项目编号 | 加班 | <- | 工时 | 项目工程师签字 | <- | <- | <- | 
| ^ | E371 |  | 22.5 | <- | 114.5 |  | <- | <- | <- | 
| ^ | D16 |  | 25.0 | <- | 97.0 |  | <- | <- | <- | 
| ^ |  |  |  | <- |  |  | <- | <- | <- | 
| ^ |  |  |  | <- |  |  | <- | <- | <- | 
| 总计工时 | 211.50 | <- | 经理签字： | <- | <- |  | <- | <- | <- | 


## 工作表: Sheet1

| A | B | C | D | E | F | 
|  --- | --- | --- | --- | --- | --- |
|  |  |  | 一年调整一次，请勿随意删除 | <- | <- | 
|  |  |  | 2025 | <- | <- | 
| 年 | 月 |  | 节假日 | 调休加班日 |  | 
| 1905-07-17 | 4 |  | 45658 | 45683 |  | 
|  |  |  | 45685 | 45696 |  | 
|  |  |  | 45686 | 45774 |  | 
|  |  |  | 45687 | 45928 |  | 
|  |  |  | 45688 | 45941 |  | 
|  |  |  | 45689 |  |  | 
|  |  |  | 45690 |  |  | 
|  |  |  | 45691 |  |  | 
|  |  |  | 45692 |  |  | 
|  |  |  | 45751 |  |  | 
|  |  |  | 45752 |  |  | 
|  |  |  | 45753 |  |  | 
|  |  |  | 45778 |  |  | 
|  |  |  | 45779 |  |  | 
|  |  |  | 45780 |  |  | 
|  |  |  | 45781 |  |  | 
|  |  |  | 45782 |  |  | 
|  |  |  | 45808 |  |  | 
|  |  |  | 45809 |  |  | 
|  |  |  | 45810 |  |  | 
|  |  |  | 45931 |  |  | 
|  |  |  | 45932 |  |  | 
|  |  |  | 45933 |  |  | 
|  |  |  | 45934 |  |  | 
|  |  |  | 45935 |  |  | 
|  |  |  | 45936 |  |  | 
|  |  |  | 45937 |  |  | 
|  |  |  | 45938 |  |  | 



2025-05-20 10:56:34,599 - INFO - 请求成功，状态码: 200
2025-05-20 10:56:34,600 - INFO - 模型返回：{"employee_name":"万帅", "company_name":"重庆延锋安道拓"}

2025-05-20 10:56:34,600 - INFO - 解析模型返回：
 - 员工姓名：万帅,  - 公司名称：重庆延锋安道拓
2025-05-20 10:56:34,601 - INFO - 

从表格文本中，提取汇总数据...
2025-05-20 10:56:34,601 - INFO - 发送请求到模型API...
2025-05-20 10:56:34,601 - INFO - system_prompt：
你是一个专业的工时数据提取助手。用户会提供给你一份Excel工时表，已转换为Markdown格式。你需要提取出表格中的按照项目做统计的工时汇总数据。将提取结果以JSON格式输出。以项目名称作为key为项目名称，value为包含加班和工时的字典。

markdown格式的表格中合并单元格表示法：
   - "^" 符号表示该单元格与上方单元格合并（纵向合并）
   - "<-" 符号表示该单元格与左侧单元格合并（横向合并）
   - "^<-" 符号表示该单元格同时与上方和左侧单元格合并（纵横合并）

你可以按照以下步骤进行分析：
1. 首先，定位表格中工时统计汇总数据，通常在表格的下方。
2. 读取工时统计汇总数据，包含项目名称、项目编号、加班、工时等。项目编号可能为空。
3. 整理所有数据，以JSON格式输。key为项目名称，value为包含加班`overtime_hours`和工时`total_hours`的字典。

注意：
1.直接返回结果，不要包含任何解释或说明。
2.输出结果必须严格按照无语法错误的JSON格式输出，不能有任何其他格式。

以JSON格式输出结果，示例输出如下：
示例1：
{"D11":{"overtime_hours":20,"total_hours":120}, "A12":{"overtime_hours":6,"total_hours":14}, "B13":{"overtime_hours":1,"total_hours":10}}
示例2：
{"D11":{"overtime_hours":20,"total_hours":120}, "A12":{"overtime_hours":6,"total_hours":14}}

2025-05-20 10:56:34,604 - INFO - user_prompt：## 工作表: 万帅

| A | B | C | D | E | F | G | H | I | J | 
|  --- | --- | --- | --- | --- | --- | --- | --- | --- | --- |
| 重庆延锋安道拓 | <- | 上海睿励信息技术有限公司 工时记录表 | <- | <- | <- | <- | <- | <- | <- | 
| ^ | ^<- | 供应商 |  | <- | <- | <- | <- | <- | <- | 
| 工程师 | 万帅 | <- | 负责人 | 张俊 | 电话 | 15944179318 | <- | <- | <- | 
| 日期 | 项目名称 | 开始工作时间 | 工作结束时间 | 加班时间 | 总工作时间 | 备注 | <- | <- | <- | 
| 2025-04-01 | E371 | 08:30:00 | 17:00:00 | 0.0 | 8.0 | 修改数据，优化图纸 | <- | <- | <- | 
| 2025-04-02 | E371 | 08:30:00 | 23:30:00 | 6.5 | 14.5 | 修改数据，优化图纸 | <- | <- | <- | 
| 2025-04-03 | E371 | 08:30:00 | 17:00:00 | 0.0 | 8.0 | 修改数据，优化图纸 | <- | <- | <- | 
| 2025-04-04 |  |  |  |  |  |  | <- | <- | <- | 
| 2025-04-05 |  |  |  |  |  |  | <- | <- | <- | 
| 2025-04-06 |  |  |  |  |  |  | <- | <- | <- | 
| 2025-04-07 | E371 | 08:30:00 | 21:00:00 | 4.0 | 12.0 | 修改数据，优化图纸 | <- | <- | <- | 
| 2025-04-08 | E371 | 08:30:00 | 17:00:00 | 0.0 | 8.0 | 修改数据，优化图纸 | <- | <- | <- | 
| 2025-04-09 | E371 | 08:30:00 | 17:00:00 | 0.0 | 8.0 | 修改数据，优化图纸 | <- | <- | <- | 
| 2025-04-10 | E371 | 08:30:00 | 18:30:00 | 1.5 | 9.5 | 修改数据，优化图纸 | <- | <- | <- | 
| 2025-04-11 | E371 | 08:30:00 | 13:00:00 | 0.0 | 4.0 | 事假半天 | <- | <- | <- | 
| 2025-04-12 |  |  |  |  |  |  | <- | <- | <- | 
| 2025-04-13 |  |  |  |  |  |  | <- | <- | <- | 
| 2025-04-14 | E371 | 08:30:00 | 19:00:00 | 2.0 | 10.0 | 修改数据，优化图纸 | <- | <- | <- | 
| 2025-04-15 | E371 | 08:30:00 | 19:30:00 | 2.5 | 10.5 | 修改数据，优化图纸 | <- | <- | <- | 
| 2025-04-16 | E371 | 08:30:00 | 19:00:00 | 2.0 | 10.0 | 修改数据，优化图纸 | <- | <- | <- | 
| 2025-04-17 | E371 | 08:30:00 | 21:00:00 | 4.0 | 12.0 | 修改数据，优化图纸 | <- | <- | <- | 
| 2025-04-18 | D16 | 08:30:00 | 20:30:00 | 3.5 | 11.5 | 修改数据，优化图纸 | <- | <- | <- | 
| 2025-04-19 | D16 | 09:00:00 | 17:30:00 | 8.0 | 8.0 | 修改数据，优化图纸 | <- | <- | <- | 
| 2025-04-20 |  |  |  |  |  |  | <- | <- | <- | 
| 2025-04-21 | D16 | 08:30:00 | 21:30:00 | 4.5 | 12.5 | 修改数据，优化图纸 | <- | <- | <- | 
| 2025-04-22 | D16 | 08:30:00 | 17:30:00 | 0.5 | 8.5 | 修改数据，优化图纸 | <- | <- | <- | 
| 2025-04-23 | D16 | 08:30:00 | 19:00:00 | 2.0 | 10.0 | 修改数据，优化图纸 | <- | <- | <- | 
| 2025-04-24 | D16 | 08:30:00 | 19:00:00 | 2.0 | 10.0 | 修改数据，优化图纸 | <- | <- | <- | 
| 2025-04-25 | D16 | 08:30:00 | 20:30:00 | 3.5 | 11.5 | 修改数据，优化图纸 | <- | <- | <- | 
| 2025-04-26 |  |  |  |  |  |  | <- | <- | <- | 
| 2025-04-27 |  |  |  |  |  | 事假 | <- | <- | <- | 
| 2025-04-28 | D16 | 08:30:00 | 17:00:00 | 0.0 | 8.0 | 修改数据，优化图纸 | <- | <- | <- | 
| 2025-04-29 | D16 | 08:30:00 | 18:00:00 | 1.0 | 9.0 | 修改数据，优化图纸 | <- | <- | <- | 
| 2025-04-30 | D16 | 08:30:00 | 17:00:00 | 0.0 | 8.0 | 修改数据，优化图纸 | <- | <- | <- | 
| 2025-05-01 |  |  |  |  |  |  | <- | <- | <- | 
| 工时统计 | 项目名称 | 项目编号 | 加班 | <- | 工时 | 项目工程师签字 | <- | <- | <- | 
| ^ | E371 |  | 22.5 | <- | 114.5 |  | <- | <- | <- | 
| ^ | D16 |  | 25.0 | <- | 97.0 |  | <- | <- | <- | 
| ^ |  |  |  | <- |  |  | <- | <- | <- | 
| ^ |  |  |  | <- |  |  | <- | <- | <- | 
| 总计工时 | 211.50 | <- | 经理签字： | <- | <- |  | <- | <- | <- | 


## 工作表: Sheet1

| A | B | C | D | E | F | 
|  --- | --- | --- | --- | --- | --- |
|  |  |  | 一年调整一次，请勿随意删除 | <- | <- | 
|  |  |  | 2025 | <- | <- | 
| 年 | 月 |  | 节假日 | 调休加班日 |  | 
| 1905-07-17 | 4 |  | 45658 | 45683 |  | 
|  |  |  | 45685 | 45696 |  | 
|  |  |  | 45686 | 45774 |  | 
|  |  |  | 45687 | 45928 |  | 
|  |  |  | 45688 | 45941 |  | 
|  |  |  | 45689 |  |  | 
|  |  |  | 45690 |  |  | 
|  |  |  | 45691 |  |  | 
|  |  |  | 45692 |  |  | 
|  |  |  | 45751 |  |  | 
|  |  |  | 45752 |  |  | 
|  |  |  | 45753 |  |  | 
|  |  |  | 45778 |  |  | 
|  |  |  | 45779 |  |  | 
|  |  |  | 45780 |  |  | 
|  |  |  | 45781 |  |  | 
|  |  |  | 45782 |  |  | 
|  |  |  | 45808 |  |  | 
|  |  |  | 45809 |  |  | 
|  |  |  | 45810 |  |  | 
|  |  |  | 45931 |  |  | 
|  |  |  | 45932 |  |  | 
|  |  |  | 45933 |  |  | 
|  |  |  | 45934 |  |  | 
|  |  |  | 45935 |  |  | 
|  |  |  | 45936 |  |  | 
|  |  |  | 45937 |  |  | 
|  |  |  | 45938 |  |  | 



2025-05-20 10:56:37,008 - INFO - 请求成功，状态码: 200
2025-05-20 10:56:37,010 - INFO - 模型返回：
{"E371":{"overtime_hours":22.5,"total_hours":114.5}, "D16":{"overtime_hours":25.0,"total_hours":97.0}}

2025-05-20 10:56:37,011 - INFO - 源数据表中的工时汇总数据：{'E371': {'overtime_hours': 22.5, 'total_hours': 114.5}, 'D16': {'overtime_hours': 25.0, 'total_hours': 97.0}}
2025-05-20 10:56:37,011 - INFO - 文件处理进度：2 / 10
2025-05-20 10:56:37,012 - INFO - 开始处理工时文件：D:/sotos工作资料/test/3\唐倩工时表-重庆安道拓-2025年04月 .xlsx
2025-05-20 10:56:37,284 - INFO - Excel表格提取文本：
## 工作表: 唐倩

| A | B | C | D | E | F | G | H | I | J | 
|  --- | --- | --- | --- | --- | --- | --- | --- | --- | --- |
| 重庆延锋安道拓 | <- | 上海睿励信息技术有限公司 工时记录表 | <- | <- | <- | <- | <- | <- | <- | 
| ^ | ^<- | 供应商 |  | <- | <- | <- | <- | <- | <- | 
| 工程师 | 唐倩 | <- | 负责人 | 谢轻 | 电话 | 18502368670 | <- | <- | <- | 
| 日期 | 项目名称 | 开始工作时间 | 工作结束时间 | 加班时间 | 总工作时间 | 备注 | <- | <- | <- | 
| 2025-04-01 | 创新项目 | 08:30:00 | 18:30:00 | 1.5 | 9.5 | 数据图纸更新和变更发放 | <- | <- | <- | 
| 2025-04-02 | 创新项目 | 08:30:00 | 19:00:00 | 2.0 | 10.0 | 数据图纸更新和变更发放 | <- | <- | <- | 
| 2025-04-03 | 创新项目 | 08:30:00 | 17:30:00 | 0.5 | 8.5 | 数据图纸更新和变更发放 | <- | <- | <- | 
| 2025-04-04 |  |  |  |  |  |  | <- | <- | <- | 
| 2025-04-05 |  |  |  |  |  |  | <- | <- | <- | 
| 2025-04-06 |  |  |  |  |  |  | <- | <- | <- | 
| 2025-04-07 | 创新项目 | 08:30:00 | 19:00:00 | 2.0 | 10.0 | 数据图纸更新和变更发放 | <- | <- | <- | 
| 2025-04-08 | 创新项目 | 08:30:00 | 18:30:00 | 1.5 | 9.5 | 数据图纸更新和变更发放 | <- | <- | <- | 
| 2025-04-09 | 创新项目 | 08:30:00 | 20:00:00 | 3.0 | 11.0 | 变更发放和供应商测试报告整理 | <- | <- | <- | 
| 2025-04-10 | 创新项目 | 08:30:00 | 19:00:00 | 2.0 | 10.0 | 变更发放和BOM表维护 | <- | <- | <- | 
| 2025-04-11 | 创新项目 | 08:30:00 | 18:30:00 | 1.5 | 9.5 | 变更发放和供应商测试报告整理 | <- | <- | <- | 
| 2025-04-12 |  |  |  |  |  |  | <- | <- | <- | 
| 2025-04-13 |  |  |  |  |  |  | <- | <- | <- | 
| 2025-04-14 | 创新项目 | 08:30:00 | 18:00:00 | 1.0 | 9.0 | 数据图纸更新和变更发放 | <- | <- | <- | 
| 2025-04-15 | 创新项目 | 08:30:00 | 19:30:00 | 2.5 | 10.5 | 数据图纸更新和BOM表维护 | <- | <- | <- | 
| 2025-04-16 | 创新项目 | 08:30:00 | 18:30:00 | 1.5 | 9.5 | 数据图纸更新和变更发放 | <- | <- | <- | 
| 2025-04-17 | 创新项目 | 08:30:00 | 19:00:00 | 2.0 | 10.0 | 变更资料准备和BOM表维护 | <- | <- | <- | 
| 2025-04-18 | 创新项目 | 08:30:00 | 19:00:00 | 2.0 | 10.0 | 变更资料准备和BOM表维护 | <- | <- | <- | 
| 2025-04-19 |  |  |  |  |  |  | <- | <- | <- | 
| 2025-04-20 |  |  |  |  |  |  | <- | <- | <- | 
| 2025-04-21 | 创新项目 | 08:30:00 | 20:00:00 | 3.0 | 11.0 | 变更资料准备和数据图纸更新 | <- | <- | <- | 
| 2025-04-22 | 创新项目 | 08:30:00 | 21:00:00 | 4.0 | 12.0 | 变更资料准备和数据图纸更新 | <- | <- | <- | 
| 2025-04-23 | 创新项目 | 08:30:00 | 19:30:00 | 2.5 | 10.5 | 变更发放和BOM表维护 | <- | <- | <- | 
| 2025-04-24 | 创新项目 | 08:30:00 | 19:00:00 | 2.0 | 10.0 | 变更发放和BOM表维护 | <- | <- | <- | 
| 2025-04-25 | 创新项目 | 08:30:00 | 19:30:00 | 2.5 | 10.5 | 变更说明和数据图纸更新 | <- | <- | <- | 
| 2025-04-26 |  |  |  |  |  |  | <- | <- | <- | 
| 2025-04-27 | 创新项目 | 08:30:00 | 18:30:00 | 1.5 | 9.5 | 变更说明和数据图纸更新 | <- | <- | <- | 
| 2025-04-28 | 创新项目 | 08:30:00 | 19:30:00 | 2.5 | 10.5 | 变更资料准备和数据图纸更新 | <- | <- | <- | 
| 2025-04-29 | 创新项目 | 08:30:00 | 19:30:00 | 2.5 | 10.5 | 变更资料准备和数据图纸更新 | <- | <- | <- | 
| 2025-04-30 | 创新项目 | 08:30:00 | 17:30:00 | 0.5 | 8.5 | 变更资料准备和数据图纸更新 | <- | <- | <- | 
| 2025-05-01 |  |  |  |  |  |  | <- | <- | <- | 
| 工时统计 | 项目名称 | 项目编号 | 加班 | <- | 工时 | 项目工程师签字 | <- | <- | <- | 
| ^ | 创新项目 |  | 44.0 | <- | 220.0 |  | <- | <- | <- | 
| ^ |  |  |  | <- |  |  | <- | <- | <- | 
| ^ |  |  |  | <- |  |  | <- | <- | <- | 
| ^ |  |  |  | <- |  |  | <- | <- | <- | 
| 总计工时 | 220.00 | <- | 经理签字： | <- | <- |  | <- | <- | <- | 


## 工作表: Sheet1

| A | B | C | D | E | F | 
|  --- | --- | --- | --- | --- | --- |
|  |  |  | 一年调整一次，请勿随意删除 | <- | <- | 
|  |  |  | 2025 | <- | <- | 
| 年 | 月 |  | 节假日 | 调休加班日 |  | 
| 1905-07-17 | 4 |  | 45658 | 45683 |  | 
|  |  |  | 45685 | 45696 |  | 
|  |  |  | 45686 | 45774 |  | 
|  |  |  | 45687 | 45928 |  | 
|  |  |  | 45688 | 45941 |  | 
|  |  |  | 45689 |  |  | 
|  |  |  | 45690 |  |  | 
|  |  |  | 45691 |  |  | 
|  |  |  | 45692 |  |  | 
|  |  |  | 45751 |  |  | 
|  |  |  | 45752 |  |  | 
|  |  |  | 45753 |  |  | 
|  |  |  | 45778 |  |  | 
|  |  |  | 45779 |  |  | 
|  |  |  | 45780 |  |  | 
|  |  |  | 45781 |  |  | 
|  |  |  | 45782 |  |  | 
|  |  |  | 45808 |  |  | 
|  |  |  | 45809 |  |  | 
|  |  |  | 45810 |  |  | 
|  |  |  | 45931 |  |  | 
|  |  |  | 45932 |  |  | 
|  |  |  | 45933 |  |  | 
|  |  |  | 45934 |  |  | 
|  |  |  | 45935 |  |  | 
|  |  |  | 45936 |  |  | 
|  |  |  | 45937 |  |  | 
|  |  |  | 45938 |  |  | 



2025-05-20 10:56:37,301 - INFO - 从表格文本中，提取员工姓名和公司名称...
2025-05-20 10:56:37,302 - INFO - 发送请求到模型API...
2025-05-20 10:56:37,302 - INFO - system_prompt：
你是一个专业的表格信息提取助手。用户会提供给你一份Excel工时表，已转换为Markdown格式。你需要提取出表格包含的员工姓名`employee_name`和公司名称`company_name`。以JSON格式输出结果，包含`employee_name`和`company_name`两个字段。如果无法提取到员工姓名和公司名称，请返回空字符串。

markdown格式的表格中合并单元格表示法：
   - "^" 符号表示该单元格与上方单元格合并（纵向合并）
   - "<-" 符号表示该单元格与左侧单元格合并（横向合并）
   - "^<-" 符号表示该单元格同时与上方和左侧单元格合并（纵横合并）

比如：{"employee_name":"张三", "company_name":"XXX公司"}
注意：直接返回结果，不要包含任何解释或说明。

2025-05-20 10:56:37,305 - INFO - user_prompt：## 工作表: 唐倩

| A | B | C | D | E | F | G | H | I | J | 
|  --- | --- | --- | --- | --- | --- | --- | --- | --- | --- |
| 重庆延锋安道拓 | <- | 上海睿励信息技术有限公司 工时记录表 | <- | <- | <- | <- | <- | <- | <- | 
| ^ | ^<- | 供应商 |  | <- | <- | <- | <- | <- | <- | 
| 工程师 | 唐倩 | <- | 负责人 | 谢轻 | 电话 | 18502368670 | <- | <- | <- | 
| 日期 | 项目名称 | 开始工作时间 | 工作结束时间 | 加班时间 | 总工作时间 | 备注 | <- | <- | <- | 
| 2025-04-01 | 创新项目 | 08:30:00 | 18:30:00 | 1.5 | 9.5 | 数据图纸更新和变更发放 | <- | <- | <- | 
| 2025-04-02 | 创新项目 | 08:30:00 | 19:00:00 | 2.0 | 10.0 | 数据图纸更新和变更发放 | <- | <- | <- | 
| 2025-04-03 | 创新项目 | 08:30:00 | 17:30:00 | 0.5 | 8.5 | 数据图纸更新和变更发放 | <- | <- | <- | 
| 2025-04-04 |  |  |  |  |  |  | <- | <- | <- | 
| 2025-04-05 |  |  |  |  |  |  | <- | <- | <- | 
| 2025-04-06 |  |  |  |  |  |  | <- | <- | <- | 
| 2025-04-07 | 创新项目 | 08:30:00 | 19:00:00 | 2.0 | 10.0 | 数据图纸更新和变更发放 | <- | <- | <- | 
| 2025-04-08 | 创新项目 | 08:30:00 | 18:30:00 | 1.5 | 9.5 | 数据图纸更新和变更发放 | <- | <- | <- | 
| 2025-04-09 | 创新项目 | 08:30:00 | 20:00:00 | 3.0 | 11.0 | 变更发放和供应商测试报告整理 | <- | <- | <- | 
| 2025-04-10 | 创新项目 | 08:30:00 | 19:00:00 | 2.0 | 10.0 | 变更发放和BOM表维护 | <- | <- | <- | 
| 2025-04-11 | 创新项目 | 08:30:00 | 18:30:00 | 1.5 | 9.5 | 变更发放和供应商测试报告整理 | <- | <- | <- | 
| 2025-04-12 |  |  |  |  |  |  | <- | <- | <- | 
| 2025-04-13 |  |  |  |  |  |  | <- | <- | <- | 
| 2025-04-14 | 创新项目 | 08:30:00 | 18:00:00 | 1.0 | 9.0 | 数据图纸更新和变更发放 | <- | <- | <- | 
| 2025-04-15 | 创新项目 | 08:30:00 | 19:30:00 | 2.5 | 10.5 | 数据图纸更新和BOM表维护 | <- | <- | <- | 
| 2025-04-16 | 创新项目 | 08:30:00 | 18:30:00 | 1.5 | 9.5 | 数据图纸更新和变更发放 | <- | <- | <- | 
| 2025-04-17 | 创新项目 | 08:30:00 | 19:00:00 | 2.0 | 10.0 | 变更资料准备和BOM表维护 | <- | <- | <- | 
| 2025-04-18 | 创新项目 | 08:30:00 | 19:00:00 | 2.0 | 10.0 | 变更资料准备和BOM表维护 | <- | <- | <- | 
| 2025-04-19 |  |  |  |  |  |  | <- | <- | <- | 
| 2025-04-20 |  |  |  |  |  |  | <- | <- | <- | 
| 2025-04-21 | 创新项目 | 08:30:00 | 20:00:00 | 3.0 | 11.0 | 变更资料准备和数据图纸更新 | <- | <- | <- | 
| 2025-04-22 | 创新项目 | 08:30:00 | 21:00:00 | 4.0 | 12.0 | 变更资料准备和数据图纸更新 | <- | <- | <- | 
| 2025-04-23 | 创新项目 | 08:30:00 | 19:30:00 | 2.5 | 10.5 | 变更发放和BOM表维护 | <- | <- | <- | 
| 2025-04-24 | 创新项目 | 08:30:00 | 19:00:00 | 2.0 | 10.0 | 变更发放和BOM表维护 | <- | <- | <- | 
| 2025-04-25 | 创新项目 | 08:30:00 | 19:30:00 | 2.5 | 10.5 | 变更说明和数据图纸更新 | <- | <- | <- | 
| 2025-04-26 |  |  |  |  |  |  | <- | <- | <- | 
| 2025-04-27 | 创新项目 | 08:30:00 | 18:30:00 | 1.5 | 9.5 | 变更说明和数据图纸更新 | <- | <- | <- | 
| 2025-04-28 | 创新项目 | 08:30:00 | 19:30:00 | 2.5 | 10.5 | 变更资料准备和数据图纸更新 | <- | <- | <- | 
| 2025-04-29 | 创新项目 | 08:30:00 | 19:30:00 | 2.5 | 10.5 | 变更资料准备和数据图纸更新 | <- | <- | <- | 
| 2025-04-30 | 创新项目 | 08:30:00 | 17:30:00 | 0.5 | 8.5 | 变更资料准备和数据图纸更新 | <- | <- | <- | 
| 2025-05-01 |  |  |  |  |  |  | <- | <- | <- | 
| 工时统计 | 项目名称 | 项目编号 | 加班 | <- | 工时 | 项目工程师签字 | <- | <- | <- | 
| ^ | 创新项目 |  | 44.0 | <- | 220.0 |  | <- | <- | <- | 
| ^ |  |  |  | <- |  |  | <- | <- | <- | 
| ^ |  |  |  | <- |  |  | <- | <- | <- | 
| ^ |  |  |  | <- |  |  | <- | <- | <- | 
| 总计工时 | 220.00 | <- | 经理签字： | <- | <- |  | <- | <- | <- | 


## 工作表: Sheet1

| A | B | C | D | E | F | 
|  --- | --- | --- | --- | --- | --- |
|  |  |  | 一年调整一次，请勿随意删除 | <- | <- | 
|  |  |  | 2025 | <- | <- | 
| 年 | 月 |  | 节假日 | 调休加班日 |  | 
| 1905-07-17 | 4 |  | 45658 | 45683 |  | 
|  |  |  | 45685 | 45696 |  | 
|  |  |  | 45686 | 45774 |  | 
|  |  |  | 45687 | 45928 |  | 
|  |  |  | 45688 | 45941 |  | 
|  |  |  | 45689 |  |  | 
|  |  |  | 45690 |  |  | 
|  |  |  | 45691 |  |  | 
|  |  |  | 45692 |  |  | 
|  |  |  | 45751 |  |  | 
|  |  |  | 45752 |  |  | 
|  |  |  | 45753 |  |  | 
|  |  |  | 45778 |  |  | 
|  |  |  | 45779 |  |  | 
|  |  |  | 45780 |  |  | 
|  |  |  | 45781 |  |  | 
|  |  |  | 45782 |  |  | 
|  |  |  | 45808 |  |  | 
|  |  |  | 45809 |  |  | 
|  |  |  | 45810 |  |  | 
|  |  |  | 45931 |  |  | 
|  |  |  | 45932 |  |  | 
|  |  |  | 45933 |  |  | 
|  |  |  | 45934 |  |  | 
|  |  |  | 45935 |  |  | 
|  |  |  | 45936 |  |  | 
|  |  |  | 45937 |  |  | 
|  |  |  | 45938 |  |  | 



2025-05-20 10:56:39,296 - INFO - 请求成功，状态码: 200
2025-05-20 10:56:39,298 - INFO - 模型返回：{"employee_name":"唐倩", "company_name":"上海睿励信息技术有限公司"}

2025-05-20 10:56:39,299 - INFO - 解析模型返回：
 - 员工姓名：唐倩,  - 公司名称：上海睿励信息技术有限公司
2025-05-20 10:56:39,299 - INFO - 

从表格文本中，提取汇总数据...
2025-05-20 10:56:39,300 - INFO - 发送请求到模型API...
2025-05-20 10:56:39,300 - INFO - system_prompt：
你是一个专业的工时数据提取助手。用户会提供给你一份Excel工时表，已转换为Markdown格式。你需要提取出表格中的按照项目做统计的工时汇总数据。将提取结果以JSON格式输出。以项目名称作为key为项目名称，value为包含加班和工时的字典。

markdown格式的表格中合并单元格表示法：
   - "^" 符号表示该单元格与上方单元格合并（纵向合并）
   - "<-" 符号表示该单元格与左侧单元格合并（横向合并）
   - "^<-" 符号表示该单元格同时与上方和左侧单元格合并（纵横合并）

你可以按照以下步骤进行分析：
1. 首先，定位表格中工时统计汇总数据，通常在表格的下方。
2. 读取工时统计汇总数据，包含项目名称、项目编号、加班、工时等。项目编号可能为空。
3. 整理所有数据，以JSON格式输。key为项目名称，value为包含加班`overtime_hours`和工时`total_hours`的字典。

注意：
1.直接返回结果，不要包含任何解释或说明。
2.输出结果必须严格按照无语法错误的JSON格式输出，不能有任何其他格式。

以JSON格式输出结果，示例输出如下：
示例1：
{"D11":{"overtime_hours":20,"total_hours":120}, "A12":{"overtime_hours":6,"total_hours":14}, "B13":{"overtime_hours":1,"total_hours":10}}
示例2：
{"D11":{"overtime_hours":20,"total_hours":120}, "A12":{"overtime_hours":6,"total_hours":14}}

2025-05-20 10:56:39,304 - INFO - user_prompt：## 工作表: 唐倩

| A | B | C | D | E | F | G | H | I | J | 
|  --- | --- | --- | --- | --- | --- | --- | --- | --- | --- |
| 重庆延锋安道拓 | <- | 上海睿励信息技术有限公司 工时记录表 | <- | <- | <- | <- | <- | <- | <- | 
| ^ | ^<- | 供应商 |  | <- | <- | <- | <- | <- | <- | 
| 工程师 | 唐倩 | <- | 负责人 | 谢轻 | 电话 | 18502368670 | <- | <- | <- | 
| 日期 | 项目名称 | 开始工作时间 | 工作结束时间 | 加班时间 | 总工作时间 | 备注 | <- | <- | <- | 
| 2025-04-01 | 创新项目 | 08:30:00 | 18:30:00 | 1.5 | 9.5 | 数据图纸更新和变更发放 | <- | <- | <- | 
| 2025-04-02 | 创新项目 | 08:30:00 | 19:00:00 | 2.0 | 10.0 | 数据图纸更新和变更发放 | <- | <- | <- | 
| 2025-04-03 | 创新项目 | 08:30:00 | 17:30:00 | 0.5 | 8.5 | 数据图纸更新和变更发放 | <- | <- | <- | 
| 2025-04-04 |  |  |  |  |  |  | <- | <- | <- | 
| 2025-04-05 |  |  |  |  |  |  | <- | <- | <- | 
| 2025-04-06 |  |  |  |  |  |  | <- | <- | <- | 
| 2025-04-07 | 创新项目 | 08:30:00 | 19:00:00 | 2.0 | 10.0 | 数据图纸更新和变更发放 | <- | <- | <- | 
| 2025-04-08 | 创新项目 | 08:30:00 | 18:30:00 | 1.5 | 9.5 | 数据图纸更新和变更发放 | <- | <- | <- | 
| 2025-04-09 | 创新项目 | 08:30:00 | 20:00:00 | 3.0 | 11.0 | 变更发放和供应商测试报告整理 | <- | <- | <- | 
| 2025-04-10 | 创新项目 | 08:30:00 | 19:00:00 | 2.0 | 10.0 | 变更发放和BOM表维护 | <- | <- | <- | 
| 2025-04-11 | 创新项目 | 08:30:00 | 18:30:00 | 1.5 | 9.5 | 变更发放和供应商测试报告整理 | <- | <- | <- | 
| 2025-04-12 |  |  |  |  |  |  | <- | <- | <- | 
| 2025-04-13 |  |  |  |  |  |  | <- | <- | <- | 
| 2025-04-14 | 创新项目 | 08:30:00 | 18:00:00 | 1.0 | 9.0 | 数据图纸更新和变更发放 | <- | <- | <- | 
| 2025-04-15 | 创新项目 | 08:30:00 | 19:30:00 | 2.5 | 10.5 | 数据图纸更新和BOM表维护 | <- | <- | <- | 
| 2025-04-16 | 创新项目 | 08:30:00 | 18:30:00 | 1.5 | 9.5 | 数据图纸更新和变更发放 | <- | <- | <- | 
| 2025-04-17 | 创新项目 | 08:30:00 | 19:00:00 | 2.0 | 10.0 | 变更资料准备和BOM表维护 | <- | <- | <- | 
| 2025-04-18 | 创新项目 | 08:30:00 | 19:00:00 | 2.0 | 10.0 | 变更资料准备和BOM表维护 | <- | <- | <- | 
| 2025-04-19 |  |  |  |  |  |  | <- | <- | <- | 
| 2025-04-20 |  |  |  |  |  |  | <- | <- | <- | 
| 2025-04-21 | 创新项目 | 08:30:00 | 20:00:00 | 3.0 | 11.0 | 变更资料准备和数据图纸更新 | <- | <- | <- | 
| 2025-04-22 | 创新项目 | 08:30:00 | 21:00:00 | 4.0 | 12.0 | 变更资料准备和数据图纸更新 | <- | <- | <- | 
| 2025-04-23 | 创新项目 | 08:30:00 | 19:30:00 | 2.5 | 10.5 | 变更发放和BOM表维护 | <- | <- | <- | 
| 2025-04-24 | 创新项目 | 08:30:00 | 19:00:00 | 2.0 | 10.0 | 变更发放和BOM表维护 | <- | <- | <- | 
| 2025-04-25 | 创新项目 | 08:30:00 | 19:30:00 | 2.5 | 10.5 | 变更说明和数据图纸更新 | <- | <- | <- | 
| 2025-04-26 |  |  |  |  |  |  | <- | <- | <- | 
| 2025-04-27 | 创新项目 | 08:30:00 | 18:30:00 | 1.5 | 9.5 | 变更说明和数据图纸更新 | <- | <- | <- | 
| 2025-04-28 | 创新项目 | 08:30:00 | 19:30:00 | 2.5 | 10.5 | 变更资料准备和数据图纸更新 | <- | <- | <- | 
| 2025-04-29 | 创新项目 | 08:30:00 | 19:30:00 | 2.5 | 10.5 | 变更资料准备和数据图纸更新 | <- | <- | <- | 
| 2025-04-30 | 创新项目 | 08:30:00 | 17:30:00 | 0.5 | 8.5 | 变更资料准备和数据图纸更新 | <- | <- | <- | 
| 2025-05-01 |  |  |  |  |  |  | <- | <- | <- | 
| 工时统计 | 项目名称 | 项目编号 | 加班 | <- | 工时 | 项目工程师签字 | <- | <- | <- | 
| ^ | 创新项目 |  | 44.0 | <- | 220.0 |  | <- | <- | <- | 
| ^ |  |  |  | <- |  |  | <- | <- | <- | 
| ^ |  |  |  | <- |  |  | <- | <- | <- | 
| ^ |  |  |  | <- |  |  | <- | <- | <- | 
| 总计工时 | 220.00 | <- | 经理签字： | <- | <- |  | <- | <- | <- | 


## 工作表: Sheet1

| A | B | C | D | E | F | 
|  --- | --- | --- | --- | --- | --- |
|  |  |  | 一年调整一次，请勿随意删除 | <- | <- | 
|  |  |  | 2025 | <- | <- | 
| 年 | 月 |  | 节假日 | 调休加班日 |  | 
| 1905-07-17 | 4 |  | 45658 | 45683 |  | 
|  |  |  | 45685 | 45696 |  | 
|  |  |  | 45686 | 45774 |  | 
|  |  |  | 45687 | 45928 |  | 
|  |  |  | 45688 | 45941 |  | 
|  |  |  | 45689 |  |  | 
|  |  |  | 45690 |  |  | 
|  |  |  | 45691 |  |  | 
|  |  |  | 45692 |  |  | 
|  |  |  | 45751 |  |  | 
|  |  |  | 45752 |  |  | 
|  |  |  | 45753 |  |  | 
|  |  |  | 45778 |  |  | 
|  |  |  | 45779 |  |  | 
|  |  |  | 45780 |  |  | 
|  |  |  | 45781 |  |  | 
|  |  |  | 45782 |  |  | 
|  |  |  | 45808 |  |  | 
|  |  |  | 45809 |  |  | 
|  |  |  | 45810 |  |  | 
|  |  |  | 45931 |  |  | 
|  |  |  | 45932 |  |  | 
|  |  |  | 45933 |  |  | 
|  |  |  | 45934 |  |  | 
|  |  |  | 45935 |  |  | 
|  |  |  | 45936 |  |  | 
|  |  |  | 45937 |  |  | 
|  |  |  | 45938 |  |  | 



2025-05-20 10:56:41,261 - INFO - 请求成功，状态码: 200
2025-05-20 10:56:41,262 - INFO - 模型返回：
{"创新项目":{"overtime_hours":44.0,"total_hours":220.0}}

2025-05-20 10:56:41,263 - INFO - 源数据表中的工时汇总数据：{'创新项目': {'overtime_hours': 44.0, 'total_hours': 220.0}}
2025-05-20 10:56:41,264 - INFO - 文件处理进度：3 / 10
2025-05-20 10:56:41,264 - INFO - 开始处理工时文件：D:/sotos工作资料/test/3\唐竟峰工时表-重庆安道拓-2025年04月.xlsx
2025-05-20 10:56:41,515 - INFO - Excel表格提取文本：
## 工作表: 唐竟峰

| A | B | C | D | E | F | G | H | I | J | 
|  --- | --- | --- | --- | --- | --- | --- | --- | --- | --- |
| 重庆延锋安道拓 | <- | 上海睿励信息技术有限公司 工时记录表 | <- | <- | <- | <- | <- | <- | <- | 
| ^ | ^<- | 供应商 |  | <- | <- | <- | <- | <- | <- | 
| 工程师 | 唐竟峰 | <- | 负责人 | 刘书志 | 电话 | xxx | <- | <- | <- | 
| 日期 | 项目名称 | 开始工作时间 | 工作结束时间 | 加班时间 | 总工作时间 | 备注 | <- | <- | <- | 
| 2025-04-01 |  |  |  |  |  |  | <- | <- | <- | 
| 2025-04-02 |  |  |  |  |  |  | <- | <- | <- | 
| 2025-04-03 |  |  |  |  |  |  | <- | <- | <- | 
| 2025-04-04 |  |  |  |  |  |  | <- | <- | <- | 
| 2025-04-05 |  |  |  |  |  |  | <- | <- | <- | 
| 2025-04-06 |  |  |  |  |  |  | <- | <- | <- | 
| 2025-04-07 |  |  |  |  |  |  | <- | <- | <- | 
| 2025-04-08 |  |  |  |  |  |  | <- | <- | <- | 
| 2025-04-09 |  |  |  |  |  |  | <- | <- | <- | 
| 2025-04-10 |  |  |  |  |  |  | <- | <- | <- | 
| 2025-04-11 |  |  |  |  |  |  | <- | <- | <- | 
| 2025-04-12 |  |  |  |  |  |  | <- | <- | <- | 
| 2025-04-13 |  |  |  |  |  |  | <- | <- | <- | 
| 2025-04-14 |  |  |  |  |  |  | <- | <- | <- | 
| 2025-04-15 |  |  |  |  |  |  | <- | <- | <- | 
| 2025-04-16 |  |  |  |  |  |  | <- | <- | <- | 
| 2025-04-17 |  |  |  |  |  |  | <- | <- | <- | 
| 2025-04-18 |  |  |  |  |  |  | <- | <- | <- | 
| 2025-04-19 |  |  |  |  |  |  | <- | <- | <- | 
| 2025-04-20 |  |  |  |  |  |  | <- | <- | <- | 
| 2025-04-21 |  |  |  |  |  |  | <- | <- | <- | 
| 2025-04-22 |  |  |  |  |  |  | <- | <- | <- | 
| 2025-04-23 |  |  |  |  |  |  | <- | <- | <- | 
| 2025-04-24 |  |  |  |  |  |  | <- | <- | <- | 
| 2025-04-25 |  |  |  |  |  |  | <- | <- | <- | 
| 2025-04-26 |  |  |  |  |  |  | <- | <- | <- | 
| 2025-04-27 | D21 | 09:00:00 | 20:00:00 | 2.5 | 10.5 | 数据优化 | <- | <- | <- | 
| 2025-04-28 | D21 | 09:00:00 | 20:00:00 | 2.5 | 10.5 | 数据优化 | <- | <- | <- | 
| 2025-04-29 | D21 | 09:00:00 | 20:00:00 | 2.5 | 10.5 | 数据优化 | <- | <- | <- | 
| 2025-04-30 | D21 | 09:00:00 | 17:30:00 | 0.0 | 8.0 | 数据优化 | <- | <- | <- | 
| 2025-05-01 |  |  |  |  |  |  | <- | <- | <- | 
| 工时统计 | 项目名称 | 项目编号 | 加班 | <- | 工时 | 项目工程师签字 | <- | <- | <- | 
| ^ | D21 |  | 7.5 | <- | 39.5 |  | <- | <- | <- | 
| ^ |  |  |  | <- |  |  | <- | <- | <- | 
| ^ |  |  |  | <- |  |  | <- | <- | <- | 
| ^ |  |  |  | <- |  |  | <- | <- | <- | 
| 总计工时 | 39.50 | <- | 经理签字： | <- | <- |  | <- | <- | <- | 


## 工作表: Sheet1

| A | B | C | D | E | F | 
|  --- | --- | --- | --- | --- | --- |
|  |  |  | 一年调整一次，请勿随意删除 | <- | <- | 
|  |  |  | 2025 | <- | <- | 
| 年 | 月 |  | 节假日 | 调休加班日 |  | 
| 1905-07-17 | 1 |  | 45658 | 45683 |  | 
|  |  |  | 45685 | 45696 |  | 
|  |  |  | 45686 | 45774 |  | 
|  |  |  | 45687 | 45928 |  | 
|  |  |  | 45688 | 45941 |  | 
|  |  |  | 45689 |  |  | 
|  |  |  | 45690 |  |  | 
|  |  |  | 45691 |  |  | 
|  |  |  | 45692 |  |  | 
|  |  |  | 45751 |  |  | 
|  |  |  | 45752 |  |  | 
|  |  |  | 45753 |  |  | 
|  |  |  | 45778 |  |  | 
|  |  |  | 45779 |  |  | 
|  |  |  | 45780 |  |  | 
|  |  |  | 45781 |  |  | 
|  |  |  | 45782 |  |  | 
|  |  |  | 45808 |  |  | 
|  |  |  | 45809 |  |  | 
|  |  |  | 45810 |  |  | 
|  |  |  | 45931 |  |  | 
|  |  |  | 45932 |  |  | 
|  |  |  | 45933 |  |  | 
|  |  |  | 45934 |  |  | 
|  |  |  | 45935 |  |  | 
|  |  |  | 45936 |  |  | 
|  |  |  | 45937 |  |  | 
|  |  |  | 45938 |  |  | 



2025-05-20 10:56:41,531 - INFO - 从表格文本中，提取员工姓名和公司名称...
2025-05-20 10:56:41,531 - INFO - 发送请求到模型API...
2025-05-20 10:56:41,532 - INFO - system_prompt：
你是一个专业的表格信息提取助手。用户会提供给你一份Excel工时表，已转换为Markdown格式。你需要提取出表格包含的员工姓名`employee_name`和公司名称`company_name`。以JSON格式输出结果，包含`employee_name`和`company_name`两个字段。如果无法提取到员工姓名和公司名称，请返回空字符串。

markdown格式的表格中合并单元格表示法：
   - "^" 符号表示该单元格与上方单元格合并（纵向合并）
   - "<-" 符号表示该单元格与左侧单元格合并（横向合并）
   - "^<-" 符号表示该单元格同时与上方和左侧单元格合并（纵横合并）

比如：{"employee_name":"张三", "company_name":"XXX公司"}
注意：直接返回结果，不要包含任何解释或说明。

2025-05-20 10:56:41,534 - INFO - user_prompt：## 工作表: 唐竟峰

| A | B | C | D | E | F | G | H | I | J | 
|  --- | --- | --- | --- | --- | --- | --- | --- | --- | --- |
| 重庆延锋安道拓 | <- | 上海睿励信息技术有限公司 工时记录表 | <- | <- | <- | <- | <- | <- | <- | 
| ^ | ^<- | 供应商 |  | <- | <- | <- | <- | <- | <- | 
| 工程师 | 唐竟峰 | <- | 负责人 | 刘书志 | 电话 | xxx | <- | <- | <- | 
| 日期 | 项目名称 | 开始工作时间 | 工作结束时间 | 加班时间 | 总工作时间 | 备注 | <- | <- | <- | 
| 2025-04-01 |  |  |  |  |  |  | <- | <- | <- | 
| 2025-04-02 |  |  |  |  |  |  | <- | <- | <- | 
| 2025-04-03 |  |  |  |  |  |  | <- | <- | <- | 
| 2025-04-04 |  |  |  |  |  |  | <- | <- | <- | 
| 2025-04-05 |  |  |  |  |  |  | <- | <- | <- | 
| 2025-04-06 |  |  |  |  |  |  | <- | <- | <- | 
| 2025-04-07 |  |  |  |  |  |  | <- | <- | <- | 
| 2025-04-08 |  |  |  |  |  |  | <- | <- | <- | 
| 2025-04-09 |  |  |  |  |  |  | <- | <- | <- | 
| 2025-04-10 |  |  |  |  |  |  | <- | <- | <- | 
| 2025-04-11 |  |  |  |  |  |  | <- | <- | <- | 
| 2025-04-12 |  |  |  |  |  |  | <- | <- | <- | 
| 2025-04-13 |  |  |  |  |  |  | <- | <- | <- | 
| 2025-04-14 |  |  |  |  |  |  | <- | <- | <- | 
| 2025-04-15 |  |  |  |  |  |  | <- | <- | <- | 
| 2025-04-16 |  |  |  |  |  |  | <- | <- | <- | 
| 2025-04-17 |  |  |  |  |  |  | <- | <- | <- | 
| 2025-04-18 |  |  |  |  |  |  | <- | <- | <- | 
| 2025-04-19 |  |  |  |  |  |  | <- | <- | <- | 
| 2025-04-20 |  |  |  |  |  |  | <- | <- | <- | 
| 2025-04-21 |  |  |  |  |  |  | <- | <- | <- | 
| 2025-04-22 |  |  |  |  |  |  | <- | <- | <- | 
| 2025-04-23 |  |  |  |  |  |  | <- | <- | <- | 
| 2025-04-24 |  |  |  |  |  |  | <- | <- | <- | 
| 2025-04-25 |  |  |  |  |  |  | <- | <- | <- | 
| 2025-04-26 |  |  |  |  |  |  | <- | <- | <- | 
| 2025-04-27 | D21 | 09:00:00 | 20:00:00 | 2.5 | 10.5 | 数据优化 | <- | <- | <- | 
| 2025-04-28 | D21 | 09:00:00 | 20:00:00 | 2.5 | 10.5 | 数据优化 | <- | <- | <- | 
| 2025-04-29 | D21 | 09:00:00 | 20:00:00 | 2.5 | 10.5 | 数据优化 | <- | <- | <- | 
| 2025-04-30 | D21 | 09:00:00 | 17:30:00 | 0.0 | 8.0 | 数据优化 | <- | <- | <- | 
| 2025-05-01 |  |  |  |  |  |  | <- | <- | <- | 
| 工时统计 | 项目名称 | 项目编号 | 加班 | <- | 工时 | 项目工程师签字 | <- | <- | <- | 
| ^ | D21 |  | 7.5 | <- | 39.5 |  | <- | <- | <- | 
| ^ |  |  |  | <- |  |  | <- | <- | <- | 
| ^ |  |  |  | <- |  |  | <- | <- | <- | 
| ^ |  |  |  | <- |  |  | <- | <- | <- | 
| 总计工时 | 39.50 | <- | 经理签字： | <- | <- |  | <- | <- | <- | 


## 工作表: Sheet1

| A | B | C | D | E | F | 
|  --- | --- | --- | --- | --- | --- |
|  |  |  | 一年调整一次，请勿随意删除 | <- | <- | 
|  |  |  | 2025 | <- | <- | 
| 年 | 月 |  | 节假日 | 调休加班日 |  | 
| 1905-07-17 | 1 |  | 45658 | 45683 |  | 
|  |  |  | 45685 | 45696 |  | 
|  |  |  | 45686 | 45774 |  | 
|  |  |  | 45687 | 45928 |  | 
|  |  |  | 45688 | 45941 |  | 
|  |  |  | 45689 |  |  | 
|  |  |  | 45690 |  |  | 
|  |  |  | 45691 |  |  | 
|  |  |  | 45692 |  |  | 
|  |  |  | 45751 |  |  | 
|  |  |  | 45752 |  |  | 
|  |  |  | 45753 |  |  | 
|  |  |  | 45778 |  |  | 
|  |  |  | 45779 |  |  | 
|  |  |  | 45780 |  |  | 
|  |  |  | 45781 |  |  | 
|  |  |  | 45782 |  |  | 
|  |  |  | 45808 |  |  | 
|  |  |  | 45809 |  |  | 
|  |  |  | 45810 |  |  | 
|  |  |  | 45931 |  |  | 
|  |  |  | 45932 |  |  | 
|  |  |  | 45933 |  |  | 
|  |  |  | 45934 |  |  | 
|  |  |  | 45935 |  |  | 
|  |  |  | 45936 |  |  | 
|  |  |  | 45937 |  |  | 
|  |  |  | 45938 |  |  | 



2025-05-20 10:56:43,339 - INFO - 请求成功，状态码: 200
2025-05-20 10:56:43,341 - INFO - 模型返回：{"employee_name":"唐竟峰", "company_name":"上海睿励信息技术有限公司"}

2025-05-20 10:56:43,341 - INFO - 解析模型返回：
 - 员工姓名：唐竟峰,  - 公司名称：上海睿励信息技术有限公司
2025-05-20 10:56:43,342 - INFO - 

从表格文本中，提取汇总数据...
2025-05-20 10:56:43,342 - INFO - 发送请求到模型API...
2025-05-20 10:56:43,343 - INFO - system_prompt：
你是一个专业的工时数据提取助手。用户会提供给你一份Excel工时表，已转换为Markdown格式。你需要提取出表格中的按照项目做统计的工时汇总数据。将提取结果以JSON格式输出。以项目名称作为key为项目名称，value为包含加班和工时的字典。

markdown格式的表格中合并单元格表示法：
   - "^" 符号表示该单元格与上方单元格合并（纵向合并）
   - "<-" 符号表示该单元格与左侧单元格合并（横向合并）
   - "^<-" 符号表示该单元格同时与上方和左侧单元格合并（纵横合并）

你可以按照以下步骤进行分析：
1. 首先，定位表格中工时统计汇总数据，通常在表格的下方。
2. 读取工时统计汇总数据，包含项目名称、项目编号、加班、工时等。项目编号可能为空。
3. 整理所有数据，以JSON格式输。key为项目名称，value为包含加班`overtime_hours`和工时`total_hours`的字典。

注意：
1.直接返回结果，不要包含任何解释或说明。
2.输出结果必须严格按照无语法错误的JSON格式输出，不能有任何其他格式。

以JSON格式输出结果，示例输出如下：
示例1：
{"D11":{"overtime_hours":20,"total_hours":120}, "A12":{"overtime_hours":6,"total_hours":14}, "B13":{"overtime_hours":1,"total_hours":10}}
示例2：
{"D11":{"overtime_hours":20,"total_hours":120}, "A12":{"overtime_hours":6,"total_hours":14}}

2025-05-20 10:56:43,347 - INFO - user_prompt：## 工作表: 唐竟峰

| A | B | C | D | E | F | G | H | I | J | 
|  --- | --- | --- | --- | --- | --- | --- | --- | --- | --- |
| 重庆延锋安道拓 | <- | 上海睿励信息技术有限公司 工时记录表 | <- | <- | <- | <- | <- | <- | <- | 
| ^ | ^<- | 供应商 |  | <- | <- | <- | <- | <- | <- | 
| 工程师 | 唐竟峰 | <- | 负责人 | 刘书志 | 电话 | xxx | <- | <- | <- | 
| 日期 | 项目名称 | 开始工作时间 | 工作结束时间 | 加班时间 | 总工作时间 | 备注 | <- | <- | <- | 
| 2025-04-01 |  |  |  |  |  |  | <- | <- | <- | 
| 2025-04-02 |  |  |  |  |  |  | <- | <- | <- | 
| 2025-04-03 |  |  |  |  |  |  | <- | <- | <- | 
| 2025-04-04 |  |  |  |  |  |  | <- | <- | <- | 
| 2025-04-05 |  |  |  |  |  |  | <- | <- | <- | 
| 2025-04-06 |  |  |  |  |  |  | <- | <- | <- | 
| 2025-04-07 |  |  |  |  |  |  | <- | <- | <- | 
| 2025-04-08 |  |  |  |  |  |  | <- | <- | <- | 
| 2025-04-09 |  |  |  |  |  |  | <- | <- | <- | 
| 2025-04-10 |  |  |  |  |  |  | <- | <- | <- | 
| 2025-04-11 |  |  |  |  |  |  | <- | <- | <- | 
| 2025-04-12 |  |  |  |  |  |  | <- | <- | <- | 
| 2025-04-13 |  |  |  |  |  |  | <- | <- | <- | 
| 2025-04-14 |  |  |  |  |  |  | <- | <- | <- | 
| 2025-04-15 |  |  |  |  |  |  | <- | <- | <- | 
| 2025-04-16 |  |  |  |  |  |  | <- | <- | <- | 
| 2025-04-17 |  |  |  |  |  |  | <- | <- | <- | 
| 2025-04-18 |  |  |  |  |  |  | <- | <- | <- | 
| 2025-04-19 |  |  |  |  |  |  | <- | <- | <- | 
| 2025-04-20 |  |  |  |  |  |  | <- | <- | <- | 
| 2025-04-21 |  |  |  |  |  |  | <- | <- | <- | 
| 2025-04-22 |  |  |  |  |  |  | <- | <- | <- | 
| 2025-04-23 |  |  |  |  |  |  | <- | <- | <- | 
| 2025-04-24 |  |  |  |  |  |  | <- | <- | <- | 
| 2025-04-25 |  |  |  |  |  |  | <- | <- | <- | 
| 2025-04-26 |  |  |  |  |  |  | <- | <- | <- | 
| 2025-04-27 | D21 | 09:00:00 | 20:00:00 | 2.5 | 10.5 | 数据优化 | <- | <- | <- | 
| 2025-04-28 | D21 | 09:00:00 | 20:00:00 | 2.5 | 10.5 | 数据优化 | <- | <- | <- | 
| 2025-04-29 | D21 | 09:00:00 | 20:00:00 | 2.5 | 10.5 | 数据优化 | <- | <- | <- | 
| 2025-04-30 | D21 | 09:00:00 | 17:30:00 | 0.0 | 8.0 | 数据优化 | <- | <- | <- | 
| 2025-05-01 |  |  |  |  |  |  | <- | <- | <- | 
| 工时统计 | 项目名称 | 项目编号 | 加班 | <- | 工时 | 项目工程师签字 | <- | <- | <- | 
| ^ | D21 |  | 7.5 | <- | 39.5 |  | <- | <- | <- | 
| ^ |  |  |  | <- |  |  | <- | <- | <- | 
| ^ |  |  |  | <- |  |  | <- | <- | <- | 
| ^ |  |  |  | <- |  |  | <- | <- | <- | 
| 总计工时 | 39.50 | <- | 经理签字： | <- | <- |  | <- | <- | <- | 


## 工作表: Sheet1

| A | B | C | D | E | F | 
|  --- | --- | --- | --- | --- | --- |
|  |  |  | 一年调整一次，请勿随意删除 | <- | <- | 
|  |  |  | 2025 | <- | <- | 
| 年 | 月 |  | 节假日 | 调休加班日 |  | 
| 1905-07-17 | 1 |  | 45658 | 45683 |  | 
|  |  |  | 45685 | 45696 |  | 
|  |  |  | 45686 | 45774 |  | 
|  |  |  | 45687 | 45928 |  | 
|  |  |  | 45688 | 45941 |  | 
|  |  |  | 45689 |  |  | 
|  |  |  | 45690 |  |  | 
|  |  |  | 45691 |  |  | 
|  |  |  | 45692 |  |  | 
|  |  |  | 45751 |  |  | 
|  |  |  | 45752 |  |  | 
|  |  |  | 45753 |  |  | 
|  |  |  | 45778 |  |  | 
|  |  |  | 45779 |  |  | 
|  |  |  | 45780 |  |  | 
|  |  |  | 45781 |  |  | 
|  |  |  | 45782 |  |  | 
|  |  |  | 45808 |  |  | 
|  |  |  | 45809 |  |  | 
|  |  |  | 45810 |  |  | 
|  |  |  | 45931 |  |  | 
|  |  |  | 45932 |  |  | 
|  |  |  | 45933 |  |  | 
|  |  |  | 45934 |  |  | 
|  |  |  | 45935 |  |  | 
|  |  |  | 45936 |  |  | 
|  |  |  | 45937 |  |  | 
|  |  |  | 45938 |  |  | 



2025-05-20 10:56:45,980 - INFO - 请求成功，状态码: 200
2025-05-20 10:56:45,981 - INFO - 模型返回：
{"D21":{"overtime_hours":7.5,"total_hours":39.5}}

2025-05-20 10:56:45,981 - INFO - 源数据表中的工时汇总数据：{'D21': {'overtime_hours': 7.5, 'total_hours': 39.5}}
2025-05-20 10:56:45,982 - INFO - 文件处理进度：4 / 10
2025-05-20 10:56:45,982 - INFO - 开始处理工时文件：D:/sotos工作资料/test/3\宋银波工时表-重庆安道拓-2025年04月.xlsx
2025-05-20 10:56:46,148 - INFO - Excel表格提取文本：
## 工作表: 宋银波

| A | B | C | D | E | F | G | H | I | J | 
|  --- | --- | --- | --- | --- | --- | --- | --- | --- | --- |
| 重庆延锋安道拓 | <- | 上海睿励信息技术有限公司 工时记录表 | <- | <- | <- | <- | <- | <- | <- | 
| ^ | ^<- | 供应商 |  | <- | <- | <- | <- | <- | <- | 
| 工程师 | 宋银波 | <- | 负责人 | 陈增楷 | 电话 | 18824373849 | <- | <- | <- | 
| 日期 | 项目名称 | 开始工作时间 | 工作结束时间 | 加班时间 | 总工作时间 | 备注 | <- | <- | <- | 
| 2025-04-01 | V436 | 08:00:00 | 21:30:00 | 5.0 | 13.0 | V551 ESER节点资料 | <- | <- | <- | 
| 2025-04-02 | V436 | 08:00:00 | 21:00:00 | 4.5 | 12.5 | V551 ESER节点资料 | <- | <- | <- | 
| 2025-04-03 | V436 | 08:00:00 | 20:30:00 | 4.0 | 12.0 | V551 ESER节点资料 | <- | <- | <- | 
| 2025-04-04 |  |  |  |  |  |  | <- | <- | <- | 
| 2025-04-05 |  |  |  |  |  |  | <- | <- | <- | 
| 2025-04-06 | V436 | 12:00:00 | 20:30:00 | 8.0 | 8.0 | V551 ESER节点资料 | <- | <- | <- | 
| 2025-04-07 | V436 | 08:00:00 | 21:30:00 | 5.0 | 13.0 | V451 FS QBOM | <- | <- | <- | 
| 2025-04-08 | V436 | 08:00:00 | 21:30:00 | 5.0 | 13.0 | V451 FS QBOM | <- | <- | <- | 
| 2025-04-09 | V436 | 08:00:00 | 21:30:00 | 5.0 | 13.0 | V451 FS QBOM | <- | <- | <- | 
| 2025-04-10 | V436 | 08:00:00 | 19:30:00 | 3.0 | 11.0 | V451 FS QBOM | <- | <- | <- | 
| 2025-04-11 | V436 | 08:00:00 | 21:00:00 | 4.5 | 12.5 | V451 FS QBOM | <- | <- | <- | 
| 2025-04-12 | V436 | 09:00:00 | 19:30:00 | 10.0 | 10.0 | V451 FS QBOM | <- | <- | <- | 
| 2025-04-13 |  |  |  |  |  |  | <- | <- | <- | 
| 2025-04-14 | V436 | 08:00:00 | 22:30:00 | 6.0 | 14.0 | V451 RS QBOM | <- | <- | <- | 
| 2025-04-15 | V436 | 08:00:00 | 19:30:00 | 3.0 | 11.0 | V451 RS QBOM | <- | <- | <- | 
| 2025-04-16 | V436 | 08:00:00 | 21:00:00 | 4.5 | 12.5 | V451 RS QBOM | <- | <- | <- | 
| 2025-04-17 | V436 | 08:00:00 | 21:30:00 | 5.0 | 13.0 | V451 RS QBOM | <- | <- | <- | 
| 2025-04-18 | V436 | 08:00:00 | 18:30:00 | 2.0 | 10.0 | V451 RS QBOM | <- | <- | <- | 
| 2025-04-19 |  |  |  |  |  |  | <- | <- | <- | 
| 2025-04-20 | V436 | 14:30:00 | 19:30:00 | 5.0 | 5.0 | V451 RS QBOM | <- | <- | <- | 
| 2025-04-21 | V436 | 08:00:00 | 21:00:00 | 4.5 | 12.5 | V451 打散BOM | <- | <- | <- | 
| 2025-04-22 | V436 | 08:00:00 | 21:00:00 | 4.5 | 12.5 | V451 打散BOM | <- | <- | <- | 
| 2025-04-23 | V436 | 08:00:00 | 21:00:00 | 4.5 | 12.5 | V451 打散BOM | <- | <- | <- | 
| 2025-04-24 | V436 | 08:00:00 | 21:30:00 | 5.0 | 13.0 | V451 打散BOM | <- | <- | <- | 
| 2025-04-25 | V436 | 08:00:00 | 21:00:00 | 4.5 | 12.5 | V451 打散BOM | <- | <- | <- | 
| 2025-04-26 |  |  |  |  |  |  | <- | <- | <- | 
| 2025-04-27 | V436 | 08:00:00 | 20:30:00 | 4.0 | 12.0 | V451 打散BOM上传 | <- | <- | <- | 
| 2025-04-28 | V436 | 08:00:00 | 21:00:00 | 4.5 | 12.5 | V451 打散BOM上传 | <- | <- | <- | 
| 2025-04-29 | V436 | 08:00:00 | 16:30:00 | 0.0 | 8.0 | V451 打散BOM上传 | <- | <- | <- | 
| 2025-04-30 | V436 | 08:00:00 | 16:30:00 | 0.0 | 8.0 | V451 打散BOM上传 | <- | <- | <- | 
| 2025-05-01 |  |  |  |  |  |  | <- | <- | <- | 
| 工时统计 | 项目名称 | 项目编号 | 加班 | <- | 工时 | 项目工程师签字 | <- | <- | <- | 
| ^ | V436 |  | 111.0 | <- | 287.0 |  | <- | <- | <- | 
| ^ |  |  |  | <- |  |  | <- | <- | <- | 
| ^ |  |  |  | <- |  |  | <- | <- | <- | 
| ^ |  |  |  | <- |  |  | <- | <- | <- | 
| 总计工时 | 287.00 | <- | 经理签字： | <- | <- |  | <- | <- | <- | 


## 工作表: Sheet1

| A | B | C | D | E | F | 
|  --- | --- | --- | --- | --- | --- |
|  |  |  | 一年调整一次，请勿随意删除 | <- | <- | 
|  |  |  | 2025 | <- | <- | 
| 年 | 月 |  | 节假日 | 调休加班日 |  | 
| 1905-07-17 | 4 |  | 45658 | 45683 |  | 
|  |  |  | 45685 | 45696 |  | 
|  |  |  | 45686 | 45774 |  | 
|  |  |  | 45687 | 45928 |  | 
|  |  |  | 45688 | 45941 |  | 
|  |  |  | 45689 |  |  | 
|  |  |  | 45690 |  |  | 
|  |  |  | 45691 |  |  | 
|  |  |  | 45692 |  |  | 
|  |  |  | 45751 |  |  | 
|  |  |  | 45752 |  |  | 
|  |  |  | 45753 |  |  | 
|  |  |  | 45778 |  |  | 
|  |  |  | 45779 |  |  | 
|  |  |  | 45780 |  |  | 
|  |  |  | 45781 |  |  | 
|  |  |  | 45782 |  |  | 
|  |  |  | 45808 |  |  | 
|  |  |  | 45809 |  |  | 
|  |  |  | 45810 |  |  | 
|  |  |  | 45931 |  |  | 
|  |  |  | 45932 |  |  | 
|  |  |  | 45933 |  |  | 
|  |  |  | 45934 |  |  | 
|  |  |  | 45935 |  |  | 
|  |  |  | 45936 |  |  | 
|  |  |  | 45937 |  |  | 
|  |  |  | 45938 |  |  | 



2025-05-20 10:56:46,160 - INFO - 从表格文本中，提取员工姓名和公司名称...
2025-05-20 10:56:46,160 - INFO - 发送请求到模型API...
2025-05-20 10:56:46,160 - INFO - system_prompt：
你是一个专业的表格信息提取助手。用户会提供给你一份Excel工时表，已转换为Markdown格式。你需要提取出表格包含的员工姓名`employee_name`和公司名称`company_name`。以JSON格式输出结果，包含`employee_name`和`company_name`两个字段。如果无法提取到员工姓名和公司名称，请返回空字符串。

markdown格式的表格中合并单元格表示法：
   - "^" 符号表示该单元格与上方单元格合并（纵向合并）
   - "<-" 符号表示该单元格与左侧单元格合并（横向合并）
   - "^<-" 符号表示该单元格同时与上方和左侧单元格合并（纵横合并）

比如：{"employee_name":"张三", "company_name":"XXX公司"}
注意：直接返回结果，不要包含任何解释或说明。

2025-05-20 10:56:46,162 - INFO - user_prompt：## 工作表: 宋银波

| A | B | C | D | E | F | G | H | I | J | 
|  --- | --- | --- | --- | --- | --- | --- | --- | --- | --- |
| 重庆延锋安道拓 | <- | 上海睿励信息技术有限公司 工时记录表 | <- | <- | <- | <- | <- | <- | <- | 
| ^ | ^<- | 供应商 |  | <- | <- | <- | <- | <- | <- | 
| 工程师 | 宋银波 | <- | 负责人 | 陈增楷 | 电话 | 18824373849 | <- | <- | <- | 
| 日期 | 项目名称 | 开始工作时间 | 工作结束时间 | 加班时间 | 总工作时间 | 备注 | <- | <- | <- | 
| 2025-04-01 | V436 | 08:00:00 | 21:30:00 | 5.0 | 13.0 | V551 ESER节点资料 | <- | <- | <- | 
| 2025-04-02 | V436 | 08:00:00 | 21:00:00 | 4.5 | 12.5 | V551 ESER节点资料 | <- | <- | <- | 
| 2025-04-03 | V436 | 08:00:00 | 20:30:00 | 4.0 | 12.0 | V551 ESER节点资料 | <- | <- | <- | 
| 2025-04-04 |  |  |  |  |  |  | <- | <- | <- | 
| 2025-04-05 |  |  |  |  |  |  | <- | <- | <- | 
| 2025-04-06 | V436 | 12:00:00 | 20:30:00 | 8.0 | 8.0 | V551 ESER节点资料 | <- | <- | <- | 
| 2025-04-07 | V436 | 08:00:00 | 21:30:00 | 5.0 | 13.0 | V451 FS QBOM | <- | <- | <- | 
| 2025-04-08 | V436 | 08:00:00 | 21:30:00 | 5.0 | 13.0 | V451 FS QBOM | <- | <- | <- | 
| 2025-04-09 | V436 | 08:00:00 | 21:30:00 | 5.0 | 13.0 | V451 FS QBOM | <- | <- | <- | 
| 2025-04-10 | V436 | 08:00:00 | 19:30:00 | 3.0 | 11.0 | V451 FS QBOM | <- | <- | <- | 
| 2025-04-11 | V436 | 08:00:00 | 21:00:00 | 4.5 | 12.5 | V451 FS QBOM | <- | <- | <- | 
| 2025-04-12 | V436 | 09:00:00 | 19:30:00 | 10.0 | 10.0 | V451 FS QBOM | <- | <- | <- | 
| 2025-04-13 |  |  |  |  |  |  | <- | <- | <- | 
| 2025-04-14 | V436 | 08:00:00 | 22:30:00 | 6.0 | 14.0 | V451 RS QBOM | <- | <- | <- | 
| 2025-04-15 | V436 | 08:00:00 | 19:30:00 | 3.0 | 11.0 | V451 RS QBOM | <- | <- | <- | 
| 2025-04-16 | V436 | 08:00:00 | 21:00:00 | 4.5 | 12.5 | V451 RS QBOM | <- | <- | <- | 
| 2025-04-17 | V436 | 08:00:00 | 21:30:00 | 5.0 | 13.0 | V451 RS QBOM | <- | <- | <- | 
| 2025-04-18 | V436 | 08:00:00 | 18:30:00 | 2.0 | 10.0 | V451 RS QBOM | <- | <- | <- | 
| 2025-04-19 |  |  |  |  |  |  | <- | <- | <- | 
| 2025-04-20 | V436 | 14:30:00 | 19:30:00 | 5.0 | 5.0 | V451 RS QBOM | <- | <- | <- | 
| 2025-04-21 | V436 | 08:00:00 | 21:00:00 | 4.5 | 12.5 | V451 打散BOM | <- | <- | <- | 
| 2025-04-22 | V436 | 08:00:00 | 21:00:00 | 4.5 | 12.5 | V451 打散BOM | <- | <- | <- | 
| 2025-04-23 | V436 | 08:00:00 | 21:00:00 | 4.5 | 12.5 | V451 打散BOM | <- | <- | <- | 
| 2025-04-24 | V436 | 08:00:00 | 21:30:00 | 5.0 | 13.0 | V451 打散BOM | <- | <- | <- | 
| 2025-04-25 | V436 | 08:00:00 | 21:00:00 | 4.5 | 12.5 | V451 打散BOM | <- | <- | <- | 
| 2025-04-26 |  |  |  |  |  |  | <- | <- | <- | 
| 2025-04-27 | V436 | 08:00:00 | 20:30:00 | 4.0 | 12.0 | V451 打散BOM上传 | <- | <- | <- | 
| 2025-04-28 | V436 | 08:00:00 | 21:00:00 | 4.5 | 12.5 | V451 打散BOM上传 | <- | <- | <- | 
| 2025-04-29 | V436 | 08:00:00 | 16:30:00 | 0.0 | 8.0 | V451 打散BOM上传 | <- | <- | <- | 
| 2025-04-30 | V436 | 08:00:00 | 16:30:00 | 0.0 | 8.0 | V451 打散BOM上传 | <- | <- | <- | 
| 2025-05-01 |  |  |  |  |  |  | <- | <- | <- | 
| 工时统计 | 项目名称 | 项目编号 | 加班 | <- | 工时 | 项目工程师签字 | <- | <- | <- | 
| ^ | V436 |  | 111.0 | <- | 287.0 |  | <- | <- | <- | 
| ^ |  |  |  | <- |  |  | <- | <- | <- | 
| ^ |  |  |  | <- |  |  | <- | <- | <- | 
| ^ |  |  |  | <- |  |  | <- | <- | <- | 
| 总计工时 | 287.00 | <- | 经理签字： | <- | <- |  | <- | <- | <- | 


## 工作表: Sheet1

| A | B | C | D | E | F | 
|  --- | --- | --- | --- | --- | --- |
|  |  |  | 一年调整一次，请勿随意删除 | <- | <- | 
|  |  |  | 2025 | <- | <- | 
| 年 | 月 |  | 节假日 | 调休加班日 |  | 
| 1905-07-17 | 4 |  | 45658 | 45683 |  | 
|  |  |  | 45685 | 45696 |  | 
|  |  |  | 45686 | 45774 |  | 
|  |  |  | 45687 | 45928 |  | 
|  |  |  | 45688 | 45941 |  | 
|  |  |  | 45689 |  |  | 
|  |  |  | 45690 |  |  | 
|  |  |  | 45691 |  |  | 
|  |  |  | 45692 |  |  | 
|  |  |  | 45751 |  |  | 
|  |  |  | 45752 |  |  | 
|  |  |  | 45753 |  |  | 
|  |  |  | 45778 |  |  | 
|  |  |  | 45779 |  |  | 
|  |  |  | 45780 |  |  | 
|  |  |  | 45781 |  |  | 
|  |  |  | 45782 |  |  | 
|  |  |  | 45808 |  |  | 
|  |  |  | 45809 |  |  | 
|  |  |  | 45810 |  |  | 
|  |  |  | 45931 |  |  | 
|  |  |  | 45932 |  |  | 
|  |  |  | 45933 |  |  | 
|  |  |  | 45934 |  |  | 
|  |  |  | 45935 |  |  | 
|  |  |  | 45936 |  |  | 
|  |  |  | 45937 |  |  | 
|  |  |  | 45938 |  |  | 



2025-05-20 10:56:48,128 - INFO - 请求成功，状态码: 200
2025-05-20 10:56:48,130 - INFO - 模型返回：{"employee_name":"宋银波", "company_name":"重庆延锋安道拓"}

2025-05-20 10:56:48,130 - INFO - 解析模型返回：
 - 员工姓名：宋银波,  - 公司名称：重庆延锋安道拓
2025-05-20 10:56:48,130 - INFO - 

从表格文本中，提取汇总数据...
2025-05-20 10:56:48,131 - INFO - 发送请求到模型API...
2025-05-20 10:56:48,131 - INFO - system_prompt：
你是一个专业的工时数据提取助手。用户会提供给你一份Excel工时表，已转换为Markdown格式。你需要提取出表格中的按照项目做统计的工时汇总数据。将提取结果以JSON格式输出。以项目名称作为key为项目名称，value为包含加班和工时的字典。

markdown格式的表格中合并单元格表示法：
   - "^" 符号表示该单元格与上方单元格合并（纵向合并）
   - "<-" 符号表示该单元格与左侧单元格合并（横向合并）
   - "^<-" 符号表示该单元格同时与上方和左侧单元格合并（纵横合并）

你可以按照以下步骤进行分析：
1. 首先，定位表格中工时统计汇总数据，通常在表格的下方。
2. 读取工时统计汇总数据，包含项目名称、项目编号、加班、工时等。项目编号可能为空。
3. 整理所有数据，以JSON格式输。key为项目名称，value为包含加班`overtime_hours`和工时`total_hours`的字典。

注意：
1.直接返回结果，不要包含任何解释或说明。
2.输出结果必须严格按照无语法错误的JSON格式输出，不能有任何其他格式。

以JSON格式输出结果，示例输出如下：
示例1：
{"D11":{"overtime_hours":20,"total_hours":120}, "A12":{"overtime_hours":6,"total_hours":14}, "B13":{"overtime_hours":1,"total_hours":10}}
示例2：
{"D11":{"overtime_hours":20,"total_hours":120}, "A12":{"overtime_hours":6,"total_hours":14}}

2025-05-20 10:56:48,134 - INFO - user_prompt：## 工作表: 宋银波

| A | B | C | D | E | F | G | H | I | J | 
|  --- | --- | --- | --- | --- | --- | --- | --- | --- | --- |
| 重庆延锋安道拓 | <- | 上海睿励信息技术有限公司 工时记录表 | <- | <- | <- | <- | <- | <- | <- | 
| ^ | ^<- | 供应商 |  | <- | <- | <- | <- | <- | <- | 
| 工程师 | 宋银波 | <- | 负责人 | 陈增楷 | 电话 | 18824373849 | <- | <- | <- | 
| 日期 | 项目名称 | 开始工作时间 | 工作结束时间 | 加班时间 | 总工作时间 | 备注 | <- | <- | <- | 
| 2025-04-01 | V436 | 08:00:00 | 21:30:00 | 5.0 | 13.0 | V551 ESER节点资料 | <- | <- | <- | 
| 2025-04-02 | V436 | 08:00:00 | 21:00:00 | 4.5 | 12.5 | V551 ESER节点资料 | <- | <- | <- | 
| 2025-04-03 | V436 | 08:00:00 | 20:30:00 | 4.0 | 12.0 | V551 ESER节点资料 | <- | <- | <- | 
| 2025-04-04 |  |  |  |  |  |  | <- | <- | <- | 
| 2025-04-05 |  |  |  |  |  |  | <- | <- | <- | 
| 2025-04-06 | V436 | 12:00:00 | 20:30:00 | 8.0 | 8.0 | V551 ESER节点资料 | <- | <- | <- | 
| 2025-04-07 | V436 | 08:00:00 | 21:30:00 | 5.0 | 13.0 | V451 FS QBOM | <- | <- | <- | 
| 2025-04-08 | V436 | 08:00:00 | 21:30:00 | 5.0 | 13.0 | V451 FS QBOM | <- | <- | <- | 
| 2025-04-09 | V436 | 08:00:00 | 21:30:00 | 5.0 | 13.0 | V451 FS QBOM | <- | <- | <- | 
| 2025-04-10 | V436 | 08:00:00 | 19:30:00 | 3.0 | 11.0 | V451 FS QBOM | <- | <- | <- | 
| 2025-04-11 | V436 | 08:00:00 | 21:00:00 | 4.5 | 12.5 | V451 FS QBOM | <- | <- | <- | 
| 2025-04-12 | V436 | 09:00:00 | 19:30:00 | 10.0 | 10.0 | V451 FS QBOM | <- | <- | <- | 
| 2025-04-13 |  |  |  |  |  |  | <- | <- | <- | 
| 2025-04-14 | V436 | 08:00:00 | 22:30:00 | 6.0 | 14.0 | V451 RS QBOM | <- | <- | <- | 
| 2025-04-15 | V436 | 08:00:00 | 19:30:00 | 3.0 | 11.0 | V451 RS QBOM | <- | <- | <- | 
| 2025-04-16 | V436 | 08:00:00 | 21:00:00 | 4.5 | 12.5 | V451 RS QBOM | <- | <- | <- | 
| 2025-04-17 | V436 | 08:00:00 | 21:30:00 | 5.0 | 13.0 | V451 RS QBOM | <- | <- | <- | 
| 2025-04-18 | V436 | 08:00:00 | 18:30:00 | 2.0 | 10.0 | V451 RS QBOM | <- | <- | <- | 
| 2025-04-19 |  |  |  |  |  |  | <- | <- | <- | 
| 2025-04-20 | V436 | 14:30:00 | 19:30:00 | 5.0 | 5.0 | V451 RS QBOM | <- | <- | <- | 
| 2025-04-21 | V436 | 08:00:00 | 21:00:00 | 4.5 | 12.5 | V451 打散BOM | <- | <- | <- | 
| 2025-04-22 | V436 | 08:00:00 | 21:00:00 | 4.5 | 12.5 | V451 打散BOM | <- | <- | <- | 
| 2025-04-23 | V436 | 08:00:00 | 21:00:00 | 4.5 | 12.5 | V451 打散BOM | <- | <- | <- | 
| 2025-04-24 | V436 | 08:00:00 | 21:30:00 | 5.0 | 13.0 | V451 打散BOM | <- | <- | <- | 
| 2025-04-25 | V436 | 08:00:00 | 21:00:00 | 4.5 | 12.5 | V451 打散BOM | <- | <- | <- | 
| 2025-04-26 |  |  |  |  |  |  | <- | <- | <- | 
| 2025-04-27 | V436 | 08:00:00 | 20:30:00 | 4.0 | 12.0 | V451 打散BOM上传 | <- | <- | <- | 
| 2025-04-28 | V436 | 08:00:00 | 21:00:00 | 4.5 | 12.5 | V451 打散BOM上传 | <- | <- | <- | 
| 2025-04-29 | V436 | 08:00:00 | 16:30:00 | 0.0 | 8.0 | V451 打散BOM上传 | <- | <- | <- | 
| 2025-04-30 | V436 | 08:00:00 | 16:30:00 | 0.0 | 8.0 | V451 打散BOM上传 | <- | <- | <- | 
| 2025-05-01 |  |  |  |  |  |  | <- | <- | <- | 
| 工时统计 | 项目名称 | 项目编号 | 加班 | <- | 工时 | 项目工程师签字 | <- | <- | <- | 
| ^ | V436 |  | 111.0 | <- | 287.0 |  | <- | <- | <- | 
| ^ |  |  |  | <- |  |  | <- | <- | <- | 
| ^ |  |  |  | <- |  |  | <- | <- | <- | 
| ^ |  |  |  | <- |  |  | <- | <- | <- | 
| 总计工时 | 287.00 | <- | 经理签字： | <- | <- |  | <- | <- | <- | 


## 工作表: Sheet1

| A | B | C | D | E | F | 
|  --- | --- | --- | --- | --- | --- |
|  |  |  | 一年调整一次，请勿随意删除 | <- | <- | 
|  |  |  | 2025 | <- | <- | 
| 年 | 月 |  | 节假日 | 调休加班日 |  | 
| 1905-07-17 | 4 |  | 45658 | 45683 |  | 
|  |  |  | 45685 | 45696 |  | 
|  |  |  | 45686 | 45774 |  | 
|  |  |  | 45687 | 45928 |  | 
|  |  |  | 45688 | 45941 |  | 
|  |  |  | 45689 |  |  | 
|  |  |  | 45690 |  |  | 
|  |  |  | 45691 |  |  | 
|  |  |  | 45692 |  |  | 
|  |  |  | 45751 |  |  | 
|  |  |  | 45752 |  |  | 
|  |  |  | 45753 |  |  | 
|  |  |  | 45778 |  |  | 
|  |  |  | 45779 |  |  | 
|  |  |  | 45780 |  |  | 
|  |  |  | 45781 |  |  | 
|  |  |  | 45782 |  |  | 
|  |  |  | 45808 |  |  | 
|  |  |  | 45809 |  |  | 
|  |  |  | 45810 |  |  | 
|  |  |  | 45931 |  |  | 
|  |  |  | 45932 |  |  | 
|  |  |  | 45933 |  |  | 
|  |  |  | 45934 |  |  | 
|  |  |  | 45935 |  |  | 
|  |  |  | 45936 |  |  | 
|  |  |  | 45937 |  |  | 
|  |  |  | 45938 |  |  | 



2025-05-20 10:56:50,155 - INFO - 请求成功，状态码: 200
2025-05-20 10:56:50,156 - INFO - 模型返回：
{"V436":{"overtime_hours":111.0,"total_hours":287.0}}

2025-05-20 10:56:50,156 - INFO - 源数据表中的工时汇总数据：{'V436': {'overtime_hours': 111.0, 'total_hours': 287.0}}
2025-05-20 10:56:50,156 - INFO - 文件处理进度：5 / 10
2025-05-20 10:56:50,157 - INFO - 开始处理工时文件：D:/sotos工作资料/test/3\沈阴龙工时表-重庆安道拓-2025年04月.xlsx
2025-05-20 10:56:50,293 - INFO - Excel表格提取文本：
## 工作表: 沈阴龙

| A | B | C | D | E | F | G | H | I | J | 
|  --- | --- | --- | --- | --- | --- | --- | --- | --- | --- |
| 重庆延锋安道拓 | <- | 上海睿励信息技术有限公司 工时记录表 | <- | <- | <- | <- | <- | <- | <- | 
| ^ | ^<- | 供应商 |  | <- | <- | <- | <- | <- | <- | 
| 工程师 | 沈阴龙 | <- | 负责人 | 刘至颖 | 电话 | 13883709694 | <- | <- | <- | 
| 日期 | 项目名称 | 开始工作时间 | 工作结束时间 | 加班时间 | 总工作时间 | 备注 | <- | <- | <- | 
| 2025-04-01 | Power tray table on backrest | 08:30:00 | 20:00:00 | 3.0 | 11.0 | 数据优化 | <- | <- | <- | 
| 2025-04-02 | Power tray table on backrest | 08:30:00 | 21:30:00 | 4.5 | 12.5 | 数据优化 | <- | <- | <- | 
| 2025-04-03 | Power tray table on backrest | 08:30:00 | 21:00:00 | 4.0 | 12.0 | 数据优化 | <- | <- | <- | 
| 2025-04-04 |  |  |  |  |  |  | <- | <- | <- | 
| 2025-04-05 |  |  |  |  |  |  | <- | <- | <- | 
| 2025-04-06 | Power tray table on backrest | 08:30:00 | 20:00:00 | 3.0 | 11.0 | 数据优化 | <- | <- | <- | 
| 2025-04-07 | D16 | 08:30:00 | 20:00:00 | 3.0 | 11.0 | 数据优化 | <- | <- | <- | 
| 2025-04-08 | D16 | 08:30:00 | 20:00:00 | 3.0 | 11.0 | 数据优化 | <- | <- | <- | 
| 2025-04-09 | D16 | 08:30:00 | 17:00:00 | 0.0 | 8.0 | 数据优化 | <- | <- | <- | 
| 2025-04-10 | D16 | 08:30:00 | 20:00:00 | 3.0 | 11.0 | 数据优化 | <- | <- | <- | 
| 2025-04-11 | D16 | 08:30:00 | 20:00:00 | 3.0 | 11.0 | 数据优化 | <- | <- | <- | 
| 2025-04-12 |  |  |  |  |  |  | <- | <- | <- | 
| 2025-04-13 |  |  |  |  |  |  | <- | <- | <- | 
| 2025-04-14 | D16 | 08:30:00 | 20:00:00 | 3.0 | 11.0 | 数据优化 | <- | <- | <- | 
| 2025-04-15 | D16 | 08:30:00 | 20:00:00 | 3.0 | 11.0 | 数据优化 | <- | <- | <- | 
| 2025-04-16 | D16 | 08:30:00 | 20:00:00 | 3.0 | 11.0 | 数据优化 | <- | <- | <- | 
| 2025-04-17 | D16 | 08:30:00 | 20:00:00 | 3.0 | 11.0 | 数据优化 | <- | <- | <- | 
| 2025-04-18 | D16 | 08:30:00 | 20:00:00 | 3.0 | 11.0 | 数据优化 | <- | <- | <- | 
| 2025-04-19 |  |  |  |  |  |  | <- | <- | <- | 
| 2025-04-20 |  |  |  |  |  |  | <- | <- | <- | 
| 2025-04-21 | D16 | 08:30:00 | 20:30:00 | 3.5 | 11.5 | 数据优化 | <- | <- | <- | 
| 2025-04-22 | D16 | 08:30:00 | 20:30:00 | 3.5 | 11.5 | 数据优化 | <- | <- | <- | 
| 2025-04-23 |  |  |  |  |  | 事假 | <- | <- | <- | 
| 2025-04-24 | D16 | 08:30:00 | 20:00:00 | 3.0 | 11.0 | 数据优化 | <- | <- | <- | 
| 2025-04-25 | D16 | 08:30:00 | 20:30:00 | 3.5 | 11.5 | 数据优化 | <- | <- | <- | 
| 2025-04-26 |  |  |  |  |  |  | <- | <- | <- | 
| 2025-04-27 | D16 | 08:30:00 | 20:00:00 | 3.0 | 11.0 | 数据优化 | <- | <- | <- | 
| 2025-04-28 | D16 | 08:30:00 | 20:00:00 | 3.0 | 11.0 | 数据优化 | <- | <- | <- | 
| 2025-04-29 | D16 | 08:30:00 | 20:00:00 | 3.0 | 11.0 | 数据优化 | <- | <- | <- | 
| 2025-04-30 | D16 | 08:30:00 | 20:00:00 | 3.0 | 11.0 | 数据优化 | <- | <- | <- | 
| 2025-05-01 |  |  |  |  |  |  | <- | <- | <- | 
| 工时统计 | 项目名称 | 项目编号 | 加班 | <- | 工时 | 项目工程师签字 | <- | <- | <- | 
| ^ | Power tray table on backrest |  | 14.5 | <- | 46.5 |  | <- | <- | <- | 
| ^ | D16 |  | 52.5 | <- | 196.5 |  | <- | <- | <- | 
| ^ |  |  |  | <- |  |  | <- | <- | <- | 
| ^ |  |  |  | <- |  |  | <- | <- | <- | 
| 总计工时 | 243.00 | <- | 经理签字： | <- | <- |  | <- | <- | <- | 


## 工作表: Sheet1

| A | B | C | D | E | F | 
|  --- | --- | --- | --- | --- | --- |
|  |  |  | 一年调整一次，请勿随意删除 | <- | <- | 
|  |  |  | 2025 | <- | <- | 
| 年 | 月 |  | 节假日 | 调休加班日 |  | 
| 1905-07-17 | 4 |  | 45658 | 45683 |  | 
|  |  |  | 45685 | 45696 |  | 
|  |  |  | 45686 | 45774 |  | 
|  |  |  | 45687 | 45928 |  | 
|  |  |  | 45688 | 45941 |  | 
|  |  |  | 45689 |  |  | 
|  |  |  | 45690 |  |  | 
|  |  |  | 45691 |  |  | 
|  |  |  | 45692 |  |  | 
|  |  |  | 45751 |  |  | 
|  |  |  | 45752 |  |  | 
|  |  |  | 45753 |  |  | 
|  |  |  | 45778 |  |  | 
|  |  |  | 45779 |  |  | 
|  |  |  | 45780 |  |  | 
|  |  |  | 45781 |  |  | 
|  |  |  | 45782 |  |  | 
|  |  |  | 45808 |  |  | 
|  |  |  | 45809 |  |  | 
|  |  |  | 45810 |  |  | 
|  |  |  | 45931 |  |  | 
|  |  |  | 45932 |  |  | 
|  |  |  | 45933 |  |  | 
|  |  |  | 45934 |  |  | 
|  |  |  | 45935 |  |  | 
|  |  |  | 45936 |  |  | 
|  |  |  | 45937 |  |  | 
|  |  |  | 45938 |  |  | 



2025-05-20 10:56:50,303 - INFO - 从表格文本中，提取员工姓名和公司名称...
2025-05-20 10:56:50,303 - INFO - 发送请求到模型API...
2025-05-20 10:56:50,304 - INFO - system_prompt：
你是一个专业的表格信息提取助手。用户会提供给你一份Excel工时表，已转换为Markdown格式。你需要提取出表格包含的员工姓名`employee_name`和公司名称`company_name`。以JSON格式输出结果，包含`employee_name`和`company_name`两个字段。如果无法提取到员工姓名和公司名称，请返回空字符串。

markdown格式的表格中合并单元格表示法：
   - "^" 符号表示该单元格与上方单元格合并（纵向合并）
   - "<-" 符号表示该单元格与左侧单元格合并（横向合并）
   - "^<-" 符号表示该单元格同时与上方和左侧单元格合并（纵横合并）

比如：{"employee_name":"张三", "company_name":"XXX公司"}
注意：直接返回结果，不要包含任何解释或说明。

2025-05-20 10:56:50,305 - INFO - user_prompt：## 工作表: 沈阴龙

| A | B | C | D | E | F | G | H | I | J | 
|  --- | --- | --- | --- | --- | --- | --- | --- | --- | --- |
| 重庆延锋安道拓 | <- | 上海睿励信息技术有限公司 工时记录表 | <- | <- | <- | <- | <- | <- | <- | 
| ^ | ^<- | 供应商 |  | <- | <- | <- | <- | <- | <- | 
| 工程师 | 沈阴龙 | <- | 负责人 | 刘至颖 | 电话 | 13883709694 | <- | <- | <- | 
| 日期 | 项目名称 | 开始工作时间 | 工作结束时间 | 加班时间 | 总工作时间 | 备注 | <- | <- | <- | 
| 2025-04-01 | Power tray table on backrest | 08:30:00 | 20:00:00 | 3.0 | 11.0 | 数据优化 | <- | <- | <- | 
| 2025-04-02 | Power tray table on backrest | 08:30:00 | 21:30:00 | 4.5 | 12.5 | 数据优化 | <- | <- | <- | 
| 2025-04-03 | Power tray table on backrest | 08:30:00 | 21:00:00 | 4.0 | 12.0 | 数据优化 | <- | <- | <- | 
| 2025-04-04 |  |  |  |  |  |  | <- | <- | <- | 
| 2025-04-05 |  |  |  |  |  |  | <- | <- | <- | 
| 2025-04-06 | Power tray table on backrest | 08:30:00 | 20:00:00 | 3.0 | 11.0 | 数据优化 | <- | <- | <- | 
| 2025-04-07 | D16 | 08:30:00 | 20:00:00 | 3.0 | 11.0 | 数据优化 | <- | <- | <- | 
| 2025-04-08 | D16 | 08:30:00 | 20:00:00 | 3.0 | 11.0 | 数据优化 | <- | <- | <- | 
| 2025-04-09 | D16 | 08:30:00 | 17:00:00 | 0.0 | 8.0 | 数据优化 | <- | <- | <- | 
| 2025-04-10 | D16 | 08:30:00 | 20:00:00 | 3.0 | 11.0 | 数据优化 | <- | <- | <- | 
| 2025-04-11 | D16 | 08:30:00 | 20:00:00 | 3.0 | 11.0 | 数据优化 | <- | <- | <- | 
| 2025-04-12 |  |  |  |  |  |  | <- | <- | <- | 
| 2025-04-13 |  |  |  |  |  |  | <- | <- | <- | 
| 2025-04-14 | D16 | 08:30:00 | 20:00:00 | 3.0 | 11.0 | 数据优化 | <- | <- | <- | 
| 2025-04-15 | D16 | 08:30:00 | 20:00:00 | 3.0 | 11.0 | 数据优化 | <- | <- | <- | 
| 2025-04-16 | D16 | 08:30:00 | 20:00:00 | 3.0 | 11.0 | 数据优化 | <- | <- | <- | 
| 2025-04-17 | D16 | 08:30:00 | 20:00:00 | 3.0 | 11.0 | 数据优化 | <- | <- | <- | 
| 2025-04-18 | D16 | 08:30:00 | 20:00:00 | 3.0 | 11.0 | 数据优化 | <- | <- | <- | 
| 2025-04-19 |  |  |  |  |  |  | <- | <- | <- | 
| 2025-04-20 |  |  |  |  |  |  | <- | <- | <- | 
| 2025-04-21 | D16 | 08:30:00 | 20:30:00 | 3.5 | 11.5 | 数据优化 | <- | <- | <- | 
| 2025-04-22 | D16 | 08:30:00 | 20:30:00 | 3.5 | 11.5 | 数据优化 | <- | <- | <- | 
| 2025-04-23 |  |  |  |  |  | 事假 | <- | <- | <- | 
| 2025-04-24 | D16 | 08:30:00 | 20:00:00 | 3.0 | 11.0 | 数据优化 | <- | <- | <- | 
| 2025-04-25 | D16 | 08:30:00 | 20:30:00 | 3.5 | 11.5 | 数据优化 | <- | <- | <- | 
| 2025-04-26 |  |  |  |  |  |  | <- | <- | <- | 
| 2025-04-27 | D16 | 08:30:00 | 20:00:00 | 3.0 | 11.0 | 数据优化 | <- | <- | <- | 
| 2025-04-28 | D16 | 08:30:00 | 20:00:00 | 3.0 | 11.0 | 数据优化 | <- | <- | <- | 
| 2025-04-29 | D16 | 08:30:00 | 20:00:00 | 3.0 | 11.0 | 数据优化 | <- | <- | <- | 
| 2025-04-30 | D16 | 08:30:00 | 20:00:00 | 3.0 | 11.0 | 数据优化 | <- | <- | <- | 
| 2025-05-01 |  |  |  |  |  |  | <- | <- | <- | 
| 工时统计 | 项目名称 | 项目编号 | 加班 | <- | 工时 | 项目工程师签字 | <- | <- | <- | 
| ^ | Power tray table on backrest |  | 14.5 | <- | 46.5 |  | <- | <- | <- | 
| ^ | D16 |  | 52.5 | <- | 196.5 |  | <- | <- | <- | 
| ^ |  |  |  | <- |  |  | <- | <- | <- | 
| ^ |  |  |  | <- |  |  | <- | <- | <- | 
| 总计工时 | 243.00 | <- | 经理签字： | <- | <- |  | <- | <- | <- | 


## 工作表: Sheet1

| A | B | C | D | E | F | 
|  --- | --- | --- | --- | --- | --- |
|  |  |  | 一年调整一次，请勿随意删除 | <- | <- | 
|  |  |  | 2025 | <- | <- | 
| 年 | 月 |  | 节假日 | 调休加班日 |  | 
| 1905-07-17 | 4 |  | 45658 | 45683 |  | 
|  |  |  | 45685 | 45696 |  | 
|  |  |  | 45686 | 45774 |  | 
|  |  |  | 45687 | 45928 |  | 
|  |  |  | 45688 | 45941 |  | 
|  |  |  | 45689 |  |  | 
|  |  |  | 45690 |  |  | 
|  |  |  | 45691 |  |  | 
|  |  |  | 45692 |  |  | 
|  |  |  | 45751 |  |  | 
|  |  |  | 45752 |  |  | 
|  |  |  | 45753 |  |  | 
|  |  |  | 45778 |  |  | 
|  |  |  | 45779 |  |  | 
|  |  |  | 45780 |  |  | 
|  |  |  | 45781 |  |  | 
|  |  |  | 45782 |  |  | 
|  |  |  | 45808 |  |  | 
|  |  |  | 45809 |  |  | 
|  |  |  | 45810 |  |  | 
|  |  |  | 45931 |  |  | 
|  |  |  | 45932 |  |  | 
|  |  |  | 45933 |  |  | 
|  |  |  | 45934 |  |  | 
|  |  |  | 45935 |  |  | 
|  |  |  | 45936 |  |  | 
|  |  |  | 45937 |  |  | 
|  |  |  | 45938 |  |  | 



2025-05-20 10:56:52,270 - INFO - 请求成功，状态码: 200
2025-05-20 10:56:52,271 - INFO - 模型返回：{"employee_name":"沈阴龙", "company_name":"重庆延锋安道拓"}

2025-05-20 10:56:52,272 - INFO - 解析模型返回：
 - 员工姓名：沈阴龙,  - 公司名称：重庆延锋安道拓
2025-05-20 10:56:52,272 - INFO - 

从表格文本中，提取汇总数据...
2025-05-20 10:56:52,273 - INFO - 发送请求到模型API...
2025-05-20 10:56:52,273 - INFO - system_prompt：
你是一个专业的工时数据提取助手。用户会提供给你一份Excel工时表，已转换为Markdown格式。你需要提取出表格中的按照项目做统计的工时汇总数据。将提取结果以JSON格式输出。以项目名称作为key为项目名称，value为包含加班和工时的字典。

markdown格式的表格中合并单元格表示法：
   - "^" 符号表示该单元格与上方单元格合并（纵向合并）
   - "<-" 符号表示该单元格与左侧单元格合并（横向合并）
   - "^<-" 符号表示该单元格同时与上方和左侧单元格合并（纵横合并）

你可以按照以下步骤进行分析：
1. 首先，定位表格中工时统计汇总数据，通常在表格的下方。
2. 读取工时统计汇总数据，包含项目名称、项目编号、加班、工时等。项目编号可能为空。
3. 整理所有数据，以JSON格式输。key为项目名称，value为包含加班`overtime_hours`和工时`total_hours`的字典。

注意：
1.直接返回结果，不要包含任何解释或说明。
2.输出结果必须严格按照无语法错误的JSON格式输出，不能有任何其他格式。

以JSON格式输出结果，示例输出如下：
示例1：
{"D11":{"overtime_hours":20,"total_hours":120}, "A12":{"overtime_hours":6,"total_hours":14}, "B13":{"overtime_hours":1,"total_hours":10}}
示例2：
{"D11":{"overtime_hours":20,"total_hours":120}, "A12":{"overtime_hours":6,"total_hours":14}}

2025-05-20 10:56:52,275 - INFO - user_prompt：## 工作表: 沈阴龙

| A | B | C | D | E | F | G | H | I | J | 
|  --- | --- | --- | --- | --- | --- | --- | --- | --- | --- |
| 重庆延锋安道拓 | <- | 上海睿励信息技术有限公司 工时记录表 | <- | <- | <- | <- | <- | <- | <- | 
| ^ | ^<- | 供应商 |  | <- | <- | <- | <- | <- | <- | 
| 工程师 | 沈阴龙 | <- | 负责人 | 刘至颖 | 电话 | 13883709694 | <- | <- | <- | 
| 日期 | 项目名称 | 开始工作时间 | 工作结束时间 | 加班时间 | 总工作时间 | 备注 | <- | <- | <- | 
| 2025-04-01 | Power tray table on backrest | 08:30:00 | 20:00:00 | 3.0 | 11.0 | 数据优化 | <- | <- | <- | 
| 2025-04-02 | Power tray table on backrest | 08:30:00 | 21:30:00 | 4.5 | 12.5 | 数据优化 | <- | <- | <- | 
| 2025-04-03 | Power tray table on backrest | 08:30:00 | 21:00:00 | 4.0 | 12.0 | 数据优化 | <- | <- | <- | 
| 2025-04-04 |  |  |  |  |  |  | <- | <- | <- | 
| 2025-04-05 |  |  |  |  |  |  | <- | <- | <- | 
| 2025-04-06 | Power tray table on backrest | 08:30:00 | 20:00:00 | 3.0 | 11.0 | 数据优化 | <- | <- | <- | 
| 2025-04-07 | D16 | 08:30:00 | 20:00:00 | 3.0 | 11.0 | 数据优化 | <- | <- | <- | 
| 2025-04-08 | D16 | 08:30:00 | 20:00:00 | 3.0 | 11.0 | 数据优化 | <- | <- | <- | 
| 2025-04-09 | D16 | 08:30:00 | 17:00:00 | 0.0 | 8.0 | 数据优化 | <- | <- | <- | 
| 2025-04-10 | D16 | 08:30:00 | 20:00:00 | 3.0 | 11.0 | 数据优化 | <- | <- | <- | 
| 2025-04-11 | D16 | 08:30:00 | 20:00:00 | 3.0 | 11.0 | 数据优化 | <- | <- | <- | 
| 2025-04-12 |  |  |  |  |  |  | <- | <- | <- | 
| 2025-04-13 |  |  |  |  |  |  | <- | <- | <- | 
| 2025-04-14 | D16 | 08:30:00 | 20:00:00 | 3.0 | 11.0 | 数据优化 | <- | <- | <- | 
| 2025-04-15 | D16 | 08:30:00 | 20:00:00 | 3.0 | 11.0 | 数据优化 | <- | <- | <- | 
| 2025-04-16 | D16 | 08:30:00 | 20:00:00 | 3.0 | 11.0 | 数据优化 | <- | <- | <- | 
| 2025-04-17 | D16 | 08:30:00 | 20:00:00 | 3.0 | 11.0 | 数据优化 | <- | <- | <- | 
| 2025-04-18 | D16 | 08:30:00 | 20:00:00 | 3.0 | 11.0 | 数据优化 | <- | <- | <- | 
| 2025-04-19 |  |  |  |  |  |  | <- | <- | <- | 
| 2025-04-20 |  |  |  |  |  |  | <- | <- | <- | 
| 2025-04-21 | D16 | 08:30:00 | 20:30:00 | 3.5 | 11.5 | 数据优化 | <- | <- | <- | 
| 2025-04-22 | D16 | 08:30:00 | 20:30:00 | 3.5 | 11.5 | 数据优化 | <- | <- | <- | 
| 2025-04-23 |  |  |  |  |  | 事假 | <- | <- | <- | 
| 2025-04-24 | D16 | 08:30:00 | 20:00:00 | 3.0 | 11.0 | 数据优化 | <- | <- | <- | 
| 2025-04-25 | D16 | 08:30:00 | 20:30:00 | 3.5 | 11.5 | 数据优化 | <- | <- | <- | 
| 2025-04-26 |  |  |  |  |  |  | <- | <- | <- | 
| 2025-04-27 | D16 | 08:30:00 | 20:00:00 | 3.0 | 11.0 | 数据优化 | <- | <- | <- | 
| 2025-04-28 | D16 | 08:30:00 | 20:00:00 | 3.0 | 11.0 | 数据优化 | <- | <- | <- | 
| 2025-04-29 | D16 | 08:30:00 | 20:00:00 | 3.0 | 11.0 | 数据优化 | <- | <- | <- | 
| 2025-04-30 | D16 | 08:30:00 | 20:00:00 | 3.0 | 11.0 | 数据优化 | <- | <- | <- | 
| 2025-05-01 |  |  |  |  |  |  | <- | <- | <- | 
| 工时统计 | 项目名称 | 项目编号 | 加班 | <- | 工时 | 项目工程师签字 | <- | <- | <- | 
| ^ | Power tray table on backrest |  | 14.5 | <- | 46.5 |  | <- | <- | <- | 
| ^ | D16 |  | 52.5 | <- | 196.5 |  | <- | <- | <- | 
| ^ |  |  |  | <- |  |  | <- | <- | <- | 
| ^ |  |  |  | <- |  |  | <- | <- | <- | 
| 总计工时 | 243.00 | <- | 经理签字： | <- | <- |  | <- | <- | <- | 


## 工作表: Sheet1

| A | B | C | D | E | F | 
|  --- | --- | --- | --- | --- | --- |
|  |  |  | 一年调整一次，请勿随意删除 | <- | <- | 
|  |  |  | 2025 | <- | <- | 
| 年 | 月 |  | 节假日 | 调休加班日 |  | 
| 1905-07-17 | 4 |  | 45658 | 45683 |  | 
|  |  |  | 45685 | 45696 |  | 
|  |  |  | 45686 | 45774 |  | 
|  |  |  | 45687 | 45928 |  | 
|  |  |  | 45688 | 45941 |  | 
|  |  |  | 45689 |  |  | 
|  |  |  | 45690 |  |  | 
|  |  |  | 45691 |  |  | 
|  |  |  | 45692 |  |  | 
|  |  |  | 45751 |  |  | 
|  |  |  | 45752 |  |  | 
|  |  |  | 45753 |  |  | 
|  |  |  | 45778 |  |  | 
|  |  |  | 45779 |  |  | 
|  |  |  | 45780 |  |  | 
|  |  |  | 45781 |  |  | 
|  |  |  | 45782 |  |  | 
|  |  |  | 45808 |  |  | 
|  |  |  | 45809 |  |  | 
|  |  |  | 45810 |  |  | 
|  |  |  | 45931 |  |  | 
|  |  |  | 45932 |  |  | 
|  |  |  | 45933 |  |  | 
|  |  |  | 45934 |  |  | 
|  |  |  | 45935 |  |  | 
|  |  |  | 45936 |  |  | 
|  |  |  | 45937 |  |  | 
|  |  |  | 45938 |  |  | 



2025-05-20 10:56:54,749 - INFO - 请求成功，状态码: 200
2025-05-20 10:56:54,751 - INFO - 模型返回：
{"Power tray table on backrest":{"overtime_hours":14.5,"total_hours":46.5},"D16":{"overtime_hours":52.5,"total_hours":196.5}}

2025-05-20 10:56:54,751 - INFO - 源数据表中的工时汇总数据：{'Power tray table on backrest': {'overtime_hours': 14.5, 'total_hours': 46.5}, 'D16': {'overtime_hours': 52.5, 'total_hours': 196.5}}
2025-05-20 10:56:54,751 - INFO - 文件处理进度：6 / 10
2025-05-20 10:56:54,752 - INFO - 开始处理工时文件：D:/sotos工作资料/test/3\王大铭工时表-重庆安道拓-2025年04月.xlsx
2025-05-20 10:56:54,885 - INFO - Excel表格提取文本：
## 工作表: 王大铭

| A | B | C | D | E | F | G | H | I | J | 
|  --- | --- | --- | --- | --- | --- | --- | --- | --- | --- |
| 重庆延锋安道拓 | <- | 上海睿励信息技术有限公司 工时记录表 | <- | <- | <- | <- | <- | <- | <- | 
| ^ | ^<- | 供应商 |  | <- | <- | <- | <- | <- | <- | 
| 工程师 | 王大铭 | <- | 负责人 | 吕林麟 | 电话 | 18223560109 | <- | <- | <- | 
| 日期 | 项目名称 | 开始工作时间 | 工作结束时间 | 加班时间 | 总工作时间 | 备注 | <- | <- | <- | 
| 2025-04-01 | XE08 | 08:30:00 | 19:30:00 | 2.5 | 10.5 | P789 材料DVP | <- | <- | <- | 
| 2025-04-02 | XE08 | 08:30:00 | 18:30:00 | 1.5 | 9.5 | P789 技术方案交流总结 | <- | <- | <- | 
| 2025-04-03 | XE08 | 08:00:00 | 17:30:00 | 1.0 | 9.0 | P789 技术方案交流总结 | <- | <- | <- | 
| 2025-04-04 |  |  |  |  |  |  | <- | <- | <- | 
| 2025-04-05 |  |  |  |  |  |  | <- | <- | <- | 
| 2025-04-06 |  |  |  |  |  |  | <- | <- | <- | 
| 2025-04-07 | E371-A1 | 08:30:00 | 21:30:00 | 4.5 | 12.5 | E371-A1 工程变更 | <- | <- | <- | 
| 2025-04-08 | E371-A1 | 08:30:00 | 20:30:00 | 3.5 | 11.5 | E371-A1 工程变更 | <- | <- | <- | 
| 2025-04-09 | E371-A1 | 08:30:00 | 20:30:00 | 3.5 | 11.5 | E371-A1 工程变更 | <- | <- | <- | 
| 2025-04-10 | E371-A1 | 08:30:00 | 20:30:00 | 3.5 | 11.5 | E371-A1 工程变更 | <- | <- | <- | 
| 2025-04-11 | XE08 | 08:30:00 | 21:00:00 | 4.0 | 12.0 | XE08 VAVE DVP | <- | <- | <- | 
| 2025-04-12 | XE08 | 08:00:00 | 18:00:00 | 9.5 | 9.5 | XE08 VAVE打散BOM | <- | <- | <- | 
| 2025-04-13 |  |  |  |  |  |  | <- | <- | <- | 
| 2025-04-14 | E371-A1 | 08:30:00 | 20:00:00 | 3.0 | 11.0 | E371-A1 3C资料 | <- | <- | <- | 
| 2025-04-15 | E371-A1 | 08:30:00 | 22:30:00 | 5.5 | 13.5 | E371-A1 3C资料 | <- | <- | <- | 
| 2025-04-16 | E371-A1 | 08:30:00 | 21:30:00 | 4.5 | 12.5 | E371-A1 工程变更 | <- | <- | <- | 
| 2025-04-17 | E371-A1 | 08:30:00 | 21:00:00 | 4.0 | 12.0 | E371-A1 工程变更 | <- | <- | <- | 
| 2025-04-18 | E371-A1 | 08:30:00 | 19:30:00 | 2.5 | 10.5 | E371-A1 工程变更 | <- | <- | <- | 
| 2025-04-19 | XE08 | 09:00:00 | 18:00:00 | 8.5 | 8.5 | P789 数据搭建 | <- | <- | <- | 
| 2025-04-20 |  |  |  |  |  |  | <- | <- | <- | 
| 2025-04-21 | XE08 | 08:30:00 | 20:30:00 | 3.5 | 11.5 | P789 数据搭建 | <- | <- | <- | 
| 2025-04-22 | E371-A1 | 08:30:00 | 19:00:00 | 2.0 | 10.0 | E371-A1 工程变更 | <- | <- | <- | 
| 2025-04-23 | E371-A1 | 08:30:00 | 19:30:00 | 2.5 | 10.5 | E371-A1 工程变更 | <- | <- | <- | 
| 2025-04-24 | E371-A1 | 08:30:00 | 19:30:00 | 2.5 | 10.5 | E371-A1 工程变更 | <- | <- | <- | 
| 2025-04-25 | E371-A1 | 08:30:00 | 19:30:00 | 2.5 | 10.5 | E371-A1 工程变更 | <- | <- | <- | 
| 2025-04-26 |  |  |  |  |  |  | <- | <- | <- | 
| 2025-04-27 | E371-A1 | 08:30:00 | 19:30:00 | 2.5 | 10.5 | E371-A1 工程变更 | <- | <- | <- | 
| 2025-04-28 | E371-A1 | 08:30:00 | 21:30:00 | 4.5 | 12.5 | E371-A1 工程变更 | <- | <- | <- | 
| 2025-04-29 | E371-A1 | 08:30:00 | 18:00:00 | 1.0 | 9.0 | E371-A1 工程变更 | <- | <- | <- | 
| 2025-04-30 | E371-A1 | 08:00:00 | 16:30:00 | 0.0 | 8.0 | E371-A1 工程变更 | <- | <- | <- | 
| 2025-05-01 |  |  |  |  |  |  | <- | <- | <- | 
| 工时统计 | 项目名称 | 项目编号 | 加班 | <- | 工时 | 项目工程师签字 | <- | <- | <- | 
| ^ | E371-A1 | 7034716 | 52.0 | <- | 188.0 |  | <- | <- | <- | 
| ^ | XE08 | 5928432 | 30.5 | <- | 70.5 |  | <- | <- | <- | 
| ^ |  |  |  | <- |  |  | <- | <- | <- | 
| ^ |  |  |  | <- |  |  | <- | <- | <- | 
| 总计工时 | 258.50 | <- | 经理签字： | <- | <- |  | <- | <- | <- | 


## 工作表: Sheet1

| A | B | C | D | E | F | 
|  --- | --- | --- | --- | --- | --- |
|  |  |  | 一年调整一次，请勿随意删除 | <- | <- | 
|  |  |  | 2025 | <- | <- | 
| 年 | 月 |  | 节假日 | 调休加班日 |  | 
| 1905-07-17 | 4 |  | 45658 | 45683 |  | 
|  |  |  | 45685 | 45696 |  | 
|  |  |  | 45686 | 45774 |  | 
|  |  |  | 45687 | 45928 |  | 
|  |  |  | 45688 | 45941 |  | 
|  |  |  | 45689 |  |  | 
|  |  |  | 45690 |  |  | 
|  |  |  | 45691 |  |  | 
|  |  |  | 45692 |  |  | 
|  |  |  | 45751 |  |  | 
|  |  |  | 45752 |  |  | 
|  |  |  | 45753 |  |  | 
|  |  |  | 45778 |  |  | 
|  |  |  | 45779 |  |  | 
|  |  |  | 45780 |  |  | 
|  |  |  | 45781 |  |  | 
|  |  |  | 45782 |  |  | 
|  |  |  | 45808 |  |  | 
|  |  |  | 45809 |  |  | 
|  |  |  | 45810 |  |  | 
|  |  |  | 45931 |  |  | 
|  |  |  | 45932 |  |  | 
|  |  |  | 45933 |  |  | 
|  |  |  | 45934 |  |  | 
|  |  |  | 45935 |  |  | 
|  |  |  | 45936 |  |  | 
|  |  |  | 45937 |  |  | 
|  |  |  | 45938 |  |  | 



2025-05-20 10:56:54,895 - INFO - 从表格文本中，提取员工姓名和公司名称...
2025-05-20 10:56:54,895 - INFO - 发送请求到模型API...
2025-05-20 10:56:54,896 - INFO - system_prompt：
你是一个专业的表格信息提取助手。用户会提供给你一份Excel工时表，已转换为Markdown格式。你需要提取出表格包含的员工姓名`employee_name`和公司名称`company_name`。以JSON格式输出结果，包含`employee_name`和`company_name`两个字段。如果无法提取到员工姓名和公司名称，请返回空字符串。

markdown格式的表格中合并单元格表示法：
   - "^" 符号表示该单元格与上方单元格合并（纵向合并）
   - "<-" 符号表示该单元格与左侧单元格合并（横向合并）
   - "^<-" 符号表示该单元格同时与上方和左侧单元格合并（纵横合并）

比如：{"employee_name":"张三", "company_name":"XXX公司"}
注意：直接返回结果，不要包含任何解释或说明。

2025-05-20 10:56:54,897 - INFO - user_prompt：## 工作表: 王大铭

| A | B | C | D | E | F | G | H | I | J | 
|  --- | --- | --- | --- | --- | --- | --- | --- | --- | --- |
| 重庆延锋安道拓 | <- | 上海睿励信息技术有限公司 工时记录表 | <- | <- | <- | <- | <- | <- | <- | 
| ^ | ^<- | 供应商 |  | <- | <- | <- | <- | <- | <- | 
| 工程师 | 王大铭 | <- | 负责人 | 吕林麟 | 电话 | 18223560109 | <- | <- | <- | 
| 日期 | 项目名称 | 开始工作时间 | 工作结束时间 | 加班时间 | 总工作时间 | 备注 | <- | <- | <- | 
| 2025-04-01 | XE08 | 08:30:00 | 19:30:00 | 2.5 | 10.5 | P789 材料DVP | <- | <- | <- | 
| 2025-04-02 | XE08 | 08:30:00 | 18:30:00 | 1.5 | 9.5 | P789 技术方案交流总结 | <- | <- | <- | 
| 2025-04-03 | XE08 | 08:00:00 | 17:30:00 | 1.0 | 9.0 | P789 技术方案交流总结 | <- | <- | <- | 
| 2025-04-04 |  |  |  |  |  |  | <- | <- | <- | 
| 2025-04-05 |  |  |  |  |  |  | <- | <- | <- | 
| 2025-04-06 |  |  |  |  |  |  | <- | <- | <- | 
| 2025-04-07 | E371-A1 | 08:30:00 | 21:30:00 | 4.5 | 12.5 | E371-A1 工程变更 | <- | <- | <- | 
| 2025-04-08 | E371-A1 | 08:30:00 | 20:30:00 | 3.5 | 11.5 | E371-A1 工程变更 | <- | <- | <- | 
| 2025-04-09 | E371-A1 | 08:30:00 | 20:30:00 | 3.5 | 11.5 | E371-A1 工程变更 | <- | <- | <- | 
| 2025-04-10 | E371-A1 | 08:30:00 | 20:30:00 | 3.5 | 11.5 | E371-A1 工程变更 | <- | <- | <- | 
| 2025-04-11 | XE08 | 08:30:00 | 21:00:00 | 4.0 | 12.0 | XE08 VAVE DVP | <- | <- | <- | 
| 2025-04-12 | XE08 | 08:00:00 | 18:00:00 | 9.5 | 9.5 | XE08 VAVE打散BOM | <- | <- | <- | 
| 2025-04-13 |  |  |  |  |  |  | <- | <- | <- | 
| 2025-04-14 | E371-A1 | 08:30:00 | 20:00:00 | 3.0 | 11.0 | E371-A1 3C资料 | <- | <- | <- | 
| 2025-04-15 | E371-A1 | 08:30:00 | 22:30:00 | 5.5 | 13.5 | E371-A1 3C资料 | <- | <- | <- | 
| 2025-04-16 | E371-A1 | 08:30:00 | 21:30:00 | 4.5 | 12.5 | E371-A1 工程变更 | <- | <- | <- | 
| 2025-04-17 | E371-A1 | 08:30:00 | 21:00:00 | 4.0 | 12.0 | E371-A1 工程变更 | <- | <- | <- | 
| 2025-04-18 | E371-A1 | 08:30:00 | 19:30:00 | 2.5 | 10.5 | E371-A1 工程变更 | <- | <- | <- | 
| 2025-04-19 | XE08 | 09:00:00 | 18:00:00 | 8.5 | 8.5 | P789 数据搭建 | <- | <- | <- | 
| 2025-04-20 |  |  |  |  |  |  | <- | <- | <- | 
| 2025-04-21 | XE08 | 08:30:00 | 20:30:00 | 3.5 | 11.5 | P789 数据搭建 | <- | <- | <- | 
| 2025-04-22 | E371-A1 | 08:30:00 | 19:00:00 | 2.0 | 10.0 | E371-A1 工程变更 | <- | <- | <- | 
| 2025-04-23 | E371-A1 | 08:30:00 | 19:30:00 | 2.5 | 10.5 | E371-A1 工程变更 | <- | <- | <- | 
| 2025-04-24 | E371-A1 | 08:30:00 | 19:30:00 | 2.5 | 10.5 | E371-A1 工程变更 | <- | <- | <- | 
| 2025-04-25 | E371-A1 | 08:30:00 | 19:30:00 | 2.5 | 10.5 | E371-A1 工程变更 | <- | <- | <- | 
| 2025-04-26 |  |  |  |  |  |  | <- | <- | <- | 
| 2025-04-27 | E371-A1 | 08:30:00 | 19:30:00 | 2.5 | 10.5 | E371-A1 工程变更 | <- | <- | <- | 
| 2025-04-28 | E371-A1 | 08:30:00 | 21:30:00 | 4.5 | 12.5 | E371-A1 工程变更 | <- | <- | <- | 
| 2025-04-29 | E371-A1 | 08:30:00 | 18:00:00 | 1.0 | 9.0 | E371-A1 工程变更 | <- | <- | <- | 
| 2025-04-30 | E371-A1 | 08:00:00 | 16:30:00 | 0.0 | 8.0 | E371-A1 工程变更 | <- | <- | <- | 
| 2025-05-01 |  |  |  |  |  |  | <- | <- | <- | 
| 工时统计 | 项目名称 | 项目编号 | 加班 | <- | 工时 | 项目工程师签字 | <- | <- | <- | 
| ^ | E371-A1 | 7034716 | 52.0 | <- | 188.0 |  | <- | <- | <- | 
| ^ | XE08 | 5928432 | 30.5 | <- | 70.5 |  | <- | <- | <- | 
| ^ |  |  |  | <- |  |  | <- | <- | <- | 
| ^ |  |  |  | <- |  |  | <- | <- | <- | 
| 总计工时 | 258.50 | <- | 经理签字： | <- | <- |  | <- | <- | <- | 


## 工作表: Sheet1

| A | B | C | D | E | F | 
|  --- | --- | --- | --- | --- | --- |
|  |  |  | 一年调整一次，请勿随意删除 | <- | <- | 
|  |  |  | 2025 | <- | <- | 
| 年 | 月 |  | 节假日 | 调休加班日 |  | 
| 1905-07-17 | 4 |  | 45658 | 45683 |  | 
|  |  |  | 45685 | 45696 |  | 
|  |  |  | 45686 | 45774 |  | 
|  |  |  | 45687 | 45928 |  | 
|  |  |  | 45688 | 45941 |  | 
|  |  |  | 45689 |  |  | 
|  |  |  | 45690 |  |  | 
|  |  |  | 45691 |  |  | 
|  |  |  | 45692 |  |  | 
|  |  |  | 45751 |  |  | 
|  |  |  | 45752 |  |  | 
|  |  |  | 45753 |  |  | 
|  |  |  | 45778 |  |  | 
|  |  |  | 45779 |  |  | 
|  |  |  | 45780 |  |  | 
|  |  |  | 45781 |  |  | 
|  |  |  | 45782 |  |  | 
|  |  |  | 45808 |  |  | 
|  |  |  | 45809 |  |  | 
|  |  |  | 45810 |  |  | 
|  |  |  | 45931 |  |  | 
|  |  |  | 45932 |  |  | 
|  |  |  | 45933 |  |  | 
|  |  |  | 45934 |  |  | 
|  |  |  | 45935 |  |  | 
|  |  |  | 45936 |  |  | 
|  |  |  | 45937 |  |  | 
|  |  |  | 45938 |  |  | 



2025-05-20 10:56:56,957 - INFO - 请求成功，状态码: 200
2025-05-20 10:56:56,959 - INFO - 模型返回：{"employee_name":"王大铭", "company_name":"重庆延锋安道拓"}

2025-05-20 10:56:56,960 - INFO - 解析模型返回：
 - 员工姓名：王大铭,  - 公司名称：重庆延锋安道拓
2025-05-20 10:56:56,961 - INFO - 

从表格文本中，提取汇总数据...
2025-05-20 10:56:56,961 - INFO - 发送请求到模型API...
2025-05-20 10:56:56,962 - INFO - system_prompt：
你是一个专业的工时数据提取助手。用户会提供给你一份Excel工时表，已转换为Markdown格式。你需要提取出表格中的按照项目做统计的工时汇总数据。将提取结果以JSON格式输出。以项目名称作为key为项目名称，value为包含加班和工时的字典。

markdown格式的表格中合并单元格表示法：
   - "^" 符号表示该单元格与上方单元格合并（纵向合并）
   - "<-" 符号表示该单元格与左侧单元格合并（横向合并）
   - "^<-" 符号表示该单元格同时与上方和左侧单元格合并（纵横合并）

你可以按照以下步骤进行分析：
1. 首先，定位表格中工时统计汇总数据，通常在表格的下方。
2. 读取工时统计汇总数据，包含项目名称、项目编号、加班、工时等。项目编号可能为空。
3. 整理所有数据，以JSON格式输。key为项目名称，value为包含加班`overtime_hours`和工时`total_hours`的字典。

注意：
1.直接返回结果，不要包含任何解释或说明。
2.输出结果必须严格按照无语法错误的JSON格式输出，不能有任何其他格式。

以JSON格式输出结果，示例输出如下：
示例1：
{"D11":{"overtime_hours":20,"total_hours":120}, "A12":{"overtime_hours":6,"total_hours":14}, "B13":{"overtime_hours":1,"total_hours":10}}
示例2：
{"D11":{"overtime_hours":20,"total_hours":120}, "A12":{"overtime_hours":6,"total_hours":14}}

2025-05-20 10:56:56,965 - INFO - user_prompt：## 工作表: 王大铭

| A | B | C | D | E | F | G | H | I | J | 
|  --- | --- | --- | --- | --- | --- | --- | --- | --- | --- |
| 重庆延锋安道拓 | <- | 上海睿励信息技术有限公司 工时记录表 | <- | <- | <- | <- | <- | <- | <- | 
| ^ | ^<- | 供应商 |  | <- | <- | <- | <- | <- | <- | 
| 工程师 | 王大铭 | <- | 负责人 | 吕林麟 | 电话 | 18223560109 | <- | <- | <- | 
| 日期 | 项目名称 | 开始工作时间 | 工作结束时间 | 加班时间 | 总工作时间 | 备注 | <- | <- | <- | 
| 2025-04-01 | XE08 | 08:30:00 | 19:30:00 | 2.5 | 10.5 | P789 材料DVP | <- | <- | <- | 
| 2025-04-02 | XE08 | 08:30:00 | 18:30:00 | 1.5 | 9.5 | P789 技术方案交流总结 | <- | <- | <- | 
| 2025-04-03 | XE08 | 08:00:00 | 17:30:00 | 1.0 | 9.0 | P789 技术方案交流总结 | <- | <- | <- | 
| 2025-04-04 |  |  |  |  |  |  | <- | <- | <- | 
| 2025-04-05 |  |  |  |  |  |  | <- | <- | <- | 
| 2025-04-06 |  |  |  |  |  |  | <- | <- | <- | 
| 2025-04-07 | E371-A1 | 08:30:00 | 21:30:00 | 4.5 | 12.5 | E371-A1 工程变更 | <- | <- | <- | 
| 2025-04-08 | E371-A1 | 08:30:00 | 20:30:00 | 3.5 | 11.5 | E371-A1 工程变更 | <- | <- | <- | 
| 2025-04-09 | E371-A1 | 08:30:00 | 20:30:00 | 3.5 | 11.5 | E371-A1 工程变更 | <- | <- | <- | 
| 2025-04-10 | E371-A1 | 08:30:00 | 20:30:00 | 3.5 | 11.5 | E371-A1 工程变更 | <- | <- | <- | 
| 2025-04-11 | XE08 | 08:30:00 | 21:00:00 | 4.0 | 12.0 | XE08 VAVE DVP | <- | <- | <- | 
| 2025-04-12 | XE08 | 08:00:00 | 18:00:00 | 9.5 | 9.5 | XE08 VAVE打散BOM | <- | <- | <- | 
| 2025-04-13 |  |  |  |  |  |  | <- | <- | <- | 
| 2025-04-14 | E371-A1 | 08:30:00 | 20:00:00 | 3.0 | 11.0 | E371-A1 3C资料 | <- | <- | <- | 
| 2025-04-15 | E371-A1 | 08:30:00 | 22:30:00 | 5.5 | 13.5 | E371-A1 3C资料 | <- | <- | <- | 
| 2025-04-16 | E371-A1 | 08:30:00 | 21:30:00 | 4.5 | 12.5 | E371-A1 工程变更 | <- | <- | <- | 
| 2025-04-17 | E371-A1 | 08:30:00 | 21:00:00 | 4.0 | 12.0 | E371-A1 工程变更 | <- | <- | <- | 
| 2025-04-18 | E371-A1 | 08:30:00 | 19:30:00 | 2.5 | 10.5 | E371-A1 工程变更 | <- | <- | <- | 
| 2025-04-19 | XE08 | 09:00:00 | 18:00:00 | 8.5 | 8.5 | P789 数据搭建 | <- | <- | <- | 
| 2025-04-20 |  |  |  |  |  |  | <- | <- | <- | 
| 2025-04-21 | XE08 | 08:30:00 | 20:30:00 | 3.5 | 11.5 | P789 数据搭建 | <- | <- | <- | 
| 2025-04-22 | E371-A1 | 08:30:00 | 19:00:00 | 2.0 | 10.0 | E371-A1 工程变更 | <- | <- | <- | 
| 2025-04-23 | E371-A1 | 08:30:00 | 19:30:00 | 2.5 | 10.5 | E371-A1 工程变更 | <- | <- | <- | 
| 2025-04-24 | E371-A1 | 08:30:00 | 19:30:00 | 2.5 | 10.5 | E371-A1 工程变更 | <- | <- | <- | 
| 2025-04-25 | E371-A1 | 08:30:00 | 19:30:00 | 2.5 | 10.5 | E371-A1 工程变更 | <- | <- | <- | 
| 2025-04-26 |  |  |  |  |  |  | <- | <- | <- | 
| 2025-04-27 | E371-A1 | 08:30:00 | 19:30:00 | 2.5 | 10.5 | E371-A1 工程变更 | <- | <- | <- | 
| 2025-04-28 | E371-A1 | 08:30:00 | 21:30:00 | 4.5 | 12.5 | E371-A1 工程变更 | <- | <- | <- | 
| 2025-04-29 | E371-A1 | 08:30:00 | 18:00:00 | 1.0 | 9.0 | E371-A1 工程变更 | <- | <- | <- | 
| 2025-04-30 | E371-A1 | 08:00:00 | 16:30:00 | 0.0 | 8.0 | E371-A1 工程变更 | <- | <- | <- | 
| 2025-05-01 |  |  |  |  |  |  | <- | <- | <- | 
| 工时统计 | 项目名称 | 项目编号 | 加班 | <- | 工时 | 项目工程师签字 | <- | <- | <- | 
| ^ | E371-A1 | 7034716 | 52.0 | <- | 188.0 |  | <- | <- | <- | 
| ^ | XE08 | 5928432 | 30.5 | <- | 70.5 |  | <- | <- | <- | 
| ^ |  |  |  | <- |  |  | <- | <- | <- | 
| ^ |  |  |  | <- |  |  | <- | <- | <- | 
| 总计工时 | 258.50 | <- | 经理签字： | <- | <- |  | <- | <- | <- | 


## 工作表: Sheet1

| A | B | C | D | E | F | 
|  --- | --- | --- | --- | --- | --- |
|  |  |  | 一年调整一次，请勿随意删除 | <- | <- | 
|  |  |  | 2025 | <- | <- | 
| 年 | 月 |  | 节假日 | 调休加班日 |  | 
| 1905-07-17 | 4 |  | 45658 | 45683 |  | 
|  |  |  | 45685 | 45696 |  | 
|  |  |  | 45686 | 45774 |  | 
|  |  |  | 45687 | 45928 |  | 
|  |  |  | 45688 | 45941 |  | 
|  |  |  | 45689 |  |  | 
|  |  |  | 45690 |  |  | 
|  |  |  | 45691 |  |  | 
|  |  |  | 45692 |  |  | 
|  |  |  | 45751 |  |  | 
|  |  |  | 45752 |  |  | 
|  |  |  | 45753 |  |  | 
|  |  |  | 45778 |  |  | 
|  |  |  | 45779 |  |  | 
|  |  |  | 45780 |  |  | 
|  |  |  | 45781 |  |  | 
|  |  |  | 45782 |  |  | 
|  |  |  | 45808 |  |  | 
|  |  |  | 45809 |  |  | 
|  |  |  | 45810 |  |  | 
|  |  |  | 45931 |  |  | 
|  |  |  | 45932 |  |  | 
|  |  |  | 45933 |  |  | 
|  |  |  | 45934 |  |  | 
|  |  |  | 45935 |  |  | 
|  |  |  | 45936 |  |  | 
|  |  |  | 45937 |  |  | 
|  |  |  | 45938 |  |  | 



2025-05-20 10:56:59,426 - INFO - 请求成功，状态码: 200
2025-05-20 10:56:59,428 - INFO - 模型返回：
{"E371-A1":{"overtime_hours":52.0,"total_hours":188.0},"XE08":{"overtime_hours":30.5,"total_hours":70.5}}

2025-05-20 10:56:59,428 - INFO - 源数据表中的工时汇总数据：{'E371-A1': {'overtime_hours': 52.0, 'total_hours': 188.0}, 'XE08': {'overtime_hours': 30.5, 'total_hours': 70.5}}
2025-05-20 10:56:59,429 - INFO - 文件处理进度：7 / 10
2025-05-20 10:56:59,430 - INFO - 开始处理工时文件：D:/sotos工作资料/test/3\苏亚超工时表-重庆安道拓-2025年04月.xlsx
2025-05-20 10:56:59,673 - INFO - Excel表格提取文本：
## 工作表: 苏亚超

| A | B | C | D | E | F | G | H | I | J | 
|  --- | --- | --- | --- | --- | --- | --- | --- | --- | --- |
| 重庆延锋安道拓 | <- | 上海睿励信息技术有限公司 工时记录表 | <- | <- | <- | <- | <- | <- | <- | 
| ^ | ^<- | 供应商 |  | <- | <- | <- | <- | <- | <- | 
| 工程师 | 苏亚超 | <- | 负责人 | 陈功名 | 电话 | 18375831095 | <- | <- | <- | 
| 日期 | 项目名称 | 开始工作时间 | 工作结束时间 | 加班时间 | 总工作时间 | 备注 | <- | <- | <- | 
| 2025-04-01 | EF2H | 08:30:00 | 17:00:00 | 0.0 | 8.0 | 优化数据 | <- | <- | <- | 
| 2025-04-02 | EF2H | 09:00:00 | 17:30:00 | 0.0 | 8.0 | 优化数据 | <- | <- | <- | 
| 2025-04-03 | EF2H | 09:00:00 | 17:30:00 | 0.0 | 8.0 | 优化数据 | <- | <- | <- | 
| 2025-04-04 |  |  |  |  |  |  | <- | <- | <- | 
| 2025-04-05 |  |  |  |  |  |  | <- | <- | <- | 
| 2025-04-06 |  |  |  |  |  |  | <- | <- | <- | 
| 2025-04-07 | V540 | 09:00:00 | 17:30:00 | 0.0 | 8.0 | 优化数据 | <- | <- | <- | 
| 2025-04-08 | V540 | 08:30:00 | 17:00:00 | 0.0 | 8.0 | 优化数据 | <- | <- | <- | 
| 2025-04-09 | EF2H | 09:00:00 | 17:30:00 | 0.0 | 8.0 | 优化数据 | <- | <- | <- | 
| 2025-04-10 | EF2H | 09:00:00 | 17:30:00 | 0.0 | 8.0 | 优化数据 | <- | <- | <- | 
| 2025-04-11 | EF2H | 09:00:00 | 18:00:00 | 0.5 | 8.5 | 优化数据 | <- | <- | <- | 
| 2025-04-12 |  |  |  |  |  |  | <- | <- | <- | 
| 2025-04-13 |  |  |  |  |  |  | <- | <- | <- | 
| 2025-04-14 | EF2H | 09:00:00 | 17:30:00 | 0.0 | 8.0 | 优化数据 | <- | <- | <- | 
| 2025-04-15 | EF2H | 08:30:00 | 17:30:00 | 0.5 | 8.5 | 优化数据 | <- | <- | <- | 
| 2025-04-16 | EF2H | 09:00:00 | 18:00:00 | 0.5 | 8.5 | 优化数据 | <- | <- | <- | 
| 2025-04-17 | EF2H | 09:00:00 | 19:00:00 | 1.5 | 9.5 | 优化数据 | <- | <- | <- | 
| 2025-04-18 | EF2H | 09:00:00 | 17:30:00 | 0.0 | 8.0 | 优化数据 | <- | <- | <- | 
| 2025-04-19 |  |  |  |  |  |  | <- | <- | <- | 
| 2025-04-20 |  |  |  |  |  |  | <- | <- | <- | 
| 2025-04-21 | EF2H | 09:00:00 | 17:30:00 | 0.0 | 8.0 | 优化数据 | <- | <- | <- | 
| 2025-04-22 | EF2H | 09:00:00 | 20:00:00 | 2.5 | 10.5 | 优化数据 | <- | <- | <- | 
| 2025-04-23 | EF2H | 09:00:00 | 18:30:00 | 1.0 | 9.0 | 优化数据 | <- | <- | <- | 
| 2025-04-24 | EF2H | 09:00:00 | 17:30:00 | 0.0 | 8.0 | 优化数据 | <- | <- | <- | 
| 2025-04-25 | EF2H | 09:00:00 | 17:30:00 | 0.0 | 8.0 | 优化数据 | <- | <- | <- | 
| 2025-04-26 |  |  |  |  |  |  | <- | <- | <- | 
| 2025-04-27 | E518 | 09:00:00 | 21:30:00 | 4.0 | 12.0 | 优化头枕样件 | <- | <- | <- | 
| 2025-04-28 | E518 | 09:00:00 | 20:30:00 | 3.0 | 11.0 | 优化头枕样件 | <- | <- | <- | 
| 2025-04-29 | E518 | 08:30:00 | 21:00:00 | 4.0 | 12.0 | 优化头枕样件 | <- | <- | <- | 
| 2025-04-30 | E518 | 09:00:00 | 18:00:00 | 0.5 | 8.5 | 优化头枕样件 | <- | <- | <- | 
| 工时统计 | 项目名称 | 项目编号 | 加班 | <- | 工时 | 项目工程师签字 | <- | <- | <- | 
| ^ | EF2H |  | 6.5 | <- | 134.5 |  | <- | <- | <- | 
| ^ | V540 |  | 0 | <- | 16 |  | <- | <- | <- | 
| ^ | E518 |  | 11.5 | <- | 43.5 |  | <- | <- | <- | 
| ^ |  |  |  | <- |  |  | <- | <- | <- | 
| 总计工时 | 194.00 | <- | 经理签字： | <- | <- |  | <- | <- | <- | 


## 工作表: Sheet1

| A | B | C | D | E | F | 
|  --- | --- | --- | --- | --- | --- |
|  |  |  | 一年调整一次，请勿随意删除 | <- | <- | 
|  |  |  | 2025 | <- | <- | 
| 年 | 月 |  | 节假日 | 调休加班日 |  | 
| 1905-07-17 | 4 |  | 45658 | 45683 |  | 
|  |  |  | 45685 | 45696 |  | 
|  |  |  | 45686 | 45774 |  | 
|  |  |  | 45687 | 45928 |  | 
|  |  |  | 45688 | 45941 |  | 
|  |  |  | 45689 |  |  | 
|  |  |  | 45690 |  |  | 
|  |  |  | 45691 |  |  | 
|  |  |  | 45692 |  |  | 
|  |  |  | 45751 |  |  | 
|  |  |  | 45752 |  |  | 
|  |  |  | 45753 |  |  | 
|  |  |  | 45778 |  |  | 
|  |  |  | 45779 |  |  | 
|  |  |  | 45780 |  |  | 
|  |  |  | 45781 |  |  | 
|  |  |  | 45782 |  |  | 
|  |  |  | 45808 |  |  | 
|  |  |  | 45809 |  |  | 
|  |  |  | 45810 |  |  | 
|  |  |  | 45931 |  |  | 
|  |  |  | 45932 |  |  | 
|  |  |  | 45933 |  |  | 
|  |  |  | 45934 |  |  | 
|  |  |  | 45935 |  |  | 
|  |  |  | 45936 |  |  | 
|  |  |  | 45937 |  |  | 
|  |  |  | 45938 |  |  | 



2025-05-20 10:56:59,687 - INFO - 从表格文本中，提取员工姓名和公司名称...
2025-05-20 10:56:59,687 - INFO - 发送请求到模型API...
2025-05-20 10:56:59,688 - INFO - system_prompt：
你是一个专业的表格信息提取助手。用户会提供给你一份Excel工时表，已转换为Markdown格式。你需要提取出表格包含的员工姓名`employee_name`和公司名称`company_name`。以JSON格式输出结果，包含`employee_name`和`company_name`两个字段。如果无法提取到员工姓名和公司名称，请返回空字符串。

markdown格式的表格中合并单元格表示法：
   - "^" 符号表示该单元格与上方单元格合并（纵向合并）
   - "<-" 符号表示该单元格与左侧单元格合并（横向合并）
   - "^<-" 符号表示该单元格同时与上方和左侧单元格合并（纵横合并）

比如：{"employee_name":"张三", "company_name":"XXX公司"}
注意：直接返回结果，不要包含任何解释或说明。

2025-05-20 10:56:59,690 - INFO - user_prompt：## 工作表: 苏亚超

| A | B | C | D | E | F | G | H | I | J | 
|  --- | --- | --- | --- | --- | --- | --- | --- | --- | --- |
| 重庆延锋安道拓 | <- | 上海睿励信息技术有限公司 工时记录表 | <- | <- | <- | <- | <- | <- | <- | 
| ^ | ^<- | 供应商 |  | <- | <- | <- | <- | <- | <- | 
| 工程师 | 苏亚超 | <- | 负责人 | 陈功名 | 电话 | 18375831095 | <- | <- | <- | 
| 日期 | 项目名称 | 开始工作时间 | 工作结束时间 | 加班时间 | 总工作时间 | 备注 | <- | <- | <- | 
| 2025-04-01 | EF2H | 08:30:00 | 17:00:00 | 0.0 | 8.0 | 优化数据 | <- | <- | <- | 
| 2025-04-02 | EF2H | 09:00:00 | 17:30:00 | 0.0 | 8.0 | 优化数据 | <- | <- | <- | 
| 2025-04-03 | EF2H | 09:00:00 | 17:30:00 | 0.0 | 8.0 | 优化数据 | <- | <- | <- | 
| 2025-04-04 |  |  |  |  |  |  | <- | <- | <- | 
| 2025-04-05 |  |  |  |  |  |  | <- | <- | <- | 
| 2025-04-06 |  |  |  |  |  |  | <- | <- | <- | 
| 2025-04-07 | V540 | 09:00:00 | 17:30:00 | 0.0 | 8.0 | 优化数据 | <- | <- | <- | 
| 2025-04-08 | V540 | 08:30:00 | 17:00:00 | 0.0 | 8.0 | 优化数据 | <- | <- | <- | 
| 2025-04-09 | EF2H | 09:00:00 | 17:30:00 | 0.0 | 8.0 | 优化数据 | <- | <- | <- | 
| 2025-04-10 | EF2H | 09:00:00 | 17:30:00 | 0.0 | 8.0 | 优化数据 | <- | <- | <- | 
| 2025-04-11 | EF2H | 09:00:00 | 18:00:00 | 0.5 | 8.5 | 优化数据 | <- | <- | <- | 
| 2025-04-12 |  |  |  |  |  |  | <- | <- | <- | 
| 2025-04-13 |  |  |  |  |  |  | <- | <- | <- | 
| 2025-04-14 | EF2H | 09:00:00 | 17:30:00 | 0.0 | 8.0 | 优化数据 | <- | <- | <- | 
| 2025-04-15 | EF2H | 08:30:00 | 17:30:00 | 0.5 | 8.5 | 优化数据 | <- | <- | <- | 
| 2025-04-16 | EF2H | 09:00:00 | 18:00:00 | 0.5 | 8.5 | 优化数据 | <- | <- | <- | 
| 2025-04-17 | EF2H | 09:00:00 | 19:00:00 | 1.5 | 9.5 | 优化数据 | <- | <- | <- | 
| 2025-04-18 | EF2H | 09:00:00 | 17:30:00 | 0.0 | 8.0 | 优化数据 | <- | <- | <- | 
| 2025-04-19 |  |  |  |  |  |  | <- | <- | <- | 
| 2025-04-20 |  |  |  |  |  |  | <- | <- | <- | 
| 2025-04-21 | EF2H | 09:00:00 | 17:30:00 | 0.0 | 8.0 | 优化数据 | <- | <- | <- | 
| 2025-04-22 | EF2H | 09:00:00 | 20:00:00 | 2.5 | 10.5 | 优化数据 | <- | <- | <- | 
| 2025-04-23 | EF2H | 09:00:00 | 18:30:00 | 1.0 | 9.0 | 优化数据 | <- | <- | <- | 
| 2025-04-24 | EF2H | 09:00:00 | 17:30:00 | 0.0 | 8.0 | 优化数据 | <- | <- | <- | 
| 2025-04-25 | EF2H | 09:00:00 | 17:30:00 | 0.0 | 8.0 | 优化数据 | <- | <- | <- | 
| 2025-04-26 |  |  |  |  |  |  | <- | <- | <- | 
| 2025-04-27 | E518 | 09:00:00 | 21:30:00 | 4.0 | 12.0 | 优化头枕样件 | <- | <- | <- | 
| 2025-04-28 | E518 | 09:00:00 | 20:30:00 | 3.0 | 11.0 | 优化头枕样件 | <- | <- | <- | 
| 2025-04-29 | E518 | 08:30:00 | 21:00:00 | 4.0 | 12.0 | 优化头枕样件 | <- | <- | <- | 
| 2025-04-30 | E518 | 09:00:00 | 18:00:00 | 0.5 | 8.5 | 优化头枕样件 | <- | <- | <- | 
| 工时统计 | 项目名称 | 项目编号 | 加班 | <- | 工时 | 项目工程师签字 | <- | <- | <- | 
| ^ | EF2H |  | 6.5 | <- | 134.5 |  | <- | <- | <- | 
| ^ | V540 |  | 0 | <- | 16 |  | <- | <- | <- | 
| ^ | E518 |  | 11.5 | <- | 43.5 |  | <- | <- | <- | 
| ^ |  |  |  | <- |  |  | <- | <- | <- | 
| 总计工时 | 194.00 | <- | 经理签字： | <- | <- |  | <- | <- | <- | 


## 工作表: Sheet1

| A | B | C | D | E | F | 
|  --- | --- | --- | --- | --- | --- |
|  |  |  | 一年调整一次，请勿随意删除 | <- | <- | 
|  |  |  | 2025 | <- | <- | 
| 年 | 月 |  | 节假日 | 调休加班日 |  | 
| 1905-07-17 | 4 |  | 45658 | 45683 |  | 
|  |  |  | 45685 | 45696 |  | 
|  |  |  | 45686 | 45774 |  | 
|  |  |  | 45687 | 45928 |  | 
|  |  |  | 45688 | 45941 |  | 
|  |  |  | 45689 |  |  | 
|  |  |  | 45690 |  |  | 
|  |  |  | 45691 |  |  | 
|  |  |  | 45692 |  |  | 
|  |  |  | 45751 |  |  | 
|  |  |  | 45752 |  |  | 
|  |  |  | 45753 |  |  | 
|  |  |  | 45778 |  |  | 
|  |  |  | 45779 |  |  | 
|  |  |  | 45780 |  |  | 
|  |  |  | 45781 |  |  | 
|  |  |  | 45782 |  |  | 
|  |  |  | 45808 |  |  | 
|  |  |  | 45809 |  |  | 
|  |  |  | 45810 |  |  | 
|  |  |  | 45931 |  |  | 
|  |  |  | 45932 |  |  | 
|  |  |  | 45933 |  |  | 
|  |  |  | 45934 |  |  | 
|  |  |  | 45935 |  |  | 
|  |  |  | 45936 |  |  | 
|  |  |  | 45937 |  |  | 
|  |  |  | 45938 |  |  | 



2025-05-20 10:57:01,458 - INFO - 请求成功，状态码: 200
2025-05-20 10:57:01,460 - INFO - 模型返回：{"employee_name":"苏亚超", "company_name":"上海睿励信息技术有限公司"}

2025-05-20 10:57:01,460 - INFO - 解析模型返回：
 - 员工姓名：苏亚超,  - 公司名称：上海睿励信息技术有限公司
2025-05-20 10:57:01,461 - INFO - 

从表格文本中，提取汇总数据...
2025-05-20 10:57:01,462 - INFO - 发送请求到模型API...
2025-05-20 10:57:01,462 - INFO - system_prompt：
你是一个专业的工时数据提取助手。用户会提供给你一份Excel工时表，已转换为Markdown格式。你需要提取出表格中的按照项目做统计的工时汇总数据。将提取结果以JSON格式输出。以项目名称作为key为项目名称，value为包含加班和工时的字典。

markdown格式的表格中合并单元格表示法：
   - "^" 符号表示该单元格与上方单元格合并（纵向合并）
   - "<-" 符号表示该单元格与左侧单元格合并（横向合并）
   - "^<-" 符号表示该单元格同时与上方和左侧单元格合并（纵横合并）

你可以按照以下步骤进行分析：
1. 首先，定位表格中工时统计汇总数据，通常在表格的下方。
2. 读取工时统计汇总数据，包含项目名称、项目编号、加班、工时等。项目编号可能为空。
3. 整理所有数据，以JSON格式输。key为项目名称，value为包含加班`overtime_hours`和工时`total_hours`的字典。

注意：
1.直接返回结果，不要包含任何解释或说明。
2.输出结果必须严格按照无语法错误的JSON格式输出，不能有任何其他格式。

以JSON格式输出结果，示例输出如下：
示例1：
{"D11":{"overtime_hours":20,"total_hours":120}, "A12":{"overtime_hours":6,"total_hours":14}, "B13":{"overtime_hours":1,"total_hours":10}}
示例2：
{"D11":{"overtime_hours":20,"total_hours":120}, "A12":{"overtime_hours":6,"total_hours":14}}

2025-05-20 10:57:01,467 - INFO - user_prompt：## 工作表: 苏亚超

| A | B | C | D | E | F | G | H | I | J | 
|  --- | --- | --- | --- | --- | --- | --- | --- | --- | --- |
| 重庆延锋安道拓 | <- | 上海睿励信息技术有限公司 工时记录表 | <- | <- | <- | <- | <- | <- | <- | 
| ^ | ^<- | 供应商 |  | <- | <- | <- | <- | <- | <- | 
| 工程师 | 苏亚超 | <- | 负责人 | 陈功名 | 电话 | 18375831095 | <- | <- | <- | 
| 日期 | 项目名称 | 开始工作时间 | 工作结束时间 | 加班时间 | 总工作时间 | 备注 | <- | <- | <- | 
| 2025-04-01 | EF2H | 08:30:00 | 17:00:00 | 0.0 | 8.0 | 优化数据 | <- | <- | <- | 
| 2025-04-02 | EF2H | 09:00:00 | 17:30:00 | 0.0 | 8.0 | 优化数据 | <- | <- | <- | 
| 2025-04-03 | EF2H | 09:00:00 | 17:30:00 | 0.0 | 8.0 | 优化数据 | <- | <- | <- | 
| 2025-04-04 |  |  |  |  |  |  | <- | <- | <- | 
| 2025-04-05 |  |  |  |  |  |  | <- | <- | <- | 
| 2025-04-06 |  |  |  |  |  |  | <- | <- | <- | 
| 2025-04-07 | V540 | 09:00:00 | 17:30:00 | 0.0 | 8.0 | 优化数据 | <- | <- | <- | 
| 2025-04-08 | V540 | 08:30:00 | 17:00:00 | 0.0 | 8.0 | 优化数据 | <- | <- | <- | 
| 2025-04-09 | EF2H | 09:00:00 | 17:30:00 | 0.0 | 8.0 | 优化数据 | <- | <- | <- | 
| 2025-04-10 | EF2H | 09:00:00 | 17:30:00 | 0.0 | 8.0 | 优化数据 | <- | <- | <- | 
| 2025-04-11 | EF2H | 09:00:00 | 18:00:00 | 0.5 | 8.5 | 优化数据 | <- | <- | <- | 
| 2025-04-12 |  |  |  |  |  |  | <- | <- | <- | 
| 2025-04-13 |  |  |  |  |  |  | <- | <- | <- | 
| 2025-04-14 | EF2H | 09:00:00 | 17:30:00 | 0.0 | 8.0 | 优化数据 | <- | <- | <- | 
| 2025-04-15 | EF2H | 08:30:00 | 17:30:00 | 0.5 | 8.5 | 优化数据 | <- | <- | <- | 
| 2025-04-16 | EF2H | 09:00:00 | 18:00:00 | 0.5 | 8.5 | 优化数据 | <- | <- | <- | 
| 2025-04-17 | EF2H | 09:00:00 | 19:00:00 | 1.5 | 9.5 | 优化数据 | <- | <- | <- | 
| 2025-04-18 | EF2H | 09:00:00 | 17:30:00 | 0.0 | 8.0 | 优化数据 | <- | <- | <- | 
| 2025-04-19 |  |  |  |  |  |  | <- | <- | <- | 
| 2025-04-20 |  |  |  |  |  |  | <- | <- | <- | 
| 2025-04-21 | EF2H | 09:00:00 | 17:30:00 | 0.0 | 8.0 | 优化数据 | <- | <- | <- | 
| 2025-04-22 | EF2H | 09:00:00 | 20:00:00 | 2.5 | 10.5 | 优化数据 | <- | <- | <- | 
| 2025-04-23 | EF2H | 09:00:00 | 18:30:00 | 1.0 | 9.0 | 优化数据 | <- | <- | <- | 
| 2025-04-24 | EF2H | 09:00:00 | 17:30:00 | 0.0 | 8.0 | 优化数据 | <- | <- | <- | 
| 2025-04-25 | EF2H | 09:00:00 | 17:30:00 | 0.0 | 8.0 | 优化数据 | <- | <- | <- | 
| 2025-04-26 |  |  |  |  |  |  | <- | <- | <- | 
| 2025-04-27 | E518 | 09:00:00 | 21:30:00 | 4.0 | 12.0 | 优化头枕样件 | <- | <- | <- | 
| 2025-04-28 | E518 | 09:00:00 | 20:30:00 | 3.0 | 11.0 | 优化头枕样件 | <- | <- | <- | 
| 2025-04-29 | E518 | 08:30:00 | 21:00:00 | 4.0 | 12.0 | 优化头枕样件 | <- | <- | <- | 
| 2025-04-30 | E518 | 09:00:00 | 18:00:00 | 0.5 | 8.5 | 优化头枕样件 | <- | <- | <- | 
| 工时统计 | 项目名称 | 项目编号 | 加班 | <- | 工时 | 项目工程师签字 | <- | <- | <- | 
| ^ | EF2H |  | 6.5 | <- | 134.5 |  | <- | <- | <- | 
| ^ | V540 |  | 0 | <- | 16 |  | <- | <- | <- | 
| ^ | E518 |  | 11.5 | <- | 43.5 |  | <- | <- | <- | 
| ^ |  |  |  | <- |  |  | <- | <- | <- | 
| 总计工时 | 194.00 | <- | 经理签字： | <- | <- |  | <- | <- | <- | 


## 工作表: Sheet1

| A | B | C | D | E | F | 
|  --- | --- | --- | --- | --- | --- |
|  |  |  | 一年调整一次，请勿随意删除 | <- | <- | 
|  |  |  | 2025 | <- | <- | 
| 年 | 月 |  | 节假日 | 调休加班日 |  | 
| 1905-07-17 | 4 |  | 45658 | 45683 |  | 
|  |  |  | 45685 | 45696 |  | 
|  |  |  | 45686 | 45774 |  | 
|  |  |  | 45687 | 45928 |  | 
|  |  |  | 45688 | 45941 |  | 
|  |  |  | 45689 |  |  | 
|  |  |  | 45690 |  |  | 
|  |  |  | 45691 |  |  | 
|  |  |  | 45692 |  |  | 
|  |  |  | 45751 |  |  | 
|  |  |  | 45752 |  |  | 
|  |  |  | 45753 |  |  | 
|  |  |  | 45778 |  |  | 
|  |  |  | 45779 |  |  | 
|  |  |  | 45780 |  |  | 
|  |  |  | 45781 |  |  | 
|  |  |  | 45782 |  |  | 
|  |  |  | 45808 |  |  | 
|  |  |  | 45809 |  |  | 
|  |  |  | 45810 |  |  | 
|  |  |  | 45931 |  |  | 
|  |  |  | 45932 |  |  | 
|  |  |  | 45933 |  |  | 
|  |  |  | 45934 |  |  | 
|  |  |  | 45935 |  |  | 
|  |  |  | 45936 |  |  | 
|  |  |  | 45937 |  |  | 
|  |  |  | 45938 |  |  | 



2025-05-20 10:57:03,959 - INFO - 请求成功，状态码: 200
2025-05-20 10:57:03,961 - INFO - 模型返回：
{"EF2H":{"overtime_hours":6.5,"total_hours":134.5},"V540":{"overtime_hours":0,"total_hours":16},"E518":{"overtime_hours":11.5,"total_hours":43.5}}

2025-05-20 10:57:03,962 - INFO - 源数据表中的工时汇总数据：{'EF2H': {'overtime_hours': 6.5, 'total_hours': 134.5}, 'V540': {'overtime_hours': 0, 'total_hours': 16}, 'E518': {'overtime_hours': 11.5, 'total_hours': 43.5}}
2025-05-20 10:57:03,963 - INFO - 文件处理进度：8 / 10
2025-05-20 10:57:03,964 - INFO - 开始处理工时文件：D:/sotos工作资料/test/3\谭斌斌工时表-重庆安道拓-2025年04月.xlsx
2025-05-20 10:57:04,286 - INFO - Excel表格提取文本：
## 工作表: 谭斌斌

| A | B | C | D | E | F | G | H | I | J | 
|  --- | --- | --- | --- | --- | --- | --- | --- | --- | --- |
| 重庆安道拓 | <- | 上海睿励信息技术有限公司 工时记录表 | <- | <- | <- | <- | <- | <- | <- | 
| ^ | ^<- | 供应商 |  | <- | <- | <- | <- | <- | <- | 
| 工程师 | 谭斌斌 | <- | 负责人 | 田玉文 | 电话 | 18983902891 | <- | <- | <- | 
| 日期 | 项目名称 | 开始工作时间 | 工作结束时间 | 加班时间 | 总工作时间 | 备注 | <- | <- | <- | 
| 2025-04-01 | D16 | 08:30:00 | 20:00:00 | 3.0 | 11.0 | 中排塑料件更新，A B面数据更新 | <- | <- | <- | 
| 2025-04-02 | D16 | 08:30:00 | 20:00:00 | 3.0 | 11.0 | 中排靠背CAS更新，A面数据优化更新 | <- | <- | <- | 
| 2025-04-03 | D16 | 08:30:00 | 19:00:00 | 2.0 | 10.0 | 中排靠背CAS更新，A面数据优化更新 | <- | <- | <- | 
| 2025-04-04 | D16 | 08:30:00 | 19:30:00 | 10.5 | 10.5 | X1L样件数据绘制 | <- | <- | <- | 
| 2025-04-05 | D16 |  |  |  |  |  | <- | <- | <- | 
| 2025-04-06 | D16 |  |  |  |  |  | <- | <- | <- | 
| 2025-04-07 | D16 | 08:30:00 | 20:00:00 | 3.0 | 11.0 | 中排座靠泡沫数据优化 | <- | <- | <- | 
| 2025-04-08 | D16 | 08:30:00 | 21:00:00 | 4.0 | 12.0 | 靠背数据和塑料件匹配优化 | <- | <- | <- | 
| 2025-04-09 | D16 | 08:30:00 | 20:00:00 | 3.0 | 11.0 | 后排坐垫CAS更新，A面数据优化更新 | <- | <- | <- | 
| 2025-04-10 | D16 | 08:30:00 | 20:00:00 | 3.0 | 11.0 | 后排坐垫线束更新，B面数据优化更新 | <- | <- | <- | 
| 2025-04-11 | D16 | 08:30:00 | 19:00:00 | 2.0 | 10.0 | 中后排辅件图纸制作 | <- | <- | <- | 
| 2025-04-12 | D16 |  |  |  |  |  | <- | <- | <- | 
| 2025-04-13 | D16 |  |  |  |  |  | <- | <- | <- | 
| 2025-04-14 | D16 | 08:30:00 | 20:00:00 | 3.0 | 11.0 | 中排座靠问题点优化数据 | <- | <- | <- | 
| 2025-04-15 | D16 | 08:30:00 | 20:00:00 | 3.0 | 11.0 | 中排座靠问题点优化数据 | <- | <- | <- | 
| 2025-04-16 | D16 | 08:30:00 | 20:00:00 | 3.0 | 11.0 | 中排靠背骨架更新，A B面数据优化更新 | <- | <- | <- | 
| 2025-04-17 | D16 | 08:30:00 | 20:00:00 | 3.0 | 11.0 | 中排靠背骨架更新，A B面数据优化更新 | <- | <- | <- | 
| 2025-04-18 | D16 | 08:30:00 | 20:00:00 | 3.0 | 11.0 | 中排座靠A B面数据优化 | <- | <- | <- | 
| 2025-04-19 | D16 | 09:00:00 | 17:30:00 | 8.0 | 8.0 | 中排座靠A B面数据优化 | <- | <- | <- | 
| 2025-04-20 | D16 |  |  |  |  |  | <- | <- | <- | 
| 2025-04-21 | D16 | 08:30:00 | 20:00:00 | 3.0 | 11.0 | 中排座靠CAS更新A面数据优化 | <- | <- | <- | 
| 2025-04-22 | D16 | 08:30:00 | 21:30:00 | 4.5 | 12.5 | 中排靠背骨架更新A B面数据优化 | <- | <- | <- | 
| 2025-04-23 | D16 | 08:30:00 | 21:00:00 | 4.0 | 12.0 | 中排靠背骨架更新A B面数据优化 | <- | <- | <- | 
| 2025-04-24 | D16 | 09:00:00 | 22:30:00 | 5.0 | 13.0 | 中排靠背环境件匹配优化 | <- | <- | <- | 
| 2025-04-25 | D16 | 08:00:00 | 19:00:00 | 2.5 | 10.5 | 中排靠背环境件匹配优化 | <- | <- | <- | 
| 2025-04-26 | D16 | 09:00:00 | 21:00:00 | 11.5 | 11.5 | 中排靠背环境件匹配优化 | <- | <- | <- | 
| 2025-04-27 | D16 | 08:00:00 | 20:00:00 | 3.5 | 11.5 | 中排靠背环境件匹配优化 | <- | <- | <- | 
| 2025-04-28 | D16 | 08:30:00 | 20:30:00 | 3.5 | 11.5 | 中排靠背环境件匹配优化 | <- | <- | <- | 
| 2025-04-29 | D16 | 08:30:00 | 20:00:00 | 3.0 | 11.0 | 中排靠背环境件匹配优化 | <- | <- | <- | 
| 2025-04-30 | D16 | 08:30:00 | 20:00:00 | 3.0 | 11.0 | 中排靠背环境件匹配优化 | <- | <- | <- | 
| 工时统计 | 项目名称 | 项目编号 | 加班 | <- | 工时 | 项目工程师签字 | <- | <- | <- | 
| ^ | D16 |  | 100.0 | <- | 276.0 |  | <- | <- | <- | 
| ^ |  |  |  | <- |  |  | <- | <- | <- | 
| ^ |  |  |  | <- |  |  | <- | <- | <- | 
| ^ |  |  |  | <- |  |  | <- | <- | <- | 
| 总计工时 | 276.00 | <- | 经理签字： | <- | <- |  | <- | <- | <- | 


## 工作表: Sheet1

| A | B | C | D | E | F | 
|  --- | --- | --- | --- | --- | --- |
|  |  |  | 一年调整一次，请勿随意删除 | <- | <- | 
|  |  |  | 2025 | <- | <- | 
| 年 | 月 |  | 节假日 | 调休加班日 |  | 
| 1905-07-17 | 4 |  | 45658 | 45683 |  | 
|  |  |  | 45685 | 45696 |  | 
|  |  |  | 45686 | 45774 |  | 
|  |  |  | 45687 | 45928 |  | 
|  |  |  | 45688 | 45941 |  | 
|  |  |  | 45689 |  |  | 
|  |  |  | 45690 |  |  | 
|  |  |  | 45691 |  |  | 
|  |  |  | 45692 |  |  | 
|  |  |  | 45751 |  |  | 
|  |  |  | 45752 |  |  | 
|  |  |  | 45753 |  |  | 
|  |  |  | 45778 |  |  | 
|  |  |  | 45779 |  |  | 
|  |  |  | 45780 |  |  | 
|  |  |  | 45781 |  |  | 
|  |  |  | 45782 |  |  | 
|  |  |  | 45808 |  |  | 
|  |  |  | 45809 |  |  | 
|  |  |  | 45810 |  |  | 
|  |  |  | 45931 |  |  | 
|  |  |  | 45932 |  |  | 
|  |  |  | 45933 |  |  | 
|  |  |  | 45934 |  |  | 
|  |  |  | 45935 |  |  | 
|  |  |  | 45936 |  |  | 
|  |  |  | 45937 |  |  | 
|  |  |  | 45938 |  |  | 



2025-05-20 10:57:04,299 - INFO - 从表格文本中，提取员工姓名和公司名称...
2025-05-20 10:57:04,300 - INFO - 发送请求到模型API...
2025-05-20 10:57:04,300 - INFO - system_prompt：
你是一个专业的表格信息提取助手。用户会提供给你一份Excel工时表，已转换为Markdown格式。你需要提取出表格包含的员工姓名`employee_name`和公司名称`company_name`。以JSON格式输出结果，包含`employee_name`和`company_name`两个字段。如果无法提取到员工姓名和公司名称，请返回空字符串。

markdown格式的表格中合并单元格表示法：
   - "^" 符号表示该单元格与上方单元格合并（纵向合并）
   - "<-" 符号表示该单元格与左侧单元格合并（横向合并）
   - "^<-" 符号表示该单元格同时与上方和左侧单元格合并（纵横合并）

比如：{"employee_name":"张三", "company_name":"XXX公司"}
注意：直接返回结果，不要包含任何解释或说明。

2025-05-20 10:57:04,302 - INFO - user_prompt：## 工作表: 谭斌斌

| A | B | C | D | E | F | G | H | I | J | 
|  --- | --- | --- | --- | --- | --- | --- | --- | --- | --- |
| 重庆安道拓 | <- | 上海睿励信息技术有限公司 工时记录表 | <- | <- | <- | <- | <- | <- | <- | 
| ^ | ^<- | 供应商 |  | <- | <- | <- | <- | <- | <- | 
| 工程师 | 谭斌斌 | <- | 负责人 | 田玉文 | 电话 | 18983902891 | <- | <- | <- | 
| 日期 | 项目名称 | 开始工作时间 | 工作结束时间 | 加班时间 | 总工作时间 | 备注 | <- | <- | <- | 
| 2025-04-01 | D16 | 08:30:00 | 20:00:00 | 3.0 | 11.0 | 中排塑料件更新，A B面数据更新 | <- | <- | <- | 
| 2025-04-02 | D16 | 08:30:00 | 20:00:00 | 3.0 | 11.0 | 中排靠背CAS更新，A面数据优化更新 | <- | <- | <- | 
| 2025-04-03 | D16 | 08:30:00 | 19:00:00 | 2.0 | 10.0 | 中排靠背CAS更新，A面数据优化更新 | <- | <- | <- | 
| 2025-04-04 | D16 | 08:30:00 | 19:30:00 | 10.5 | 10.5 | X1L样件数据绘制 | <- | <- | <- | 
| 2025-04-05 | D16 |  |  |  |  |  | <- | <- | <- | 
| 2025-04-06 | D16 |  |  |  |  |  | <- | <- | <- | 
| 2025-04-07 | D16 | 08:30:00 | 20:00:00 | 3.0 | 11.0 | 中排座靠泡沫数据优化 | <- | <- | <- | 
| 2025-04-08 | D16 | 08:30:00 | 21:00:00 | 4.0 | 12.0 | 靠背数据和塑料件匹配优化 | <- | <- | <- | 
| 2025-04-09 | D16 | 08:30:00 | 20:00:00 | 3.0 | 11.0 | 后排坐垫CAS更新，A面数据优化更新 | <- | <- | <- | 
| 2025-04-10 | D16 | 08:30:00 | 20:00:00 | 3.0 | 11.0 | 后排坐垫线束更新，B面数据优化更新 | <- | <- | <- | 
| 2025-04-11 | D16 | 08:30:00 | 19:00:00 | 2.0 | 10.0 | 中后排辅件图纸制作 | <- | <- | <- | 
| 2025-04-12 | D16 |  |  |  |  |  | <- | <- | <- | 
| 2025-04-13 | D16 |  |  |  |  |  | <- | <- | <- | 
| 2025-04-14 | D16 | 08:30:00 | 20:00:00 | 3.0 | 11.0 | 中排座靠问题点优化数据 | <- | <- | <- | 
| 2025-04-15 | D16 | 08:30:00 | 20:00:00 | 3.0 | 11.0 | 中排座靠问题点优化数据 | <- | <- | <- | 
| 2025-04-16 | D16 | 08:30:00 | 20:00:00 | 3.0 | 11.0 | 中排靠背骨架更新，A B面数据优化更新 | <- | <- | <- | 
| 2025-04-17 | D16 | 08:30:00 | 20:00:00 | 3.0 | 11.0 | 中排靠背骨架更新，A B面数据优化更新 | <- | <- | <- | 
| 2025-04-18 | D16 | 08:30:00 | 20:00:00 | 3.0 | 11.0 | 中排座靠A B面数据优化 | <- | <- | <- | 
| 2025-04-19 | D16 | 09:00:00 | 17:30:00 | 8.0 | 8.0 | 中排座靠A B面数据优化 | <- | <- | <- | 
| 2025-04-20 | D16 |  |  |  |  |  | <- | <- | <- | 
| 2025-04-21 | D16 | 08:30:00 | 20:00:00 | 3.0 | 11.0 | 中排座靠CAS更新A面数据优化 | <- | <- | <- | 
| 2025-04-22 | D16 | 08:30:00 | 21:30:00 | 4.5 | 12.5 | 中排靠背骨架更新A B面数据优化 | <- | <- | <- | 
| 2025-04-23 | D16 | 08:30:00 | 21:00:00 | 4.0 | 12.0 | 中排靠背骨架更新A B面数据优化 | <- | <- | <- | 
| 2025-04-24 | D16 | 09:00:00 | 22:30:00 | 5.0 | 13.0 | 中排靠背环境件匹配优化 | <- | <- | <- | 
| 2025-04-25 | D16 | 08:00:00 | 19:00:00 | 2.5 | 10.5 | 中排靠背环境件匹配优化 | <- | <- | <- | 
| 2025-04-26 | D16 | 09:00:00 | 21:00:00 | 11.5 | 11.5 | 中排靠背环境件匹配优化 | <- | <- | <- | 
| 2025-04-27 | D16 | 08:00:00 | 20:00:00 | 3.5 | 11.5 | 中排靠背环境件匹配优化 | <- | <- | <- | 
| 2025-04-28 | D16 | 08:30:00 | 20:30:00 | 3.5 | 11.5 | 中排靠背环境件匹配优化 | <- | <- | <- | 
| 2025-04-29 | D16 | 08:30:00 | 20:00:00 | 3.0 | 11.0 | 中排靠背环境件匹配优化 | <- | <- | <- | 
| 2025-04-30 | D16 | 08:30:00 | 20:00:00 | 3.0 | 11.0 | 中排靠背环境件匹配优化 | <- | <- | <- | 
| 工时统计 | 项目名称 | 项目编号 | 加班 | <- | 工时 | 项目工程师签字 | <- | <- | <- | 
| ^ | D16 |  | 100.0 | <- | 276.0 |  | <- | <- | <- | 
| ^ |  |  |  | <- |  |  | <- | <- | <- | 
| ^ |  |  |  | <- |  |  | <- | <- | <- | 
| ^ |  |  |  | <- |  |  | <- | <- | <- | 
| 总计工时 | 276.00 | <- | 经理签字： | <- | <- |  | <- | <- | <- | 


## 工作表: Sheet1

| A | B | C | D | E | F | 
|  --- | --- | --- | --- | --- | --- |
|  |  |  | 一年调整一次，请勿随意删除 | <- | <- | 
|  |  |  | 2025 | <- | <- | 
| 年 | 月 |  | 节假日 | 调休加班日 |  | 
| 1905-07-17 | 4 |  | 45658 | 45683 |  | 
|  |  |  | 45685 | 45696 |  | 
|  |  |  | 45686 | 45774 |  | 
|  |  |  | 45687 | 45928 |  | 
|  |  |  | 45688 | 45941 |  | 
|  |  |  | 45689 |  |  | 
|  |  |  | 45690 |  |  | 
|  |  |  | 45691 |  |  | 
|  |  |  | 45692 |  |  | 
|  |  |  | 45751 |  |  | 
|  |  |  | 45752 |  |  | 
|  |  |  | 45753 |  |  | 
|  |  |  | 45778 |  |  | 
|  |  |  | 45779 |  |  | 
|  |  |  | 45780 |  |  | 
|  |  |  | 45781 |  |  | 
|  |  |  | 45782 |  |  | 
|  |  |  | 45808 |  |  | 
|  |  |  | 45809 |  |  | 
|  |  |  | 45810 |  |  | 
|  |  |  | 45931 |  |  | 
|  |  |  | 45932 |  |  | 
|  |  |  | 45933 |  |  | 
|  |  |  | 45934 |  |  | 
|  |  |  | 45935 |  |  | 
|  |  |  | 45936 |  |  | 
|  |  |  | 45937 |  |  | 
|  |  |  | 45938 |  |  | 



2025-05-20 10:57:06,227 - INFO - 请求成功，状态码: 200
2025-05-20 10:57:06,228 - INFO - 模型返回：{"employee_name":"谭斌斌", "company_name":"重庆安道拓"}

2025-05-20 10:57:06,229 - INFO - 解析模型返回：
 - 员工姓名：谭斌斌,  - 公司名称：重庆安道拓
2025-05-20 10:57:06,229 - INFO - 

从表格文本中，提取汇总数据...
2025-05-20 10:57:06,230 - INFO - 发送请求到模型API...
2025-05-20 10:57:06,230 - INFO - system_prompt：
你是一个专业的工时数据提取助手。用户会提供给你一份Excel工时表，已转换为Markdown格式。你需要提取出表格中的按照项目做统计的工时汇总数据。将提取结果以JSON格式输出。以项目名称作为key为项目名称，value为包含加班和工时的字典。

markdown格式的表格中合并单元格表示法：
   - "^" 符号表示该单元格与上方单元格合并（纵向合并）
   - "<-" 符号表示该单元格与左侧单元格合并（横向合并）
   - "^<-" 符号表示该单元格同时与上方和左侧单元格合并（纵横合并）

你可以按照以下步骤进行分析：
1. 首先，定位表格中工时统计汇总数据，通常在表格的下方。
2. 读取工时统计汇总数据，包含项目名称、项目编号、加班、工时等。项目编号可能为空。
3. 整理所有数据，以JSON格式输。key为项目名称，value为包含加班`overtime_hours`和工时`total_hours`的字典。

注意：
1.直接返回结果，不要包含任何解释或说明。
2.输出结果必须严格按照无语法错误的JSON格式输出，不能有任何其他格式。

以JSON格式输出结果，示例输出如下：
示例1：
{"D11":{"overtime_hours":20,"total_hours":120}, "A12":{"overtime_hours":6,"total_hours":14}, "B13":{"overtime_hours":1,"total_hours":10}}
示例2：
{"D11":{"overtime_hours":20,"total_hours":120}, "A12":{"overtime_hours":6,"total_hours":14}}

2025-05-20 10:57:06,233 - INFO - user_prompt：## 工作表: 谭斌斌

| A | B | C | D | E | F | G | H | I | J | 
|  --- | --- | --- | --- | --- | --- | --- | --- | --- | --- |
| 重庆安道拓 | <- | 上海睿励信息技术有限公司 工时记录表 | <- | <- | <- | <- | <- | <- | <- | 
| ^ | ^<- | 供应商 |  | <- | <- | <- | <- | <- | <- | 
| 工程师 | 谭斌斌 | <- | 负责人 | 田玉文 | 电话 | 18983902891 | <- | <- | <- | 
| 日期 | 项目名称 | 开始工作时间 | 工作结束时间 | 加班时间 | 总工作时间 | 备注 | <- | <- | <- | 
| 2025-04-01 | D16 | 08:30:00 | 20:00:00 | 3.0 | 11.0 | 中排塑料件更新，A B面数据更新 | <- | <- | <- | 
| 2025-04-02 | D16 | 08:30:00 | 20:00:00 | 3.0 | 11.0 | 中排靠背CAS更新，A面数据优化更新 | <- | <- | <- | 
| 2025-04-03 | D16 | 08:30:00 | 19:00:00 | 2.0 | 10.0 | 中排靠背CAS更新，A面数据优化更新 | <- | <- | <- | 
| 2025-04-04 | D16 | 08:30:00 | 19:30:00 | 10.5 | 10.5 | X1L样件数据绘制 | <- | <- | <- | 
| 2025-04-05 | D16 |  |  |  |  |  | <- | <- | <- | 
| 2025-04-06 | D16 |  |  |  |  |  | <- | <- | <- | 
| 2025-04-07 | D16 | 08:30:00 | 20:00:00 | 3.0 | 11.0 | 中排座靠泡沫数据优化 | <- | <- | <- | 
| 2025-04-08 | D16 | 08:30:00 | 21:00:00 | 4.0 | 12.0 | 靠背数据和塑料件匹配优化 | <- | <- | <- | 
| 2025-04-09 | D16 | 08:30:00 | 20:00:00 | 3.0 | 11.0 | 后排坐垫CAS更新，A面数据优化更新 | <- | <- | <- | 
| 2025-04-10 | D16 | 08:30:00 | 20:00:00 | 3.0 | 11.0 | 后排坐垫线束更新，B面数据优化更新 | <- | <- | <- | 
| 2025-04-11 | D16 | 08:30:00 | 19:00:00 | 2.0 | 10.0 | 中后排辅件图纸制作 | <- | <- | <- | 
| 2025-04-12 | D16 |  |  |  |  |  | <- | <- | <- | 
| 2025-04-13 | D16 |  |  |  |  |  | <- | <- | <- | 
| 2025-04-14 | D16 | 08:30:00 | 20:00:00 | 3.0 | 11.0 | 中排座靠问题点优化数据 | <- | <- | <- | 
| 2025-04-15 | D16 | 08:30:00 | 20:00:00 | 3.0 | 11.0 | 中排座靠问题点优化数据 | <- | <- | <- | 
| 2025-04-16 | D16 | 08:30:00 | 20:00:00 | 3.0 | 11.0 | 中排靠背骨架更新，A B面数据优化更新 | <- | <- | <- | 
| 2025-04-17 | D16 | 08:30:00 | 20:00:00 | 3.0 | 11.0 | 中排靠背骨架更新，A B面数据优化更新 | <- | <- | <- | 
| 2025-04-18 | D16 | 08:30:00 | 20:00:00 | 3.0 | 11.0 | 中排座靠A B面数据优化 | <- | <- | <- | 
| 2025-04-19 | D16 | 09:00:00 | 17:30:00 | 8.0 | 8.0 | 中排座靠A B面数据优化 | <- | <- | <- | 
| 2025-04-20 | D16 |  |  |  |  |  | <- | <- | <- | 
| 2025-04-21 | D16 | 08:30:00 | 20:00:00 | 3.0 | 11.0 | 中排座靠CAS更新A面数据优化 | <- | <- | <- | 
| 2025-04-22 | D16 | 08:30:00 | 21:30:00 | 4.5 | 12.5 | 中排靠背骨架更新A B面数据优化 | <- | <- | <- | 
| 2025-04-23 | D16 | 08:30:00 | 21:00:00 | 4.0 | 12.0 | 中排靠背骨架更新A B面数据优化 | <- | <- | <- | 
| 2025-04-24 | D16 | 09:00:00 | 22:30:00 | 5.0 | 13.0 | 中排靠背环境件匹配优化 | <- | <- | <- | 
| 2025-04-25 | D16 | 08:00:00 | 19:00:00 | 2.5 | 10.5 | 中排靠背环境件匹配优化 | <- | <- | <- | 
| 2025-04-26 | D16 | 09:00:00 | 21:00:00 | 11.5 | 11.5 | 中排靠背环境件匹配优化 | <- | <- | <- | 
| 2025-04-27 | D16 | 08:00:00 | 20:00:00 | 3.5 | 11.5 | 中排靠背环境件匹配优化 | <- | <- | <- | 
| 2025-04-28 | D16 | 08:30:00 | 20:30:00 | 3.5 | 11.5 | 中排靠背环境件匹配优化 | <- | <- | <- | 
| 2025-04-29 | D16 | 08:30:00 | 20:00:00 | 3.0 | 11.0 | 中排靠背环境件匹配优化 | <- | <- | <- | 
| 2025-04-30 | D16 | 08:30:00 | 20:00:00 | 3.0 | 11.0 | 中排靠背环境件匹配优化 | <- | <- | <- | 
| 工时统计 | 项目名称 | 项目编号 | 加班 | <- | 工时 | 项目工程师签字 | <- | <- | <- | 
| ^ | D16 |  | 100.0 | <- | 276.0 |  | <- | <- | <- | 
| ^ |  |  |  | <- |  |  | <- | <- | <- | 
| ^ |  |  |  | <- |  |  | <- | <- | <- | 
| ^ |  |  |  | <- |  |  | <- | <- | <- | 
| 总计工时 | 276.00 | <- | 经理签字： | <- | <- |  | <- | <- | <- | 


## 工作表: Sheet1

| A | B | C | D | E | F | 
|  --- | --- | --- | --- | --- | --- |
|  |  |  | 一年调整一次，请勿随意删除 | <- | <- | 
|  |  |  | 2025 | <- | <- | 
| 年 | 月 |  | 节假日 | 调休加班日 |  | 
| 1905-07-17 | 4 |  | 45658 | 45683 |  | 
|  |  |  | 45685 | 45696 |  | 
|  |  |  | 45686 | 45774 |  | 
|  |  |  | 45687 | 45928 |  | 
|  |  |  | 45688 | 45941 |  | 
|  |  |  | 45689 |  |  | 
|  |  |  | 45690 |  |  | 
|  |  |  | 45691 |  |  | 
|  |  |  | 45692 |  |  | 
|  |  |  | 45751 |  |  | 
|  |  |  | 45752 |  |  | 
|  |  |  | 45753 |  |  | 
|  |  |  | 45778 |  |  | 
|  |  |  | 45779 |  |  | 
|  |  |  | 45780 |  |  | 
|  |  |  | 45781 |  |  | 
|  |  |  | 45782 |  |  | 
|  |  |  | 45808 |  |  | 
|  |  |  | 45809 |  |  | 
|  |  |  | 45810 |  |  | 
|  |  |  | 45931 |  |  | 
|  |  |  | 45932 |  |  | 
|  |  |  | 45933 |  |  | 
|  |  |  | 45934 |  |  | 
|  |  |  | 45935 |  |  | 
|  |  |  | 45936 |  |  | 
|  |  |  | 45937 |  |  | 
|  |  |  | 45938 |  |  | 



2025-05-20 10:57:08,275 - INFO - 请求成功，状态码: 200
2025-05-20 10:57:08,277 - INFO - 模型返回：
{"D16":{"overtime_hours":100.0,"total_hours":276.0}}

2025-05-20 10:57:08,277 - INFO - 源数据表中的工时汇总数据：{'D16': {'overtime_hours': 100.0, 'total_hours': 276.0}}
2025-05-20 10:57:08,278 - INFO - 文件处理进度：9 / 10
2025-05-20 10:57:08,278 - INFO - 开始处理工时文件：D:/sotos工作资料/test/3\邱浩工时表-重庆安道拓-2025年04月.xlsx
2025-05-20 10:57:08,428 - INFO - Excel表格提取文本：
## 工作表: 邱浩

| A | B | C | D | E | F | G | H | I | J | 
|  --- | --- | --- | --- | --- | --- | --- | --- | --- | --- |
| 重庆延锋安道拓 | <- | 上海睿励信息技术有限公司 工时记录表 | <- | <- | <- | <- | <- | <- | <- | 
| ^ | ^<- | 供应商 |  | <- | <- | <- | <- | <- | <- | 
| 工程师 | 邱浩 | <- | 负责人 | 李露 | 电话 | 17358361606 | <- | <- | <- | 
| 日期 | 项目名称 | 开始工作时间 | 工作结束时间 | 加班时间 | 总工作时间 | 备注 | <- | <- | <- | 
| 2025-04-01 | CXD707 | 08:30:00 | 20:00:00 | 3.0 | 11.0 | 前排塑料件数据修改 | <- | <- | <- | 
| 2025-04-02 | CXD707 | 08:30:00 | 20:00:00 | 3.0 | 11.0 | CDX707图纸制作 | <- | <- | <- | 
| 2025-04-03 | CXD707 | 08:30:00 | 19:00:00 | 2.0 | 10.0 | CDX707图纸制作 | <- | <- | <- | 
| 2025-04-04 |  |  |  |  |  |  | <- | <- | <- | 
| 2025-04-05 |  |  |  |  |  |  | <- | <- | <- | 
| 2025-04-06 |  |  |  |  |  |  | <- | <- | <- | 
| 2025-04-07 | CXD707 | 08:30:00 | 20:00:00 | 3.0 | 11.0 | 塑料件结构优化 | <- | <- | <- | 
| 2025-04-08 | CXD707 | 08:30:00 | 20:00:00 | 3.0 | 11.0 | 塑料件结构优化 | <- | <- | <- | 
| 2025-04-09 | CXD707 | 08:30:00 | 20:00:00 | 3.0 | 11.0 | 塑料件结构优化 | <- | <- | <- | 
| 2025-04-10 | CXD707 | 08:30:00 | 20:00:00 | 3.0 | 11.0 | 塑料件结构优化 | <- | <- | <- | 
| 2025-04-11 | CXD707 | 08:30:00 | 20:00:00 | 3.0 | 11.0 | 塑料件结构优化 | <- | <- | <- | 
| 2025-04-12 |  |  |  |  |  |  | <- | <- | <- | 
| 2025-04-13 |  |  |  |  |  |  | <- | <- | <- | 
| 2025-04-14 | CXD707 | 08:30:00 | 20:00:00 | 3.0 | 11.0 | 塑料件结构优化 | <- | <- | <- | 
| 2025-04-15 | CXD707 | 08:30:00 | 20:00:00 | 3.0 | 11.0 | 塑料件结构优化 | <- | <- | <- | 
| 2025-04-16 | CXD707 | 08:30:00 | 20:00:00 | 3.0 | 11.0 | 塑料件结构优化 | <- | <- | <- | 
| 2025-04-17 | CXD707 | 08:30:00 | 20:00:00 | 3.0 | 11.0 | 塑料件结构优化 | <- | <- | <- | 
| 2025-04-18 | CXD707 | 08:30:00 | 20:00:00 | 3.0 | 11.0 | 塑料件结构优化 | <- | <- | <- | 
| 2025-04-19 | CXD707 | 09:30:00 | 17:30:00 | 7.5 | 7.5 | 塑料件结构优化 | <- | <- | <- | 
| 2025-04-20 |  |  |  |  |  |  | <- | <- | <- | 
| 2025-04-21 | CXD707 | 08:30:00 | 20:00:00 | 3.0 | 11.0 | 塑料件结构优化 | <- | <- | <- | 
| 2025-04-22 | CXD707 | 08:30:00 | 20:00:00 | 3.0 | 11.0 | 塑料件结构优化 | <- | <- | <- | 
| 2025-04-23 | CXD707 | 09:00:00 | 20:00:00 | 2.5 | 10.5 | 塑料件结构优化 | <- | <- | <- | 
| 2025-04-24 | CXD707 | 08:30:00 | 20:00:00 | 3.0 | 11.0 | 塑料件结构优化 | <- | <- | <- | 
| 2025-04-25 | CXD707 | 08:30:00 | 20:30:00 | 3.5 | 11.5 | 塑料件结构优化 | <- | <- | <- | 
| 2025-04-26 |  |  |  |  |  |  | <- | <- | <- | 
| 2025-04-27 | CXD707 | 08:30:00 | 20:00:00 | 3.0 | 11.0 | 塑料件结构优化 | <- | <- | <- | 
| 2025-04-28 | CXD707 | 08:30:00 | 20:00:00 | 3.0 | 11.0 | 塑料件结构优化 | <- | <- | <- | 
| 2025-04-29 | CXD707 | 08:30:00 | 20:30:00 | 3.5 | 11.5 | 塑料件结构优化 | <- | <- | <- | 
| 2025-04-30 | CXD707 | 08:30:00 | 20:00:00 | 3.0 | 11.0 | 塑料件结构优化 | <- | <- | <- | 
| 工时统计 | 项目名称 | 项目编号 | 加班 | <- | 工时 | 项目工程师签字 | <- | <- | <- | 
| ^ | CXD707 |  | 73.0 | <- | 249.0 |  | <- | <- | <- | 
| ^ |  |  |  | <- |  |  | <- | <- | <- | 
| ^ |  |  |  | <- |  |  | <- | <- | <- | 
| ^ |  |  |  | <- |  |  | <- | <- | <- | 
| 总计工时 | 249.00 | <- | 经理签字： | <- | <- |  | <- | <- | <- | 


## 工作表: Sheet1

| A | B | C | D | E | F | 
|  --- | --- | --- | --- | --- | --- |
|  |  |  | 一年调整一次，请勿随意删除 | <- | <- | 
|  |  |  | 2025 | <- | <- | 
| 年 | 月 |  | 节假日 | 调休加班日 |  | 
| 1905-07-17 | 2 |  | 45658 | 45683 |  | 
|  |  |  | 45685 | 45696 |  | 
|  |  |  | 45686 | 45774 |  | 
|  |  |  | 45687 | 45928 |  | 
|  |  |  | 45688 | 45941 |  | 
|  |  |  | 45689 |  |  | 
|  |  |  | 45690 |  |  | 
|  |  |  | 45691 |  |  | 
|  |  |  | 45692 |  |  | 
|  |  |  | 45751 |  |  | 
|  |  |  | 45752 |  |  | 
|  |  |  | 45753 |  |  | 
|  |  |  | 45778 |  |  | 
|  |  |  | 45779 |  |  | 
|  |  |  | 45780 |  |  | 
|  |  |  | 45781 |  |  | 
|  |  |  | 45782 |  |  | 
|  |  |  | 45808 |  |  | 
|  |  |  | 45809 |  |  | 
|  |  |  | 45810 |  |  | 
|  |  |  | 45931 |  |  | 
|  |  |  | 45932 |  |  | 
|  |  |  | 45933 |  |  | 
|  |  |  | 45934 |  |  | 
|  |  |  | 45935 |  |  | 
|  |  |  | 45936 |  |  | 
|  |  |  | 45937 |  |  | 
|  |  |  | 45938 |  |  | 



2025-05-20 10:57:08,440 - INFO - 从表格文本中，提取员工姓名和公司名称...
2025-05-20 10:57:08,440 - INFO - 发送请求到模型API...
2025-05-20 10:57:08,441 - INFO - system_prompt：
你是一个专业的表格信息提取助手。用户会提供给你一份Excel工时表，已转换为Markdown格式。你需要提取出表格包含的员工姓名`employee_name`和公司名称`company_name`。以JSON格式输出结果，包含`employee_name`和`company_name`两个字段。如果无法提取到员工姓名和公司名称，请返回空字符串。

markdown格式的表格中合并单元格表示法：
   - "^" 符号表示该单元格与上方单元格合并（纵向合并）
   - "<-" 符号表示该单元格与左侧单元格合并（横向合并）
   - "^<-" 符号表示该单元格同时与上方和左侧单元格合并（纵横合并）

比如：{"employee_name":"张三", "company_name":"XXX公司"}
注意：直接返回结果，不要包含任何解释或说明。

2025-05-20 10:57:08,442 - INFO - user_prompt：## 工作表: 邱浩

| A | B | C | D | E | F | G | H | I | J | 
|  --- | --- | --- | --- | --- | --- | --- | --- | --- | --- |
| 重庆延锋安道拓 | <- | 上海睿励信息技术有限公司 工时记录表 | <- | <- | <- | <- | <- | <- | <- | 
| ^ | ^<- | 供应商 |  | <- | <- | <- | <- | <- | <- | 
| 工程师 | 邱浩 | <- | 负责人 | 李露 | 电话 | 17358361606 | <- | <- | <- | 
| 日期 | 项目名称 | 开始工作时间 | 工作结束时间 | 加班时间 | 总工作时间 | 备注 | <- | <- | <- | 
| 2025-04-01 | CXD707 | 08:30:00 | 20:00:00 | 3.0 | 11.0 | 前排塑料件数据修改 | <- | <- | <- | 
| 2025-04-02 | CXD707 | 08:30:00 | 20:00:00 | 3.0 | 11.0 | CDX707图纸制作 | <- | <- | <- | 
| 2025-04-03 | CXD707 | 08:30:00 | 19:00:00 | 2.0 | 10.0 | CDX707图纸制作 | <- | <- | <- | 
| 2025-04-04 |  |  |  |  |  |  | <- | <- | <- | 
| 2025-04-05 |  |  |  |  |  |  | <- | <- | <- | 
| 2025-04-06 |  |  |  |  |  |  | <- | <- | <- | 
| 2025-04-07 | CXD707 | 08:30:00 | 20:00:00 | 3.0 | 11.0 | 塑料件结构优化 | <- | <- | <- | 
| 2025-04-08 | CXD707 | 08:30:00 | 20:00:00 | 3.0 | 11.0 | 塑料件结构优化 | <- | <- | <- | 
| 2025-04-09 | CXD707 | 08:30:00 | 20:00:00 | 3.0 | 11.0 | 塑料件结构优化 | <- | <- | <- | 
| 2025-04-10 | CXD707 | 08:30:00 | 20:00:00 | 3.0 | 11.0 | 塑料件结构优化 | <- | <- | <- | 
| 2025-04-11 | CXD707 | 08:30:00 | 20:00:00 | 3.0 | 11.0 | 塑料件结构优化 | <- | <- | <- | 
| 2025-04-12 |  |  |  |  |  |  | <- | <- | <- | 
| 2025-04-13 |  |  |  |  |  |  | <- | <- | <- | 
| 2025-04-14 | CXD707 | 08:30:00 | 20:00:00 | 3.0 | 11.0 | 塑料件结构优化 | <- | <- | <- | 
| 2025-04-15 | CXD707 | 08:30:00 | 20:00:00 | 3.0 | 11.0 | 塑料件结构优化 | <- | <- | <- | 
| 2025-04-16 | CXD707 | 08:30:00 | 20:00:00 | 3.0 | 11.0 | 塑料件结构优化 | <- | <- | <- | 
| 2025-04-17 | CXD707 | 08:30:00 | 20:00:00 | 3.0 | 11.0 | 塑料件结构优化 | <- | <- | <- | 
| 2025-04-18 | CXD707 | 08:30:00 | 20:00:00 | 3.0 | 11.0 | 塑料件结构优化 | <- | <- | <- | 
| 2025-04-19 | CXD707 | 09:30:00 | 17:30:00 | 7.5 | 7.5 | 塑料件结构优化 | <- | <- | <- | 
| 2025-04-20 |  |  |  |  |  |  | <- | <- | <- | 
| 2025-04-21 | CXD707 | 08:30:00 | 20:00:00 | 3.0 | 11.0 | 塑料件结构优化 | <- | <- | <- | 
| 2025-04-22 | CXD707 | 08:30:00 | 20:00:00 | 3.0 | 11.0 | 塑料件结构优化 | <- | <- | <- | 
| 2025-04-23 | CXD707 | 09:00:00 | 20:00:00 | 2.5 | 10.5 | 塑料件结构优化 | <- | <- | <- | 
| 2025-04-24 | CXD707 | 08:30:00 | 20:00:00 | 3.0 | 11.0 | 塑料件结构优化 | <- | <- | <- | 
| 2025-04-25 | CXD707 | 08:30:00 | 20:30:00 | 3.5 | 11.5 | 塑料件结构优化 | <- | <- | <- | 
| 2025-04-26 |  |  |  |  |  |  | <- | <- | <- | 
| 2025-04-27 | CXD707 | 08:30:00 | 20:00:00 | 3.0 | 11.0 | 塑料件结构优化 | <- | <- | <- | 
| 2025-04-28 | CXD707 | 08:30:00 | 20:00:00 | 3.0 | 11.0 | 塑料件结构优化 | <- | <- | <- | 
| 2025-04-29 | CXD707 | 08:30:00 | 20:30:00 | 3.5 | 11.5 | 塑料件结构优化 | <- | <- | <- | 
| 2025-04-30 | CXD707 | 08:30:00 | 20:00:00 | 3.0 | 11.0 | 塑料件结构优化 | <- | <- | <- | 
| 工时统计 | 项目名称 | 项目编号 | 加班 | <- | 工时 | 项目工程师签字 | <- | <- | <- | 
| ^ | CXD707 |  | 73.0 | <- | 249.0 |  | <- | <- | <- | 
| ^ |  |  |  | <- |  |  | <- | <- | <- | 
| ^ |  |  |  | <- |  |  | <- | <- | <- | 
| ^ |  |  |  | <- |  |  | <- | <- | <- | 
| 总计工时 | 249.00 | <- | 经理签字： | <- | <- |  | <- | <- | <- | 


## 工作表: Sheet1

| A | B | C | D | E | F | 
|  --- | --- | --- | --- | --- | --- |
|  |  |  | 一年调整一次，请勿随意删除 | <- | <- | 
|  |  |  | 2025 | <- | <- | 
| 年 | 月 |  | 节假日 | 调休加班日 |  | 
| 1905-07-17 | 2 |  | 45658 | 45683 |  | 
|  |  |  | 45685 | 45696 |  | 
|  |  |  | 45686 | 45774 |  | 
|  |  |  | 45687 | 45928 |  | 
|  |  |  | 45688 | 45941 |  | 
|  |  |  | 45689 |  |  | 
|  |  |  | 45690 |  |  | 
|  |  |  | 45691 |  |  | 
|  |  |  | 45692 |  |  | 
|  |  |  | 45751 |  |  | 
|  |  |  | 45752 |  |  | 
|  |  |  | 45753 |  |  | 
|  |  |  | 45778 |  |  | 
|  |  |  | 45779 |  |  | 
|  |  |  | 45780 |  |  | 
|  |  |  | 45781 |  |  | 
|  |  |  | 45782 |  |  | 
|  |  |  | 45808 |  |  | 
|  |  |  | 45809 |  |  | 
|  |  |  | 45810 |  |  | 
|  |  |  | 45931 |  |  | 
|  |  |  | 45932 |  |  | 
|  |  |  | 45933 |  |  | 
|  |  |  | 45934 |  |  | 
|  |  |  | 45935 |  |  | 
|  |  |  | 45936 |  |  | 
|  |  |  | 45937 |  |  | 
|  |  |  | 45938 |  |  | 



2025-05-20 10:57:10,447 - INFO - 请求成功，状态码: 200
2025-05-20 10:57:10,448 - INFO - 模型返回：{"employee_name":"邱浩", "company_name":"重庆延锋安道拓"}

2025-05-20 10:57:10,448 - INFO - 解析模型返回：
 - 员工姓名：邱浩,  - 公司名称：重庆延锋安道拓
2025-05-20 10:57:10,449 - INFO - 

从表格文本中，提取汇总数据...
2025-05-20 10:57:10,449 - INFO - 发送请求到模型API...
2025-05-20 10:57:10,449 - INFO - system_prompt：
你是一个专业的工时数据提取助手。用户会提供给你一份Excel工时表，已转换为Markdown格式。你需要提取出表格中的按照项目做统计的工时汇总数据。将提取结果以JSON格式输出。以项目名称作为key为项目名称，value为包含加班和工时的字典。

markdown格式的表格中合并单元格表示法：
   - "^" 符号表示该单元格与上方单元格合并（纵向合并）
   - "<-" 符号表示该单元格与左侧单元格合并（横向合并）
   - "^<-" 符号表示该单元格同时与上方和左侧单元格合并（纵横合并）

你可以按照以下步骤进行分析：
1. 首先，定位表格中工时统计汇总数据，通常在表格的下方。
2. 读取工时统计汇总数据，包含项目名称、项目编号、加班、工时等。项目编号可能为空。
3. 整理所有数据，以JSON格式输。key为项目名称，value为包含加班`overtime_hours`和工时`total_hours`的字典。

注意：
1.直接返回结果，不要包含任何解释或说明。
2.输出结果必须严格按照无语法错误的JSON格式输出，不能有任何其他格式。

以JSON格式输出结果，示例输出如下：
示例1：
{"D11":{"overtime_hours":20,"total_hours":120}, "A12":{"overtime_hours":6,"total_hours":14}, "B13":{"overtime_hours":1,"total_hours":10}}
示例2：
{"D11":{"overtime_hours":20,"total_hours":120}, "A12":{"overtime_hours":6,"total_hours":14}}

2025-05-20 10:57:10,451 - INFO - user_prompt：## 工作表: 邱浩

| A | B | C | D | E | F | G | H | I | J | 
|  --- | --- | --- | --- | --- | --- | --- | --- | --- | --- |
| 重庆延锋安道拓 | <- | 上海睿励信息技术有限公司 工时记录表 | <- | <- | <- | <- | <- | <- | <- | 
| ^ | ^<- | 供应商 |  | <- | <- | <- | <- | <- | <- | 
| 工程师 | 邱浩 | <- | 负责人 | 李露 | 电话 | 17358361606 | <- | <- | <- | 
| 日期 | 项目名称 | 开始工作时间 | 工作结束时间 | 加班时间 | 总工作时间 | 备注 | <- | <- | <- | 
| 2025-04-01 | CXD707 | 08:30:00 | 20:00:00 | 3.0 | 11.0 | 前排塑料件数据修改 | <- | <- | <- | 
| 2025-04-02 | CXD707 | 08:30:00 | 20:00:00 | 3.0 | 11.0 | CDX707图纸制作 | <- | <- | <- | 
| 2025-04-03 | CXD707 | 08:30:00 | 19:00:00 | 2.0 | 10.0 | CDX707图纸制作 | <- | <- | <- | 
| 2025-04-04 |  |  |  |  |  |  | <- | <- | <- | 
| 2025-04-05 |  |  |  |  |  |  | <- | <- | <- | 
| 2025-04-06 |  |  |  |  |  |  | <- | <- | <- | 
| 2025-04-07 | CXD707 | 08:30:00 | 20:00:00 | 3.0 | 11.0 | 塑料件结构优化 | <- | <- | <- | 
| 2025-04-08 | CXD707 | 08:30:00 | 20:00:00 | 3.0 | 11.0 | 塑料件结构优化 | <- | <- | <- | 
| 2025-04-09 | CXD707 | 08:30:00 | 20:00:00 | 3.0 | 11.0 | 塑料件结构优化 | <- | <- | <- | 
| 2025-04-10 | CXD707 | 08:30:00 | 20:00:00 | 3.0 | 11.0 | 塑料件结构优化 | <- | <- | <- | 
| 2025-04-11 | CXD707 | 08:30:00 | 20:00:00 | 3.0 | 11.0 | 塑料件结构优化 | <- | <- | <- | 
| 2025-04-12 |  |  |  |  |  |  | <- | <- | <- | 
| 2025-04-13 |  |  |  |  |  |  | <- | <- | <- | 
| 2025-04-14 | CXD707 | 08:30:00 | 20:00:00 | 3.0 | 11.0 | 塑料件结构优化 | <- | <- | <- | 
| 2025-04-15 | CXD707 | 08:30:00 | 20:00:00 | 3.0 | 11.0 | 塑料件结构优化 | <- | <- | <- | 
| 2025-04-16 | CXD707 | 08:30:00 | 20:00:00 | 3.0 | 11.0 | 塑料件结构优化 | <- | <- | <- | 
| 2025-04-17 | CXD707 | 08:30:00 | 20:00:00 | 3.0 | 11.0 | 塑料件结构优化 | <- | <- | <- | 
| 2025-04-18 | CXD707 | 08:30:00 | 20:00:00 | 3.0 | 11.0 | 塑料件结构优化 | <- | <- | <- | 
| 2025-04-19 | CXD707 | 09:30:00 | 17:30:00 | 7.5 | 7.5 | 塑料件结构优化 | <- | <- | <- | 
| 2025-04-20 |  |  |  |  |  |  | <- | <- | <- | 
| 2025-04-21 | CXD707 | 08:30:00 | 20:00:00 | 3.0 | 11.0 | 塑料件结构优化 | <- | <- | <- | 
| 2025-04-22 | CXD707 | 08:30:00 | 20:00:00 | 3.0 | 11.0 | 塑料件结构优化 | <- | <- | <- | 
| 2025-04-23 | CXD707 | 09:00:00 | 20:00:00 | 2.5 | 10.5 | 塑料件结构优化 | <- | <- | <- | 
| 2025-04-24 | CXD707 | 08:30:00 | 20:00:00 | 3.0 | 11.0 | 塑料件结构优化 | <- | <- | <- | 
| 2025-04-25 | CXD707 | 08:30:00 | 20:30:00 | 3.5 | 11.5 | 塑料件结构优化 | <- | <- | <- | 
| 2025-04-26 |  |  |  |  |  |  | <- | <- | <- | 
| 2025-04-27 | CXD707 | 08:30:00 | 20:00:00 | 3.0 | 11.0 | 塑料件结构优化 | <- | <- | <- | 
| 2025-04-28 | CXD707 | 08:30:00 | 20:00:00 | 3.0 | 11.0 | 塑料件结构优化 | <- | <- | <- | 
| 2025-04-29 | CXD707 | 08:30:00 | 20:30:00 | 3.5 | 11.5 | 塑料件结构优化 | <- | <- | <- | 
| 2025-04-30 | CXD707 | 08:30:00 | 20:00:00 | 3.0 | 11.0 | 塑料件结构优化 | <- | <- | <- | 
| 工时统计 | 项目名称 | 项目编号 | 加班 | <- | 工时 | 项目工程师签字 | <- | <- | <- | 
| ^ | CXD707 |  | 73.0 | <- | 249.0 |  | <- | <- | <- | 
| ^ |  |  |  | <- |  |  | <- | <- | <- | 
| ^ |  |  |  | <- |  |  | <- | <- | <- | 
| ^ |  |  |  | <- |  |  | <- | <- | <- | 
| 总计工时 | 249.00 | <- | 经理签字： | <- | <- |  | <- | <- | <- | 


## 工作表: Sheet1

| A | B | C | D | E | F | 
|  --- | --- | --- | --- | --- | --- |
|  |  |  | 一年调整一次，请勿随意删除 | <- | <- | 
|  |  |  | 2025 | <- | <- | 
| 年 | 月 |  | 节假日 | 调休加班日 |  | 
| 1905-07-17 | 2 |  | 45658 | 45683 |  | 
|  |  |  | 45685 | 45696 |  | 
|  |  |  | 45686 | 45774 |  | 
|  |  |  | 45687 | 45928 |  | 
|  |  |  | 45688 | 45941 |  | 
|  |  |  | 45689 |  |  | 
|  |  |  | 45690 |  |  | 
|  |  |  | 45691 |  |  | 
|  |  |  | 45692 |  |  | 
|  |  |  | 45751 |  |  | 
|  |  |  | 45752 |  |  | 
|  |  |  | 45753 |  |  | 
|  |  |  | 45778 |  |  | 
|  |  |  | 45779 |  |  | 
|  |  |  | 45780 |  |  | 
|  |  |  | 45781 |  |  | 
|  |  |  | 45782 |  |  | 
|  |  |  | 45808 |  |  | 
|  |  |  | 45809 |  |  | 
|  |  |  | 45810 |  |  | 
|  |  |  | 45931 |  |  | 
|  |  |  | 45932 |  |  | 
|  |  |  | 45933 |  |  | 
|  |  |  | 45934 |  |  | 
|  |  |  | 45935 |  |  | 
|  |  |  | 45936 |  |  | 
|  |  |  | 45937 |  |  | 
|  |  |  | 45938 |  |  | 



2025-05-20 10:57:12,867 - INFO - 请求成功，状态码: 200
2025-05-20 10:57:12,868 - INFO - 模型返回：
{"CXD707":{"overtime_hours":73,"total_hours":249}}

2025-05-20 10:57:12,869 - INFO - 源数据表中的工时汇总数据：{'CXD707': {'overtime_hours': 73, 'total_hours': 249}}
2025-05-20 10:57:12,869 - INFO - 文件处理进度：10 / 10
2025-05-20 10:57:12,869 - INFO - 开始处理工时文件：D:/sotos工作资料/test/3\邵堂思工时表-重庆安道拓-2025年04月.xlsx
2025-05-20 10:57:13,024 - INFO - Excel表格提取文本：
## 工作表: 邵堂思

| A | B | C | D | E | F | G | H | I | J | 
|  --- | --- | --- | --- | --- | --- | --- | --- | --- | --- |
| 重庆延锋安道拓 | <- | 上海睿励信息技术有限公司 工时记录表 | <- | <- | <- | <- | <- | <- | <- | 
| ^ | ^<- | 供应商 |  | <- | <- | <- | <- | <- | <- | 
| 工程师 | 邵堂思 | <- | 负责人 | 郑爽 | 电话 | 13372705281 | <- | <- | <- | 
| 日期 | 项目名称 | 开始工作时间 | 工作结束时间 | 加班时间 | 总工作时间 | 备注 | <- | <- | <- | 
| 2025-04-01 | X1L | 09:00:00 | 20:00:00 | 2.5 | 10.5 | 校核CAS并输出给客户 | <- | <- | <- | 
| 2025-04-02 | X1L | 09:00:00 | 22:00:00 | 4.5 | 12.5 | 制作并提交前排主驾样件询价需求单 | <- | <- | <- | 
| 2025-04-03 | X1L | 09:00:00 | 21:00:00 | 3.5 | 11.5 | 制作并提交前排主驾样件询价需求单 | <- | <- | <- | 
| 2025-04-04 |  |  |  |  |  |  | <- | <- | <- | 
| 2025-04-05 |  |  |  |  |  |  | <- | <- | <- | 
| 2025-04-06 |  |  |  |  |  |  | <- | <- | <- | 
| 2025-04-07 | X1L | 09:00:00 | 22:30:00 | 5.0 | 13.0 | 制作并提交前排主驾样件加工需求单 | <- | <- | <- | 
| 2025-04-08 | X1L | 09:00:00 | 22:00:00 | 4.5 | 12.5 | 制作并提交前排主驾样件加工需求单 | <- | <- | <- | 
| 2025-04-09 | X1L | 09:00:00 | 22:30:00 | 5.0 | 13.0 | 报价QBOM修改及数据替换 | <- | <- | <- | 
| 2025-04-10 | X1L | 09:00:00 | 21:00:00 | 3.5 | 11.5 | TR文件修改 | <- | <- | <- | 
| 2025-04-11 | X1L | 09:00:00 | 21:30:00 | 4.0 | 12.0 | TR文件修改 | <- | <- | <- | 
| 2025-04-12 |  |  |  |  |  |  | <- | <- | <- | 
| 2025-04-13 |  |  |  |  |  |  | <- | <- | <- | 
| 2025-04-14 | X1L | 09:00:00 | 22:30:00 | 5.0 | 13.0 | TR文件修改 | <- | <- | <- | 
| 2025-04-15 | X1L | 09:00:00 | 22:00:00 | 4.5 | 12.5 | TR文件修改及报价QBOM更新及数据替换 | <- | <- | <- | 
| 2025-04-16 | X1L | 09:00:00 | 21:00:00 | 3.5 | 11.5 | TR文件修改及报价QBOM更新及数据替换及主驾样椅制作及沟通交流 | <- | <- | <- | 
| 2025-04-17 | X1L | 09:00:00 | 19:30:00 | 2.0 | 10.0 | 前排主驾样椅制作及沟通交流 | <- | <- | <- | 
| 2025-04-18 | X1L | 09:00:00 | 22:30:00 | 5.0 | 13.0 | 前排主驾样椅制作及沟通交流 | <- | <- | <- | 
| 2025-04-19 | X1L | 11:00:00 | 21:00:00 | 9.5 | 9.5 | 前排主驾样椅制作及沟通交流 | <- | <- | <- | 
| 2025-04-20 |  |  |  |  |  |  | <- | <- | <- | 
| 2025-04-21 | X1L | 09:00:00 | 19:00:00 | 1.5 | 9.5 | 后排isofix钢丝布置说明 | <- | <- | <- | 
| 2025-04-22 | X1L | 09:00:00 | 18:30:00 | 1.0 | 9.0 | 后排isofix钢丝布置说明及数据整理 | <- | <- | <- | 
| 2025-04-23 | X1L | 09:00:00 | 17:30:00 | 0.0 | 8.0 | 数据&及资料整理 | <- | <- | <- | 
| 2025-04-24 |  |  |  |  |  |  | <- | <- | <- | 
| 2025-04-25 |  |  |  |  |  |  | <- | <- | <- | 
| 2025-04-26 |  |  |  |  |  |  | <- | <- | <- | 
| 2025-04-27 |  |  |  |  |  |  | <- | <- | <- | 
| 2025-04-28 |  |  |  |  |  |  | <- | <- | <- | 
| 2025-04-29 |  |  |  |  |  |  | <- | <- | <- | 
| 2025-04-30 |  |  |  |  |  |  |  |  |  | 
| 工时统计 | 项目名称 | 项目编号 | 加班 | <- | 工时 | 项目工程师签字 | <- | <- | <- | 
| ^ | X1L |  | 64.5 | <- | 192.5 |  | <- | <- | <- | 
| ^ |  |  |  | <- |  |  | <- | <- | <- | 
| ^ |  |  |  | <- |  |  | <- | <- | <- | 
| ^ |  |  |  | <- |  |  | <- | <- | <- | 
| 总计工时 | 192.50 | <- | 经理签字： | <- | <- |  | <- | <- | <- | 


## 工作表: Sheet1

| A | B | C | D | E | F | 
|  --- | --- | --- | --- | --- | --- |
|  |  |  | 一年调整一次，请勿随意删除 | <- | <- | 
|  |  |  | 2025 | <- | <- | 
| 年 | 月 |  | 节假日 | 调休加班日 |  | 
| 1905-07-17 | 4 |  | 45658 | 45683 |  | 
|  |  |  | 45685 | 45696 |  | 
|  |  |  | 45686 | 45774 |  | 
|  |  |  | 45687 | 45928 |  | 
|  |  |  | 45688 | 45941 |  | 
|  |  |  | 45689 |  |  | 
|  |  |  | 45690 |  |  | 
|  |  |  | 45691 |  |  | 
|  |  |  | 45692 |  |  | 
|  |  |  | 45751 |  |  | 
|  |  |  | 45752 |  |  | 
|  |  |  | 45753 |  |  | 
|  |  |  | 45778 |  |  | 
|  |  |  | 45779 |  |  | 
|  |  |  | 45780 |  |  | 
|  |  |  | 45781 |  |  | 
|  |  |  | 45782 |  |  | 
|  |  |  | 45808 |  |  | 
|  |  |  | 45809 |  |  | 
|  |  |  | 45810 |  |  | 
|  |  |  | 45931 |  |  | 
|  |  |  | 45932 |  |  | 
|  |  |  | 45933 |  |  | 
|  |  |  | 45934 |  |  | 
|  |  |  | 45935 |  |  | 
|  |  |  | 45936 |  |  | 
|  |  |  | 45937 |  |  | 
|  |  |  | 45938 |  |  | 



2025-05-20 10:57:13,033 - INFO - 从表格文本中，提取员工姓名和公司名称...
2025-05-20 10:57:13,034 - INFO - 发送请求到模型API...
2025-05-20 10:57:13,034 - INFO - system_prompt：
你是一个专业的表格信息提取助手。用户会提供给你一份Excel工时表，已转换为Markdown格式。你需要提取出表格包含的员工姓名`employee_name`和公司名称`company_name`。以JSON格式输出结果，包含`employee_name`和`company_name`两个字段。如果无法提取到员工姓名和公司名称，请返回空字符串。

markdown格式的表格中合并单元格表示法：
   - "^" 符号表示该单元格与上方单元格合并（纵向合并）
   - "<-" 符号表示该单元格与左侧单元格合并（横向合并）
   - "^<-" 符号表示该单元格同时与上方和左侧单元格合并（纵横合并）

比如：{"employee_name":"张三", "company_name":"XXX公司"}
注意：直接返回结果，不要包含任何解释或说明。

2025-05-20 10:57:13,036 - INFO - user_prompt：## 工作表: 邵堂思

| A | B | C | D | E | F | G | H | I | J | 
|  --- | --- | --- | --- | --- | --- | --- | --- | --- | --- |
| 重庆延锋安道拓 | <- | 上海睿励信息技术有限公司 工时记录表 | <- | <- | <- | <- | <- | <- | <- | 
| ^ | ^<- | 供应商 |  | <- | <- | <- | <- | <- | <- | 
| 工程师 | 邵堂思 | <- | 负责人 | 郑爽 | 电话 | 13372705281 | <- | <- | <- | 
| 日期 | 项目名称 | 开始工作时间 | 工作结束时间 | 加班时间 | 总工作时间 | 备注 | <- | <- | <- | 
| 2025-04-01 | X1L | 09:00:00 | 20:00:00 | 2.5 | 10.5 | 校核CAS并输出给客户 | <- | <- | <- | 
| 2025-04-02 | X1L | 09:00:00 | 22:00:00 | 4.5 | 12.5 | 制作并提交前排主驾样件询价需求单 | <- | <- | <- | 
| 2025-04-03 | X1L | 09:00:00 | 21:00:00 | 3.5 | 11.5 | 制作并提交前排主驾样件询价需求单 | <- | <- | <- | 
| 2025-04-04 |  |  |  |  |  |  | <- | <- | <- | 
| 2025-04-05 |  |  |  |  |  |  | <- | <- | <- | 
| 2025-04-06 |  |  |  |  |  |  | <- | <- | <- | 
| 2025-04-07 | X1L | 09:00:00 | 22:30:00 | 5.0 | 13.0 | 制作并提交前排主驾样件加工需求单 | <- | <- | <- | 
| 2025-04-08 | X1L | 09:00:00 | 22:00:00 | 4.5 | 12.5 | 制作并提交前排主驾样件加工需求单 | <- | <- | <- | 
| 2025-04-09 | X1L | 09:00:00 | 22:30:00 | 5.0 | 13.0 | 报价QBOM修改及数据替换 | <- | <- | <- | 
| 2025-04-10 | X1L | 09:00:00 | 21:00:00 | 3.5 | 11.5 | TR文件修改 | <- | <- | <- | 
| 2025-04-11 | X1L | 09:00:00 | 21:30:00 | 4.0 | 12.0 | TR文件修改 | <- | <- | <- | 
| 2025-04-12 |  |  |  |  |  |  | <- | <- | <- | 
| 2025-04-13 |  |  |  |  |  |  | <- | <- | <- | 
| 2025-04-14 | X1L | 09:00:00 | 22:30:00 | 5.0 | 13.0 | TR文件修改 | <- | <- | <- | 
| 2025-04-15 | X1L | 09:00:00 | 22:00:00 | 4.5 | 12.5 | TR文件修改及报价QBOM更新及数据替换 | <- | <- | <- | 
| 2025-04-16 | X1L | 09:00:00 | 21:00:00 | 3.5 | 11.5 | TR文件修改及报价QBOM更新及数据替换及主驾样椅制作及沟通交流 | <- | <- | <- | 
| 2025-04-17 | X1L | 09:00:00 | 19:30:00 | 2.0 | 10.0 | 前排主驾样椅制作及沟通交流 | <- | <- | <- | 
| 2025-04-18 | X1L | 09:00:00 | 22:30:00 | 5.0 | 13.0 | 前排主驾样椅制作及沟通交流 | <- | <- | <- | 
| 2025-04-19 | X1L | 11:00:00 | 21:00:00 | 9.5 | 9.5 | 前排主驾样椅制作及沟通交流 | <- | <- | <- | 
| 2025-04-20 |  |  |  |  |  |  | <- | <- | <- | 
| 2025-04-21 | X1L | 09:00:00 | 19:00:00 | 1.5 | 9.5 | 后排isofix钢丝布置说明 | <- | <- | <- | 
| 2025-04-22 | X1L | 09:00:00 | 18:30:00 | 1.0 | 9.0 | 后排isofix钢丝布置说明及数据整理 | <- | <- | <- | 
| 2025-04-23 | X1L | 09:00:00 | 17:30:00 | 0.0 | 8.0 | 数据&及资料整理 | <- | <- | <- | 
| 2025-04-24 |  |  |  |  |  |  | <- | <- | <- | 
| 2025-04-25 |  |  |  |  |  |  | <- | <- | <- | 
| 2025-04-26 |  |  |  |  |  |  | <- | <- | <- | 
| 2025-04-27 |  |  |  |  |  |  | <- | <- | <- | 
| 2025-04-28 |  |  |  |  |  |  | <- | <- | <- | 
| 2025-04-29 |  |  |  |  |  |  | <- | <- | <- | 
| 2025-04-30 |  |  |  |  |  |  |  |  |  | 
| 工时统计 | 项目名称 | 项目编号 | 加班 | <- | 工时 | 项目工程师签字 | <- | <- | <- | 
| ^ | X1L |  | 64.5 | <- | 192.5 |  | <- | <- | <- | 
| ^ |  |  |  | <- |  |  | <- | <- | <- | 
| ^ |  |  |  | <- |  |  | <- | <- | <- | 
| ^ |  |  |  | <- |  |  | <- | <- | <- | 
| 总计工时 | 192.50 | <- | 经理签字： | <- | <- |  | <- | <- | <- | 


## 工作表: Sheet1

| A | B | C | D | E | F | 
|  --- | --- | --- | --- | --- | --- |
|  |  |  | 一年调整一次，请勿随意删除 | <- | <- | 
|  |  |  | 2025 | <- | <- | 
| 年 | 月 |  | 节假日 | 调休加班日 |  | 
| 1905-07-17 | 4 |  | 45658 | 45683 |  | 
|  |  |  | 45685 | 45696 |  | 
|  |  |  | 45686 | 45774 |  | 
|  |  |  | 45687 | 45928 |  | 
|  |  |  | 45688 | 45941 |  | 
|  |  |  | 45689 |  |  | 
|  |  |  | 45690 |  |  | 
|  |  |  | 45691 |  |  | 
|  |  |  | 45692 |  |  | 
|  |  |  | 45751 |  |  | 
|  |  |  | 45752 |  |  | 
|  |  |  | 45753 |  |  | 
|  |  |  | 45778 |  |  | 
|  |  |  | 45779 |  |  | 
|  |  |  | 45780 |  |  | 
|  |  |  | 45781 |  |  | 
|  |  |  | 45782 |  |  | 
|  |  |  | 45808 |  |  | 
|  |  |  | 45809 |  |  | 
|  |  |  | 45810 |  |  | 
|  |  |  | 45931 |  |  | 
|  |  |  | 45932 |  |  | 
|  |  |  | 45933 |  |  | 
|  |  |  | 45934 |  |  | 
|  |  |  | 45935 |  |  | 
|  |  |  | 45936 |  |  | 
|  |  |  | 45937 |  |  | 
|  |  |  | 45938 |  |  | 



2025-05-20 10:57:14,888 - INFO - 请求成功，状态码: 200
2025-05-20 10:57:14,889 - INFO - 模型返回：{"employee_name":"邵堂思", "company_name":"重庆延锋安道拓"}

2025-05-20 10:57:14,889 - INFO - 解析模型返回：
 - 员工姓名：邵堂思,  - 公司名称：重庆延锋安道拓
2025-05-20 10:57:14,889 - INFO - 

从表格文本中，提取汇总数据...
2025-05-20 10:57:14,890 - INFO - 发送请求到模型API...
2025-05-20 10:57:14,890 - INFO - system_prompt：
你是一个专业的工时数据提取助手。用户会提供给你一份Excel工时表，已转换为Markdown格式。你需要提取出表格中的按照项目做统计的工时汇总数据。将提取结果以JSON格式输出。以项目名称作为key为项目名称，value为包含加班和工时的字典。

markdown格式的表格中合并单元格表示法：
   - "^" 符号表示该单元格与上方单元格合并（纵向合并）
   - "<-" 符号表示该单元格与左侧单元格合并（横向合并）
   - "^<-" 符号表示该单元格同时与上方和左侧单元格合并（纵横合并）

你可以按照以下步骤进行分析：
1. 首先，定位表格中工时统计汇总数据，通常在表格的下方。
2. 读取工时统计汇总数据，包含项目名称、项目编号、加班、工时等。项目编号可能为空。
3. 整理所有数据，以JSON格式输。key为项目名称，value为包含加班`overtime_hours`和工时`total_hours`的字典。

注意：
1.直接返回结果，不要包含任何解释或说明。
2.输出结果必须严格按照无语法错误的JSON格式输出，不能有任何其他格式。

以JSON格式输出结果，示例输出如下：
示例1：
{"D11":{"overtime_hours":20,"total_hours":120}, "A12":{"overtime_hours":6,"total_hours":14}, "B13":{"overtime_hours":1,"total_hours":10}}
示例2：
{"D11":{"overtime_hours":20,"total_hours":120}, "A12":{"overtime_hours":6,"total_hours":14}}

2025-05-20 10:57:14,893 - INFO - user_prompt：## 工作表: 邵堂思

| A | B | C | D | E | F | G | H | I | J | 
|  --- | --- | --- | --- | --- | --- | --- | --- | --- | --- |
| 重庆延锋安道拓 | <- | 上海睿励信息技术有限公司 工时记录表 | <- | <- | <- | <- | <- | <- | <- | 
| ^ | ^<- | 供应商 |  | <- | <- | <- | <- | <- | <- | 
| 工程师 | 邵堂思 | <- | 负责人 | 郑爽 | 电话 | 13372705281 | <- | <- | <- | 
| 日期 | 项目名称 | 开始工作时间 | 工作结束时间 | 加班时间 | 总工作时间 | 备注 | <- | <- | <- | 
| 2025-04-01 | X1L | 09:00:00 | 20:00:00 | 2.5 | 10.5 | 校核CAS并输出给客户 | <- | <- | <- | 
| 2025-04-02 | X1L | 09:00:00 | 22:00:00 | 4.5 | 12.5 | 制作并提交前排主驾样件询价需求单 | <- | <- | <- | 
| 2025-04-03 | X1L | 09:00:00 | 21:00:00 | 3.5 | 11.5 | 制作并提交前排主驾样件询价需求单 | <- | <- | <- | 
| 2025-04-04 |  |  |  |  |  |  | <- | <- | <- | 
| 2025-04-05 |  |  |  |  |  |  | <- | <- | <- | 
| 2025-04-06 |  |  |  |  |  |  | <- | <- | <- | 
| 2025-04-07 | X1L | 09:00:00 | 22:30:00 | 5.0 | 13.0 | 制作并提交前排主驾样件加工需求单 | <- | <- | <- | 
| 2025-04-08 | X1L | 09:00:00 | 22:00:00 | 4.5 | 12.5 | 制作并提交前排主驾样件加工需求单 | <- | <- | <- | 
| 2025-04-09 | X1L | 09:00:00 | 22:30:00 | 5.0 | 13.0 | 报价QBOM修改及数据替换 | <- | <- | <- | 
| 2025-04-10 | X1L | 09:00:00 | 21:00:00 | 3.5 | 11.5 | TR文件修改 | <- | <- | <- | 
| 2025-04-11 | X1L | 09:00:00 | 21:30:00 | 4.0 | 12.0 | TR文件修改 | <- | <- | <- | 
| 2025-04-12 |  |  |  |  |  |  | <- | <- | <- | 
| 2025-04-13 |  |  |  |  |  |  | <- | <- | <- | 
| 2025-04-14 | X1L | 09:00:00 | 22:30:00 | 5.0 | 13.0 | TR文件修改 | <- | <- | <- | 
| 2025-04-15 | X1L | 09:00:00 | 22:00:00 | 4.5 | 12.5 | TR文件修改及报价QBOM更新及数据替换 | <- | <- | <- | 
| 2025-04-16 | X1L | 09:00:00 | 21:00:00 | 3.5 | 11.5 | TR文件修改及报价QBOM更新及数据替换及主驾样椅制作及沟通交流 | <- | <- | <- | 
| 2025-04-17 | X1L | 09:00:00 | 19:30:00 | 2.0 | 10.0 | 前排主驾样椅制作及沟通交流 | <- | <- | <- | 
| 2025-04-18 | X1L | 09:00:00 | 22:30:00 | 5.0 | 13.0 | 前排主驾样椅制作及沟通交流 | <- | <- | <- | 
| 2025-04-19 | X1L | 11:00:00 | 21:00:00 | 9.5 | 9.5 | 前排主驾样椅制作及沟通交流 | <- | <- | <- | 
| 2025-04-20 |  |  |  |  |  |  | <- | <- | <- | 
| 2025-04-21 | X1L | 09:00:00 | 19:00:00 | 1.5 | 9.5 | 后排isofix钢丝布置说明 | <- | <- | <- | 
| 2025-04-22 | X1L | 09:00:00 | 18:30:00 | 1.0 | 9.0 | 后排isofix钢丝布置说明及数据整理 | <- | <- | <- | 
| 2025-04-23 | X1L | 09:00:00 | 17:30:00 | 0.0 | 8.0 | 数据&及资料整理 | <- | <- | <- | 
| 2025-04-24 |  |  |  |  |  |  | <- | <- | <- | 
| 2025-04-25 |  |  |  |  |  |  | <- | <- | <- | 
| 2025-04-26 |  |  |  |  |  |  | <- | <- | <- | 
| 2025-04-27 |  |  |  |  |  |  | <- | <- | <- | 
| 2025-04-28 |  |  |  |  |  |  | <- | <- | <- | 
| 2025-04-29 |  |  |  |  |  |  | <- | <- | <- | 
| 2025-04-30 |  |  |  |  |  |  |  |  |  | 
| 工时统计 | 项目名称 | 项目编号 | 加班 | <- | 工时 | 项目工程师签字 | <- | <- | <- | 
| ^ | X1L |  | 64.5 | <- | 192.5 |  | <- | <- | <- | 
| ^ |  |  |  | <- |  |  | <- | <- | <- | 
| ^ |  |  |  | <- |  |  | <- | <- | <- | 
| ^ |  |  |  | <- |  |  | <- | <- | <- | 
| 总计工时 | 192.50 | <- | 经理签字： | <- | <- |  | <- | <- | <- | 


## 工作表: Sheet1

| A | B | C | D | E | F | 
|  --- | --- | --- | --- | --- | --- |
|  |  |  | 一年调整一次，请勿随意删除 | <- | <- | 
|  |  |  | 2025 | <- | <- | 
| 年 | 月 |  | 节假日 | 调休加班日 |  | 
| 1905-07-17 | 4 |  | 45658 | 45683 |  | 
|  |  |  | 45685 | 45696 |  | 
|  |  |  | 45686 | 45774 |  | 
|  |  |  | 45687 | 45928 |  | 
|  |  |  | 45688 | 45941 |  | 
|  |  |  | 45689 |  |  | 
|  |  |  | 45690 |  |  | 
|  |  |  | 45691 |  |  | 
|  |  |  | 45692 |  |  | 
|  |  |  | 45751 |  |  | 
|  |  |  | 45752 |  |  | 
|  |  |  | 45753 |  |  | 
|  |  |  | 45778 |  |  | 
|  |  |  | 45779 |  |  | 
|  |  |  | 45780 |  |  | 
|  |  |  | 45781 |  |  | 
|  |  |  | 45782 |  |  | 
|  |  |  | 45808 |  |  | 
|  |  |  | 45809 |  |  | 
|  |  |  | 45810 |  |  | 
|  |  |  | 45931 |  |  | 
|  |  |  | 45932 |  |  | 
|  |  |  | 45933 |  |  | 
|  |  |  | 45934 |  |  | 
|  |  |  | 45935 |  |  | 
|  |  |  | 45936 |  |  | 
|  |  |  | 45937 |  |  | 
|  |  |  | 45938 |  |  | 



2025-05-20 10:57:16,773 - INFO - 请求成功，状态码: 200
2025-05-20 10:57:16,774 - INFO - 模型返回：
{"X1L":{"overtime_hours":64.5,"total_hours":192.5}}

2025-05-20 10:57:16,775 - INFO - 源数据表中的工时汇总数据：{'X1L': {'overtime_hours': 64.5, 'total_hours': 192.5}}
2025-05-20 10:57:47,011 - INFO - 开始处理工时文件：C:/Users/admin/Desktop/工时测试数据/蔡爽工时表-重庆安道拓-2025年03月.xlsx
2025-05-20 10:57:47,135 - INFO - Excel表格提取文本：
## 工作表: 蔡爽

| A | B | C | D | E | F | G | H | I | J | K | L | M | N | O | P | Q | R | S | T | 
|  --- | --- | --- | --- | --- | --- | --- | --- | --- | --- | --- | --- | --- | --- | --- | --- | --- | --- | --- | --- |
| 重庆延锋安道拓 | <- | 上海睿励信息技术有限公司 工时记录表 | <- | <- | <- | <- | <- | <- | <- |  |  |  |  |  |  |  |  |  |  | 
| ^ | ^<- | 供应商 |  | <- | <- | <- | <- | <- | <- |  |  |  |  |  |  |  |  |  |  | 
| 工程师 | 蔡爽 | <- | 负责人 | 向阳 | 电话 | 15123462783 | <- | <- | <- |  |  |  |  |  |  |  |  |  |  | 
| 日期 | 项目名称 | 开始工作时间 | 工作结束时间 | 加班时间 | 总工作时间 | 备注 | <- | <- | <- |  |  |  |  |  |  |  |  |  |  | 
| 2025-03-01 |  |  |  |  |  |  | <- | <- | <- |  |  |  |  |  |  |  |  |  |  | 
| 2025-03-02 |  |  |  |  |  |  | <- | <- | <- |  |  |  |  |  |  |  |  |  |  | 
| 2025-03-03 | 660B | 08:30:00 | 20:00:00 | 3.0 | 11.0 | V540 数据图纸修改 | <- | <- | <- |  |  |  |  |  |  |  |  |  |  | 
| 2025-03-04 | 660B | 08:30:00 | 20:00:00 | 3.0 | 11.0 | V540 数据图纸修改 | <- | <- | <- |  |  |  |  |  |  |  |  |  |  | 
| 2025-03-05 | 660B | 08:30:00 | 20:30:00 | 3.5 | 11.5 | V540 数据图纸修改 | <- | <- | <- |  |  |  |  |  |  |  |  |  |  | 
| 2025-03-06 | 660B | 08:30:00 | 18:00:00 | 1.0 | 9.0 | V540 数据图纸修改 | <- | <- | <- |  |  |  |  |  |  |  |  |  |  | 
| 2025-03-07 | 660B | 08:30:00 | 17:00:00 | 0.0 | 8.0 | V540 数据图纸修改 | <- | <- | <- |  |  |  |  |  |  |  |  |  |  | 
| 2025-03-08 |  |  |  |  |  |  | <- | <- | <- |  |  |  |  |  |  |  |  |  |  | 
| 2025-03-09 |  |  |  |  |  |  | <- | <- | <- |  |  |  |  |  |  |  |  |  |             | 
| 2025-03-10 | 660B | 08:30:00 | 20:00:00 | 3.0 | 11.0 | V540 数据图纸修改 | <- | <- | <- |  |  |  |  |  |  |  |  |  |  | 
| 2025-03-11 | 660B | 08:30:00 | 20:00:00 | 3.0 | 11.0 | V540 数据图纸修改 | <- | <- | <- |  |  |  |  |  |  |  |  |  |  | 
| 2025-03-12 | 660B | 08:30:00 | 20:00:00 | 3.0 | 11.0 | V540 数据图纸修改 | <- | <- | <- |  |  |  |  |  |  |  |  |  |  | 
| 2025-03-13 | 660B | 08:30:00 | 20:00:00 | 3.0 | 11.0 | V540 数据图纸修改 | <- | <- | <- |  |  |  |  |  |  |  |  |  |  | 
| 2025-03-14 | 660B | 08:30:00 | 20:00:00 | 3.0 | 11.0 | V540 数据图纸修改 | <- | <- | <- |  |  |  |  |  |  |  |  |  |  | 
| 2025-03-15 |  |  |  |  |  |  | <- | <- | <- |  |  |  |  |  |  |  |  |  |  | 
| 2025-03-16 |  |  |  |  |  |  | <- | <- | <- |  |  |  |  |  |  |  |  |  |  | 
| 2025-03-17 | 660B | 08:30:00 | 20:00:00 | 3.0 | 11.0 | V540 数据图纸修改 | <- | <- | <- |  |  |  |  |  |  |  |  |  |  | 
| 2025-03-18 | 660B | 08:30:00 | 20:00:00 | 3.0 | 11.0 | V540 数据图纸修改 | <- | <- | <- |  |  |  |  |  |  |  |  |  |  | 
| 2025-03-19 | 660B | 08:30:00 | 20:30:00 | 3.5 | 11.5 | V540 数据图纸修改 | <- | <- | <- |  |  |  |  |  |  |  |  |  |  | 
| 2025-03-20 | 660B | 08:30:00 | 20:00:00 | 3.0 | 11.0 | V540 数据图纸修改 | <- | <- | <- |  |  |  |  |  |  |  |  |  |  | 
| 2025-03-21 | 660B | 08:30:00 | 20:00:00 | 3.0 | 11.0 | V540 数据图纸修改 | <- | <- | <- |  |  |  |  |  |  |  |  |  |  | 
| 2025-03-22 |  |  |  |  |  |  | <- | <- | <- |  |  |  |  |  |  |  |  |  |  | 
| 2025-03-23 |  |  |  |  |  |  | <- | <- | <- |  |  |  |  |  |  |  |  |  |  | 
| 2025-03-24 | 660B | 08:30:00 | 20:00:00 | 3.0 | 11.0 | V540 数据图纸修改 | <- | <- | <- |  |  |  |  |  |  |  |  |  |  | 
| 2025-03-25 | 660B | 08:30:00 | 20:00:00 | 3.0 | 11.0 | V540 数据图纸修改 | <- | <- | <- |  |  |  |  |  |  |  |  |  |  | 
| 2025-03-26 | 660B | 08:30:00 | 20:00:00 | 3.0 | 11.0 | V540 数据图纸修改 | <- | <- | <- |  |  |  |  |  |  |  |  |  |  | 
| 2025-03-27 | 660B | 08:30:00 | 20:00:00 | 3.0 | 11.0 | EF2H 3D数据 | <- | <- | <- |  |  |  |  |  |  |  |  |  |  | 
| 2025-03-28 | 660B | 08:30:00 | 20:00:00 | 3.0 | 11.0 | EF2H 3D数据 | <- | <- | <- |  |  |  |  |  |  |  |  |  |  | 
| 2025-03-29 | 660B | 10:00:00 | 12:00:00 | 1.5 | 1.5 | EF2H 3D数据 | <- | <- | <- |  |  |  |  |  |  |  |  |  |  | 
| 2025-03-30 |  |  |  |  |  |  | <- | <- | <- |  |  |  |  |  |  |  |  |  |  | 
| 2025-03-31 | 660B | 08:30:00 | 20:00:00 | 3.0 | 11.0 | EF2H 3D数据 | <- | <- | <- |  |  |  |  |  |  |  |  |  |  | 
| 2025-04-01 |  |  |  |  |  |  | <- | <- | <- |  |  |  |  |  |  |  |  |  |  | 
| 工时统计 | 项目名称 | 项目编号 | 加班 | <- | 工时 | 项目工程师签字 | <- | <- | <- |  |  |  |  |  |  |  |  |  |  | 
| ^ | 660B |  | 60.5 | <- | 228.5 |  | <- | <- | <- |  |  |  |  |  |  |  |  |  |  | 
| ^ |  |  |  | <- |  |  | <- | <- | <- |  |  |  |  |  |  |  |  |  |  | 
| ^ |  |  |  | <- |  |  | <- | <- | <- |  |  |  |  |  |  |  |  |  |  | 
| ^ |  |  |  | <- |  |  | <- | <- | <- |  |  |  |  |  |  |  |  |  |  | 
| 总计工时 | 228.50 | <- | 经理签字： | <- | <- |  | <- | <- | <- |  |  |  |  |  |  |  |  |  |  | 


## 工作表: Sheet1

| A | B | C | D | E | F | 
|  --- | --- | --- | --- | --- | --- |
|  |  |  | 一年调整一次，请勿随意删除 | <- | <- | 
|  |  |  | 2025 | <- | <- | 
| 年 | 月 |  | 节假日 | 调休加班日 |  | 
| 1905-07-17 | 3 |  | 45658 | 45683 |  | 
|  |  |  | 45685 | 45696 |  | 
|  |  |  | 45686 | 45774 |  | 
|  |  |  | 45687 | 45928 |  | 
|  |  |  | 45688 | 45941 |  | 
|  |  |  | 45689 |  |  | 
|  |  |  | 45690 |  |  | 
|  |  |  | 45691 |  |  | 
|  |  |  | 45692 |  |  | 
|  |  |  | 45751 |  |  | 
|  |  |  | 45752 |  |  | 
|  |  |  | 45753 |  |  | 
|  |  |  | 45778 |  |  | 
|  |  |  | 45779 |  |  | 
|  |  |  | 45780 |  |  | 
|  |  |  | 45781 |  |  | 
|  |  |  | 45782 |  |  | 
|  |  |  | 45808 |  |  | 
|  |  |  | 45809 |  |  | 
|  |  |  | 45810 |  |  | 
|  |  |  | 45931 |  |  | 
|  |  |  | 45932 |  |  | 
|  |  |  | 45933 |  |  | 
|  |  |  | 45934 |  |  | 
|  |  |  | 45935 |  |  | 
|  |  |  | 45936 |  |  | 
|  |  |  | 45937 |  |  | 
|  |  |  | 45938 |  |  | 



2025-05-20 10:57:47,148 - INFO - 从表格文本中，提取员工姓名和公司名称...
2025-05-20 10:57:47,148 - INFO - 发送请求到模型API...
2025-05-20 10:57:47,148 - INFO - system_prompt：
你是一个专业的表格信息提取助手。用户会提供给你一份Excel工时表，已转换为Markdown格式。你需要提取出表格包含的员工姓名`employee_name`和公司名称`company_name`。以JSON格式输出结果，包含`employee_name`和`company_name`两个字段。如果无法提取到员工姓名和公司名称，请返回空字符串。

markdown格式的表格中合并单元格表示法：
   - "^" 符号表示该单元格与上方单元格合并（纵向合并）
   - "<-" 符号表示该单元格与左侧单元格合并（横向合并）
   - "^<-" 符号表示该单元格同时与上方和左侧单元格合并（纵横合并）

比如：{"employee_name":"张三", "company_name":"XXX公司"}
注意：直接返回结果，不要包含任何解释或说明。

2025-05-20 10:57:47,150 - INFO - user_prompt：## 工作表: 蔡爽

| A | B | C | D | E | F | G | H | I | J | K | L | M | N | O | P | Q | R | S | T | 
|  --- | --- | --- | --- | --- | --- | --- | --- | --- | --- | --- | --- | --- | --- | --- | --- | --- | --- | --- | --- |
| 重庆延锋安道拓 | <- | 上海睿励信息技术有限公司 工时记录表 | <- | <- | <- | <- | <- | <- | <- |  |  |  |  |  |  |  |  |  |  | 
| ^ | ^<- | 供应商 |  | <- | <- | <- | <- | <- | <- |  |  |  |  |  |  |  |  |  |  | 
| 工程师 | 蔡爽 | <- | 负责人 | 向阳 | 电话 | 15123462783 | <- | <- | <- |  |  |  |  |  |  |  |  |  |  | 
| 日期 | 项目名称 | 开始工作时间 | 工作结束时间 | 加班时间 | 总工作时间 | 备注 | <- | <- | <- |  |  |  |  |  |  |  |  |  |  | 
| 2025-03-01 |  |  |  |  |  |  | <- | <- | <- |  |  |  |  |  |  |  |  |  |  | 
| 2025-03-02 |  |  |  |  |  |  | <- | <- | <- |  |  |  |  |  |  |  |  |  |  | 
| 2025-03-03 | 660B | 08:30:00 | 20:00:00 | 3.0 | 11.0 | V540 数据图纸修改 | <- | <- | <- |  |  |  |  |  |  |  |  |  |  | 
| 2025-03-04 | 660B | 08:30:00 | 20:00:00 | 3.0 | 11.0 | V540 数据图纸修改 | <- | <- | <- |  |  |  |  |  |  |  |  |  |  | 
| 2025-03-05 | 660B | 08:30:00 | 20:30:00 | 3.5 | 11.5 | V540 数据图纸修改 | <- | <- | <- |  |  |  |  |  |  |  |  |  |  | 
| 2025-03-06 | 660B | 08:30:00 | 18:00:00 | 1.0 | 9.0 | V540 数据图纸修改 | <- | <- | <- |  |  |  |  |  |  |  |  |  |  | 
| 2025-03-07 | 660B | 08:30:00 | 17:00:00 | 0.0 | 8.0 | V540 数据图纸修改 | <- | <- | <- |  |  |  |  |  |  |  |  |  |  | 
| 2025-03-08 |  |  |  |  |  |  | <- | <- | <- |  |  |  |  |  |  |  |  |  |  | 
| 2025-03-09 |  |  |  |  |  |  | <- | <- | <- |  |  |  |  |  |  |  |  |  |             | 
| 2025-03-10 | 660B | 08:30:00 | 20:00:00 | 3.0 | 11.0 | V540 数据图纸修改 | <- | <- | <- |  |  |  |  |  |  |  |  |  |  | 
| 2025-03-11 | 660B | 08:30:00 | 20:00:00 | 3.0 | 11.0 | V540 数据图纸修改 | <- | <- | <- |  |  |  |  |  |  |  |  |  |  | 
| 2025-03-12 | 660B | 08:30:00 | 20:00:00 | 3.0 | 11.0 | V540 数据图纸修改 | <- | <- | <- |  |  |  |  |  |  |  |  |  |  | 
| 2025-03-13 | 660B | 08:30:00 | 20:00:00 | 3.0 | 11.0 | V540 数据图纸修改 | <- | <- | <- |  |  |  |  |  |  |  |  |  |  | 
| 2025-03-14 | 660B | 08:30:00 | 20:00:00 | 3.0 | 11.0 | V540 数据图纸修改 | <- | <- | <- |  |  |  |  |  |  |  |  |  |  | 
| 2025-03-15 |  |  |  |  |  |  | <- | <- | <- |  |  |  |  |  |  |  |  |  |  | 
| 2025-03-16 |  |  |  |  |  |  | <- | <- | <- |  |  |  |  |  |  |  |  |  |  | 
| 2025-03-17 | 660B | 08:30:00 | 20:00:00 | 3.0 | 11.0 | V540 数据图纸修改 | <- | <- | <- |  |  |  |  |  |  |  |  |  |  | 
| 2025-03-18 | 660B | 08:30:00 | 20:00:00 | 3.0 | 11.0 | V540 数据图纸修改 | <- | <- | <- |  |  |  |  |  |  |  |  |  |  | 
| 2025-03-19 | 660B | 08:30:00 | 20:30:00 | 3.5 | 11.5 | V540 数据图纸修改 | <- | <- | <- |  |  |  |  |  |  |  |  |  |  | 
| 2025-03-20 | 660B | 08:30:00 | 20:00:00 | 3.0 | 11.0 | V540 数据图纸修改 | <- | <- | <- |  |  |  |  |  |  |  |  |  |  | 
| 2025-03-21 | 660B | 08:30:00 | 20:00:00 | 3.0 | 11.0 | V540 数据图纸修改 | <- | <- | <- |  |  |  |  |  |  |  |  |  |  | 
| 2025-03-22 |  |  |  |  |  |  | <- | <- | <- |  |  |  |  |  |  |  |  |  |  | 
| 2025-03-23 |  |  |  |  |  |  | <- | <- | <- |  |  |  |  |  |  |  |  |  |  | 
| 2025-03-24 | 660B | 08:30:00 | 20:00:00 | 3.0 | 11.0 | V540 数据图纸修改 | <- | <- | <- |  |  |  |  |  |  |  |  |  |  | 
| 2025-03-25 | 660B | 08:30:00 | 20:00:00 | 3.0 | 11.0 | V540 数据图纸修改 | <- | <- | <- |  |  |  |  |  |  |  |  |  |  | 
| 2025-03-26 | 660B | 08:30:00 | 20:00:00 | 3.0 | 11.0 | V540 数据图纸修改 | <- | <- | <- |  |  |  |  |  |  |  |  |  |  | 
| 2025-03-27 | 660B | 08:30:00 | 20:00:00 | 3.0 | 11.0 | EF2H 3D数据 | <- | <- | <- |  |  |  |  |  |  |  |  |  |  | 
| 2025-03-28 | 660B | 08:30:00 | 20:00:00 | 3.0 | 11.0 | EF2H 3D数据 | <- | <- | <- |  |  |  |  |  |  |  |  |  |  | 
| 2025-03-29 | 660B | 10:00:00 | 12:00:00 | 1.5 | 1.5 | EF2H 3D数据 | <- | <- | <- |  |  |  |  |  |  |  |  |  |  | 
| 2025-03-30 |  |  |  |  |  |  | <- | <- | <- |  |  |  |  |  |  |  |  |  |  | 
| 2025-03-31 | 660B | 08:30:00 | 20:00:00 | 3.0 | 11.0 | EF2H 3D数据 | <- | <- | <- |  |  |  |  |  |  |  |  |  |  | 
| 2025-04-01 |  |  |  |  |  |  | <- | <- | <- |  |  |  |  |  |  |  |  |  |  | 
| 工时统计 | 项目名称 | 项目编号 | 加班 | <- | 工时 | 项目工程师签字 | <- | <- | <- |  |  |  |  |  |  |  |  |  |  | 
| ^ | 660B |  | 60.5 | <- | 228.5 |  | <- | <- | <- |  |  |  |  |  |  |  |  |  |  | 
| ^ |  |  |  | <- |  |  | <- | <- | <- |  |  |  |  |  |  |  |  |  |  | 
| ^ |  |  |  | <- |  |  | <- | <- | <- |  |  |  |  |  |  |  |  |  |  | 
| ^ |  |  |  | <- |  |  | <- | <- | <- |  |  |  |  |  |  |  |  |  |  | 
| 总计工时 | 228.50 | <- | 经理签字： | <- | <- |  | <- | <- | <- |  |  |  |  |  |  |  |  |  |  | 


## 工作表: Sheet1

| A | B | C | D | E | F | 
|  --- | --- | --- | --- | --- | --- |
|  |  |  | 一年调整一次，请勿随意删除 | <- | <- | 
|  |  |  | 2025 | <- | <- | 
| 年 | 月 |  | 节假日 | 调休加班日 |  | 
| 1905-07-17 | 3 |  | 45658 | 45683 |  | 
|  |  |  | 45685 | 45696 |  | 
|  |  |  | 45686 | 45774 |  | 
|  |  |  | 45687 | 45928 |  | 
|  |  |  | 45688 | 45941 |  | 
|  |  |  | 45689 |  |  | 
|  |  |  | 45690 |  |  | 
|  |  |  | 45691 |  |  | 
|  |  |  | 45692 |  |  | 
|  |  |  | 45751 |  |  | 
|  |  |  | 45752 |  |  | 
|  |  |  | 45753 |  |  | 
|  |  |  | 45778 |  |  | 
|  |  |  | 45779 |  |  | 
|  |  |  | 45780 |  |  | 
|  |  |  | 45781 |  |  | 
|  |  |  | 45782 |  |  | 
|  |  |  | 45808 |  |  | 
|  |  |  | 45809 |  |  | 
|  |  |  | 45810 |  |  | 
|  |  |  | 45931 |  |  | 
|  |  |  | 45932 |  |  | 
|  |  |  | 45933 |  |  | 
|  |  |  | 45934 |  |  | 
|  |  |  | 45935 |  |  | 
|  |  |  | 45936 |  |  | 
|  |  |  | 45937 |  |  | 
|  |  |  | 45938 |  |  | 



2025-05-20 10:57:50,739 - INFO - 请求成功，状态码: 200
2025-05-20 10:57:50,740 - INFO - 模型返回：{"employee_name":"蔡爽", "company_name":"重庆延锋安道拓"}

2025-05-20 10:57:50,740 - INFO - 解析模型返回：
 - 员工姓名：蔡爽,  - 公司名称：重庆延锋安道拓
2025-05-20 10:57:50,741 - INFO - 

从表格文本中，提取汇总数据...
2025-05-20 10:57:50,741 - INFO - 发送请求到模型API...
2025-05-20 10:57:50,742 - INFO - system_prompt：
你是一个专业的工时数据提取助手。用户会提供给你一份Excel工时表，已转换为Markdown格式。你需要提取出表格中的按照项目做统计的工时汇总数据。将提取结果以JSON格式输出。以项目名称作为key为项目名称，value为包含加班和工时的字典。

markdown格式的表格中合并单元格表示法：
   - "^" 符号表示该单元格与上方单元格合并（纵向合并）
   - "<-" 符号表示该单元格与左侧单元格合并（横向合并）
   - "^<-" 符号表示该单元格同时与上方和左侧单元格合并（纵横合并）

你可以按照以下步骤进行分析：
1. 首先，定位表格中工时统计汇总数据，通常在表格的下方。
2. 读取工时统计汇总数据，包含项目名称、项目编号、加班、工时等。项目编号可能为空。
3. 整理所有数据，以JSON格式输。key为项目名称，value为包含加班`overtime_hours`和工时`total_hours`的字典。

注意：
1.直接返回结果，不要包含任何解释或说明。
2.输出结果必须严格按照无语法错误的JSON格式输出，不能有任何其他格式。

以JSON格式输出结果，示例输出如下：
示例1：
{"D11":{"overtime_hours":20,"total_hours":120}, "A12":{"overtime_hours":6,"total_hours":14}, "B13":{"overtime_hours":1,"total_hours":10}}
示例2：
{"D11":{"overtime_hours":20,"total_hours":120}, "A12":{"overtime_hours":6,"total_hours":14}}

2025-05-20 10:57:50,744 - INFO - user_prompt：## 工作表: 蔡爽

| A | B | C | D | E | F | G | H | I | J | K | L | M | N | O | P | Q | R | S | T | 
|  --- | --- | --- | --- | --- | --- | --- | --- | --- | --- | --- | --- | --- | --- | --- | --- | --- | --- | --- | --- |
| 重庆延锋安道拓 | <- | 上海睿励信息技术有限公司 工时记录表 | <- | <- | <- | <- | <- | <- | <- |  |  |  |  |  |  |  |  |  |  | 
| ^ | ^<- | 供应商 |  | <- | <- | <- | <- | <- | <- |  |  |  |  |  |  |  |  |  |  | 
| 工程师 | 蔡爽 | <- | 负责人 | 向阳 | 电话 | 15123462783 | <- | <- | <- |  |  |  |  |  |  |  |  |  |  | 
| 日期 | 项目名称 | 开始工作时间 | 工作结束时间 | 加班时间 | 总工作时间 | 备注 | <- | <- | <- |  |  |  |  |  |  |  |  |  |  | 
| 2025-03-01 |  |  |  |  |  |  | <- | <- | <- |  |  |  |  |  |  |  |  |  |  | 
| 2025-03-02 |  |  |  |  |  |  | <- | <- | <- |  |  |  |  |  |  |  |  |  |  | 
| 2025-03-03 | 660B | 08:30:00 | 20:00:00 | 3.0 | 11.0 | V540 数据图纸修改 | <- | <- | <- |  |  |  |  |  |  |  |  |  |  | 
| 2025-03-04 | 660B | 08:30:00 | 20:00:00 | 3.0 | 11.0 | V540 数据图纸修改 | <- | <- | <- |  |  |  |  |  |  |  |  |  |  | 
| 2025-03-05 | 660B | 08:30:00 | 20:30:00 | 3.5 | 11.5 | V540 数据图纸修改 | <- | <- | <- |  |  |  |  |  |  |  |  |  |  | 
| 2025-03-06 | 660B | 08:30:00 | 18:00:00 | 1.0 | 9.0 | V540 数据图纸修改 | <- | <- | <- |  |  |  |  |  |  |  |  |  |  | 
| 2025-03-07 | 660B | 08:30:00 | 17:00:00 | 0.0 | 8.0 | V540 数据图纸修改 | <- | <- | <- |  |  |  |  |  |  |  |  |  |  | 
| 2025-03-08 |  |  |  |  |  |  | <- | <- | <- |  |  |  |  |  |  |  |  |  |  | 
| 2025-03-09 |  |  |  |  |  |  | <- | <- | <- |  |  |  |  |  |  |  |  |  |             | 
| 2025-03-10 | 660B | 08:30:00 | 20:00:00 | 3.0 | 11.0 | V540 数据图纸修改 | <- | <- | <- |  |  |  |  |  |  |  |  |  |  | 
| 2025-03-11 | 660B | 08:30:00 | 20:00:00 | 3.0 | 11.0 | V540 数据图纸修改 | <- | <- | <- |  |  |  |  |  |  |  |  |  |  | 
| 2025-03-12 | 660B | 08:30:00 | 20:00:00 | 3.0 | 11.0 | V540 数据图纸修改 | <- | <- | <- |  |  |  |  |  |  |  |  |  |  | 
| 2025-03-13 | 660B | 08:30:00 | 20:00:00 | 3.0 | 11.0 | V540 数据图纸修改 | <- | <- | <- |  |  |  |  |  |  |  |  |  |  | 
| 2025-03-14 | 660B | 08:30:00 | 20:00:00 | 3.0 | 11.0 | V540 数据图纸修改 | <- | <- | <- |  |  |  |  |  |  |  |  |  |  | 
| 2025-03-15 |  |  |  |  |  |  | <- | <- | <- |  |  |  |  |  |  |  |  |  |  | 
| 2025-03-16 |  |  |  |  |  |  | <- | <- | <- |  |  |  |  |  |  |  |  |  |  | 
| 2025-03-17 | 660B | 08:30:00 | 20:00:00 | 3.0 | 11.0 | V540 数据图纸修改 | <- | <- | <- |  |  |  |  |  |  |  |  |  |  | 
| 2025-03-18 | 660B | 08:30:00 | 20:00:00 | 3.0 | 11.0 | V540 数据图纸修改 | <- | <- | <- |  |  |  |  |  |  |  |  |  |  | 
| 2025-03-19 | 660B | 08:30:00 | 20:30:00 | 3.5 | 11.5 | V540 数据图纸修改 | <- | <- | <- |  |  |  |  |  |  |  |  |  |  | 
| 2025-03-20 | 660B | 08:30:00 | 20:00:00 | 3.0 | 11.0 | V540 数据图纸修改 | <- | <- | <- |  |  |  |  |  |  |  |  |  |  | 
| 2025-03-21 | 660B | 08:30:00 | 20:00:00 | 3.0 | 11.0 | V540 数据图纸修改 | <- | <- | <- |  |  |  |  |  |  |  |  |  |  | 
| 2025-03-22 |  |  |  |  |  |  | <- | <- | <- |  |  |  |  |  |  |  |  |  |  | 
| 2025-03-23 |  |  |  |  |  |  | <- | <- | <- |  |  |  |  |  |  |  |  |  |  | 
| 2025-03-24 | 660B | 08:30:00 | 20:00:00 | 3.0 | 11.0 | V540 数据图纸修改 | <- | <- | <- |  |  |  |  |  |  |  |  |  |  | 
| 2025-03-25 | 660B | 08:30:00 | 20:00:00 | 3.0 | 11.0 | V540 数据图纸修改 | <- | <- | <- |  |  |  |  |  |  |  |  |  |  | 
| 2025-03-26 | 660B | 08:30:00 | 20:00:00 | 3.0 | 11.0 | V540 数据图纸修改 | <- | <- | <- |  |  |  |  |  |  |  |  |  |  | 
| 2025-03-27 | 660B | 08:30:00 | 20:00:00 | 3.0 | 11.0 | EF2H 3D数据 | <- | <- | <- |  |  |  |  |  |  |  |  |  |  | 
| 2025-03-28 | 660B | 08:30:00 | 20:00:00 | 3.0 | 11.0 | EF2H 3D数据 | <- | <- | <- |  |  |  |  |  |  |  |  |  |  | 
| 2025-03-29 | 660B | 10:00:00 | 12:00:00 | 1.5 | 1.5 | EF2H 3D数据 | <- | <- | <- |  |  |  |  |  |  |  |  |  |  | 
| 2025-03-30 |  |  |  |  |  |  | <- | <- | <- |  |  |  |  |  |  |  |  |  |  | 
| 2025-03-31 | 660B | 08:30:00 | 20:00:00 | 3.0 | 11.0 | EF2H 3D数据 | <- | <- | <- |  |  |  |  |  |  |  |  |  |  | 
| 2025-04-01 |  |  |  |  |  |  | <- | <- | <- |  |  |  |  |  |  |  |  |  |  | 
| 工时统计 | 项目名称 | 项目编号 | 加班 | <- | 工时 | 项目工程师签字 | <- | <- | <- |  |  |  |  |  |  |  |  |  |  | 
| ^ | 660B |  | 60.5 | <- | 228.5 |  | <- | <- | <- |  |  |  |  |  |  |  |  |  |  | 
| ^ |  |  |  | <- |  |  | <- | <- | <- |  |  |  |  |  |  |  |  |  |  | 
| ^ |  |  |  | <- |  |  | <- | <- | <- |  |  |  |  |  |  |  |  |  |  | 
| ^ |  |  |  | <- |  |  | <- | <- | <- |  |  |  |  |  |  |  |  |  |  | 
| 总计工时 | 228.50 | <- | 经理签字： | <- | <- |  | <- | <- | <- |  |  |  |  |  |  |  |  |  |  | 


## 工作表: Sheet1

| A | B | C | D | E | F | 
|  --- | --- | --- | --- | --- | --- |
|  |  |  | 一年调整一次，请勿随意删除 | <- | <- | 
|  |  |  | 2025 | <- | <- | 
| 年 | 月 |  | 节假日 | 调休加班日 |  | 
| 1905-07-17 | 3 |  | 45658 | 45683 |  | 
|  |  |  | 45685 | 45696 |  | 
|  |  |  | 45686 | 45774 |  | 
|  |  |  | 45687 | 45928 |  | 
|  |  |  | 45688 | 45941 |  | 
|  |  |  | 45689 |  |  | 
|  |  |  | 45690 |  |  | 
|  |  |  | 45691 |  |  | 
|  |  |  | 45692 |  |  | 
|  |  |  | 45751 |  |  | 
|  |  |  | 45752 |  |  | 
|  |  |  | 45753 |  |  | 
|  |  |  | 45778 |  |  | 
|  |  |  | 45779 |  |  | 
|  |  |  | 45780 |  |  | 
|  |  |  | 45781 |  |  | 
|  |  |  | 45782 |  |  | 
|  |  |  | 45808 |  |  | 
|  |  |  | 45809 |  |  | 
|  |  |  | 45810 |  |  | 
|  |  |  | 45931 |  |  | 
|  |  |  | 45932 |  |  | 
|  |  |  | 45933 |  |  | 
|  |  |  | 45934 |  |  | 
|  |  |  | 45935 |  |  | 
|  |  |  | 45936 |  |  | 
|  |  |  | 45937 |  |  | 
|  |  |  | 45938 |  |  | 



2025-05-20 10:57:53,136 - INFO - 请求成功，状态码: 200
2025-05-20 10:57:53,137 - INFO - 模型返回：
{"660B":{"overtime_hours":60.5,"total_hours":228.5}}

2025-05-20 10:57:53,137 - INFO - 源数据表中的工时汇总数据：{'660B': {'overtime_hours': 60.5, 'total_hours': 228.5}}
2025-05-20 10:57:53,140 - INFO - 上传文件: ['D:/sotos工作资料/test/2\\兰军工时表-重庆安道拓-2025年04月.xlsx', 'D:/sotos工作资料/test/2\\刘权银工时表-重庆安道拓-2025年04月.xlsx', 'D:/sotos工作资料/test/2\\姬怀仁工时表-重庆安道拓-2025年4月.xlsx', 'D:/sotos工作资料/test/2\\廖雨工时表-重庆安道拓-2025年04月.xlsx', 'D:/sotos工作资料/test/2\\李杨工时表-重庆安道拓-2025年04月.xlsx', 'D:/sotos工作资料/test/2\\李胜祥工时表-重庆安道拓-2025年04月.xlsx', 'D:/sotos工作资料/test/2\\欧家冀工时表-重庆安道拓-2025年04月.xlsx', 'D:/sotos工作资料/test/2\\江爱林工时表-重庆安道拓-2025年04月 .xlsx', 'D:/sotos工作资料/test/2\\皮江涛工时表-重庆安道拓-2025年04月.xlsx', 'D:/sotos工作资料/test/2\\黄力升工时表-重庆安道拓-2025年04月.xlsx']
2025-05-20 10:57:53,140 - INFO - 文件处理进度：1 / 10
2025-05-20 10:57:53,141 - INFO - 开始处理工时文件：D:/sotos工作资料/test/2\兰军工时表-重庆安道拓-2025年04月.xlsx
2025-05-20 10:57:53,246 - INFO - Excel表格提取文本：
## 工作表: 兰军

| A | B | C | D | E | F | G | H | I | J | 
|  --- | --- | --- | --- | --- | --- | --- | --- | --- | --- |
| 重庆延锋安道拓 | <- | 上海睿励信息技术有限公司 工时记录表 | <- | <- | <- | <- | <- | <- | <- | 
| ^ | ^<- | 供应商 |  | <- | <- | <- | <- | <- | <- | 
| 工程师 | 兰军 | <- | 负责人 | 谭红炜 | 电话 | 18696684656 | <- | <- | <- | 
| 日期 | 项目名称 | 开始工作时间 | 工作结束时间 | 加班时间 | 总工作时间 | 备注 | <- | <- | <- | 
| 2025-04-01 | VAN EA | 08:30:00 | 20:00:00 | 3.0 | 11.0 | VAN EA CN发放资料整理更新 | <- | <- | <- | 
| 2025-04-02 | VAN EA | 08:30:00 | 20:00:00 | 3.0 | 11.0 | VAN EA CN发放资料整理更新 | <- | <- | <- | 
| 2025-04-03 | V530 | 09:00:00 | 18:00:00 | 0.5 | 8.5 | 靠背钢丝加载力与变形统计 | <- | <- | <- | 
| 2025-04-04 |  |  |  |  |  |  | <- | <- | <- | 
| 2025-04-05 |  |  |  |  |  |  | <- | <- | <- | 
| 2025-04-06 |  |  |  |  |  |  | <- | <- | <- | 
| 2025-04-07 | VAN EA | 08:30:00 | 20:00:00 | 3.0 | 11.0 | VAN EA CN发放资料整理更新 | <- | <- | <- | 
| 2025-04-08 | VAN EA | 09:00:00 | 20:00:00 | 2.5 | 10.5 | VAN EA CN发放资料整理更新 | <- | <- | <- | 
| 2025-04-09 | VAN EA | 09:00:00 | 20:00:00 | 2.5 | 10.5 | VAN EA CN发放资料整理更新 | <- | <- | <- | 
| 2025-04-10 | V530 | 09:00:00 | 20:00:00 | 2.5 | 10.5 | 后排高配整椅安装说明 | <- | <- | <- | 
| 2025-04-11 | V530 | 08:30:00 | 19:00:00 | 2.0 | 10.0 | 后排高配整椅安装说明 | <- | <- | <- | 
| 2025-04-12 |  |  |  |  |  |  | <- | <- | <- | 
| 2025-04-13 |  |  |  |  |  |  | <- | <- | <- | 
| 2025-04-14 | V530 | 09:00:00 | 17:30:00 | 0.0 | 8.0 | 后排高配整椅安装说明 | <- | <- | <- | 
| 2025-04-15 | VAN EA | 09:00:00 | 20:00:00 | 2.5 | 10.5 | VAN EA CN发放资料整理更新 | <- | <- | <- | 
| 2025-04-16 | VAN EA | 09:00:00 | 19:30:00 | 2.0 | 10.0 | VAN EA CN发放资料整理更新 | <- | <- | <- | 
| 2025-04-17 | V530 | 08:30:00 | 19:00:00 | 2.0 | 10.0 | 后排高配骨架海德堡检查 | <- | <- | <- | 
| 2025-04-18 | V530 | 08:30:00 | 18:30:00 | 1.5 | 9.5 | 后排高配骨架海德堡检查 | <- | <- | <- | 
| 2025-04-19 |  |  |  |  |  |  | <- | <- | <- | 
| 2025-04-20 |  |  |  |  |  |  | <- | <- | <- | 
| 2025-04-21 | VAN EA | 08:30:00 | 20:00:00 | 3.0 | 11.0 | 后排高配扶手数据 | <- | <- | <- | 
| 2025-04-22 | V530 | 08:30:00 | 18:30:00 | 1.5 | 9.5 | 后排高配骨架海德堡检查 | <- | <- | <- | 
| 2025-04-23 | V530 | 08:30:00 | 20:00:00 | 3.0 | 11.0 | 后排高配BOM整理 | <- | <- | <- | 
| 2025-04-24 | V530 | 08:30:00 | 20:30:00 | 3.5 | 11.5 | 后排低配骨架海德堡检查 | <- | <- | <- | 
| 2025-04-25 | V530 | 08:30:00 | 20:00:00 | 3.0 | 11.0 | 后排低配骨架海德堡检查 | <- | <- | <- | 
| 2025-04-26 |  |  |  |  |  |  | <- | <- | <- | 
| 2025-04-27 | V530 | 08:30:00 | 20:00:00 | 3.0 | 11.0 | 后排低配VBOM整理 | <- | <- | <- | 
| 2025-04-28 | VAN EA | 08:30:00 | 21:00:00 | 4.0 | 12.0 | VAN EA CN发放资料整理更新 | <- | <- | <- | 
| 2025-04-29 | VAN EA | 08:30:00 | 20:00:00 | 3.0 | 11.0 | VAN EA CN发放资料整理更新 | <- | <- | <- | 
| 2025-04-30 | VAN EA | 08:30:00 | 19:00:00 | 2.0 | 10.0 | VAN EA CN发放资料整理更新 | <- | <- | <- | 
| 工时统计 | 项目名称 | 项目编号 | 加班 | <- | 工时 | 项目工程师签字 | <- | <- | <- | 
| ^ | VAN EA |  | 30.5 | <- | 118.5 |  | <- | <- | <- | 
| ^ | V530 |  | 22.5 | <- | 110.5 |  | <- | <- | <- | 
| ^ |  |  |  | <- |  |  | <- | <- | <- | 
| ^ |  |  |  | <- |  |  | <- | <- | <- | 
| 总计工时 | 229.0 | <- | 经理签字： | <- | <- |  | <- | <- | <- | 


## 工作表: Sheet1

| A | B | C | D | E | F | 
|  --- | --- | --- | --- | --- | --- |
|  |  |  | 一年调整一次，请勿随意删除 | <- | <- | 
|  |  |  | 2025 | <- | <- | 
| 年 | 月 |  | 节假日 | 调休加班日 |  | 
| 1905-07-17 | 4 |  | 45658 | 45683 |  | 
|  |  |  | 45685 | 45696 |  | 
|  |  |  | 45686 | 45774 |  | 
|  |  |  | 45687 | 45928 |  | 
|  |  |  | 45688 | 45941 |  | 
|  |  |  | 45689 |  |  | 
|  |  |  | 45690 |  |  | 
|  |  |  | 45691 |  |  | 
|  |  |  | 45692 |  |  | 
|  |  |  | 45751 |  |  | 
|  |  |  | 45752 |  |  | 
|  |  |  | 45753 |  |  | 
|  |  |  | 45778 |  |  | 
|  |  |  | 45779 |  |  | 
|  |  |  | 45780 |  |  | 
|  |  |  | 45781 |  |  | 
|  |  |  | 45782 |  |  | 
|  |  |  | 45808 |  |  | 
|  |  |  | 45809 |  |  | 
|  |  |  | 45810 |  |  | 
|  |  |  | 45931 |  |  | 
|  |  |  | 45932 |  |  | 
|  |  |  | 45933 |  |  | 
|  |  |  | 45934 |  |  | 
|  |  |  | 45935 |  |  | 
|  |  |  | 45936 |  |  | 
|  |  |  | 45937 |  |  | 
|  |  |  | 45938 |  |  | 



2025-05-20 10:57:53,256 - INFO - 从表格文本中，提取员工姓名和公司名称...
2025-05-20 10:57:53,257 - INFO - 发送请求到模型API...
2025-05-20 10:57:53,257 - INFO - system_prompt：
你是一个专业的表格信息提取助手。用户会提供给你一份Excel工时表，已转换为Markdown格式。你需要提取出表格包含的员工姓名`employee_name`和公司名称`company_name`。以JSON格式输出结果，包含`employee_name`和`company_name`两个字段。如果无法提取到员工姓名和公司名称，请返回空字符串。

markdown格式的表格中合并单元格表示法：
   - "^" 符号表示该单元格与上方单元格合并（纵向合并）
   - "<-" 符号表示该单元格与左侧单元格合并（横向合并）
   - "^<-" 符号表示该单元格同时与上方和左侧单元格合并（纵横合并）

比如：{"employee_name":"张三", "company_name":"XXX公司"}
注意：直接返回结果，不要包含任何解释或说明。

2025-05-20 10:57:53,259 - INFO - user_prompt：## 工作表: 兰军

| A | B | C | D | E | F | G | H | I | J | 
|  --- | --- | --- | --- | --- | --- | --- | --- | --- | --- |
| 重庆延锋安道拓 | <- | 上海睿励信息技术有限公司 工时记录表 | <- | <- | <- | <- | <- | <- | <- | 
| ^ | ^<- | 供应商 |  | <- | <- | <- | <- | <- | <- | 
| 工程师 | 兰军 | <- | 负责人 | 谭红炜 | 电话 | 18696684656 | <- | <- | <- | 
| 日期 | 项目名称 | 开始工作时间 | 工作结束时间 | 加班时间 | 总工作时间 | 备注 | <- | <- | <- | 
| 2025-04-01 | VAN EA | 08:30:00 | 20:00:00 | 3.0 | 11.0 | VAN EA CN发放资料整理更新 | <- | <- | <- | 
| 2025-04-02 | VAN EA | 08:30:00 | 20:00:00 | 3.0 | 11.0 | VAN EA CN发放资料整理更新 | <- | <- | <- | 
| 2025-04-03 | V530 | 09:00:00 | 18:00:00 | 0.5 | 8.5 | 靠背钢丝加载力与变形统计 | <- | <- | <- | 
| 2025-04-04 |  |  |  |  |  |  | <- | <- | <- | 
| 2025-04-05 |  |  |  |  |  |  | <- | <- | <- | 
| 2025-04-06 |  |  |  |  |  |  | <- | <- | <- | 
| 2025-04-07 | VAN EA | 08:30:00 | 20:00:00 | 3.0 | 11.0 | VAN EA CN发放资料整理更新 | <- | <- | <- | 
| 2025-04-08 | VAN EA | 09:00:00 | 20:00:00 | 2.5 | 10.5 | VAN EA CN发放资料整理更新 | <- | <- | <- | 
| 2025-04-09 | VAN EA | 09:00:00 | 20:00:00 | 2.5 | 10.5 | VAN EA CN发放资料整理更新 | <- | <- | <- | 
| 2025-04-10 | V530 | 09:00:00 | 20:00:00 | 2.5 | 10.5 | 后排高配整椅安装说明 | <- | <- | <- | 
| 2025-04-11 | V530 | 08:30:00 | 19:00:00 | 2.0 | 10.0 | 后排高配整椅安装说明 | <- | <- | <- | 
| 2025-04-12 |  |  |  |  |  |  | <- | <- | <- | 
| 2025-04-13 |  |  |  |  |  |  | <- | <- | <- | 
| 2025-04-14 | V530 | 09:00:00 | 17:30:00 | 0.0 | 8.0 | 后排高配整椅安装说明 | <- | <- | <- | 
| 2025-04-15 | VAN EA | 09:00:00 | 20:00:00 | 2.5 | 10.5 | VAN EA CN发放资料整理更新 | <- | <- | <- | 
| 2025-04-16 | VAN EA | 09:00:00 | 19:30:00 | 2.0 | 10.0 | VAN EA CN发放资料整理更新 | <- | <- | <- | 
| 2025-04-17 | V530 | 08:30:00 | 19:00:00 | 2.0 | 10.0 | 后排高配骨架海德堡检查 | <- | <- | <- | 
| 2025-04-18 | V530 | 08:30:00 | 18:30:00 | 1.5 | 9.5 | 后排高配骨架海德堡检查 | <- | <- | <- | 
| 2025-04-19 |  |  |  |  |  |  | <- | <- | <- | 
| 2025-04-20 |  |  |  |  |  |  | <- | <- | <- | 
| 2025-04-21 | VAN EA | 08:30:00 | 20:00:00 | 3.0 | 11.0 | 后排高配扶手数据 | <- | <- | <- | 
| 2025-04-22 | V530 | 08:30:00 | 18:30:00 | 1.5 | 9.5 | 后排高配骨架海德堡检查 | <- | <- | <- | 
| 2025-04-23 | V530 | 08:30:00 | 20:00:00 | 3.0 | 11.0 | 后排高配BOM整理 | <- | <- | <- | 
| 2025-04-24 | V530 | 08:30:00 | 20:30:00 | 3.5 | 11.5 | 后排低配骨架海德堡检查 | <- | <- | <- | 
| 2025-04-25 | V530 | 08:30:00 | 20:00:00 | 3.0 | 11.0 | 后排低配骨架海德堡检查 | <- | <- | <- | 
| 2025-04-26 |  |  |  |  |  |  | <- | <- | <- | 
| 2025-04-27 | V530 | 08:30:00 | 20:00:00 | 3.0 | 11.0 | 后排低配VBOM整理 | <- | <- | <- | 
| 2025-04-28 | VAN EA | 08:30:00 | 21:00:00 | 4.0 | 12.0 | VAN EA CN发放资料整理更新 | <- | <- | <- | 
| 2025-04-29 | VAN EA | 08:30:00 | 20:00:00 | 3.0 | 11.0 | VAN EA CN发放资料整理更新 | <- | <- | <- | 
| 2025-04-30 | VAN EA | 08:30:00 | 19:00:00 | 2.0 | 10.0 | VAN EA CN发放资料整理更新 | <- | <- | <- | 
| 工时统计 | 项目名称 | 项目编号 | 加班 | <- | 工时 | 项目工程师签字 | <- | <- | <- | 
| ^ | VAN EA |  | 30.5 | <- | 118.5 |  | <- | <- | <- | 
| ^ | V530 |  | 22.5 | <- | 110.5 |  | <- | <- | <- | 
| ^ |  |  |  | <- |  |  | <- | <- | <- | 
| ^ |  |  |  | <- |  |  | <- | <- | <- | 
| 总计工时 | 229.0 | <- | 经理签字： | <- | <- |  | <- | <- | <- | 


## 工作表: Sheet1

| A | B | C | D | E | F | 
|  --- | --- | --- | --- | --- | --- |
|  |  |  | 一年调整一次，请勿随意删除 | <- | <- | 
|  |  |  | 2025 | <- | <- | 
| 年 | 月 |  | 节假日 | 调休加班日 |  | 
| 1905-07-17 | 4 |  | 45658 | 45683 |  | 
|  |  |  | 45685 | 45696 |  | 
|  |  |  | 45686 | 45774 |  | 
|  |  |  | 45687 | 45928 |  | 
|  |  |  | 45688 | 45941 |  | 
|  |  |  | 45689 |  |  | 
|  |  |  | 45690 |  |  | 
|  |  |  | 45691 |  |  | 
|  |  |  | 45692 |  |  | 
|  |  |  | 45751 |  |  | 
|  |  |  | 45752 |  |  | 
|  |  |  | 45753 |  |  | 
|  |  |  | 45778 |  |  | 
|  |  |  | 45779 |  |  | 
|  |  |  | 45780 |  |  | 
|  |  |  | 45781 |  |  | 
|  |  |  | 45782 |  |  | 
|  |  |  | 45808 |  |  | 
|  |  |  | 45809 |  |  | 
|  |  |  | 45810 |  |  | 
|  |  |  | 45931 |  |  | 
|  |  |  | 45932 |  |  | 
|  |  |  | 45933 |  |  | 
|  |  |  | 45934 |  |  | 
|  |  |  | 45935 |  |  | 
|  |  |  | 45936 |  |  | 
|  |  |  | 45937 |  |  | 
|  |  |  | 45938 |  |  | 



2025-05-20 10:57:55,019 - INFO - 请求成功，状态码: 200
2025-05-20 10:57:55,020 - INFO - 模型返回：{"employee_name":"兰军", "company_name":"重庆延锋安道拓"}

2025-05-20 10:57:55,020 - INFO - 解析模型返回：
 - 员工姓名：兰军,  - 公司名称：重庆延锋安道拓
2025-05-20 10:57:55,021 - INFO - 

从表格文本中，提取汇总数据...
2025-05-20 10:57:55,021 - INFO - 发送请求到模型API...
2025-05-20 10:57:55,022 - INFO - system_prompt：
你是一个专业的工时数据提取助手。用户会提供给你一份Excel工时表，已转换为Markdown格式。你需要提取出表格中的按照项目做统计的工时汇总数据。将提取结果以JSON格式输出。以项目名称作为key为项目名称，value为包含加班和工时的字典。

markdown格式的表格中合并单元格表示法：
   - "^" 符号表示该单元格与上方单元格合并（纵向合并）
   - "<-" 符号表示该单元格与左侧单元格合并（横向合并）
   - "^<-" 符号表示该单元格同时与上方和左侧单元格合并（纵横合并）

你可以按照以下步骤进行分析：
1. 首先，定位表格中工时统计汇总数据，通常在表格的下方。
2. 读取工时统计汇总数据，包含项目名称、项目编号、加班、工时等。项目编号可能为空。
3. 整理所有数据，以JSON格式输。key为项目名称，value为包含加班`overtime_hours`和工时`total_hours`的字典。

注意：
1.直接返回结果，不要包含任何解释或说明。
2.输出结果必须严格按照无语法错误的JSON格式输出，不能有任何其他格式。

以JSON格式输出结果，示例输出如下：
示例1：
{"D11":{"overtime_hours":20,"total_hours":120}, "A12":{"overtime_hours":6,"total_hours":14}, "B13":{"overtime_hours":1,"total_hours":10}}
示例2：
{"D11":{"overtime_hours":20,"total_hours":120}, "A12":{"overtime_hours":6,"total_hours":14}}

2025-05-20 10:57:55,024 - INFO - user_prompt：## 工作表: 兰军

| A | B | C | D | E | F | G | H | I | J | 
|  --- | --- | --- | --- | --- | --- | --- | --- | --- | --- |
| 重庆延锋安道拓 | <- | 上海睿励信息技术有限公司 工时记录表 | <- | <- | <- | <- | <- | <- | <- | 
| ^ | ^<- | 供应商 |  | <- | <- | <- | <- | <- | <- | 
| 工程师 | 兰军 | <- | 负责人 | 谭红炜 | 电话 | 18696684656 | <- | <- | <- | 
| 日期 | 项目名称 | 开始工作时间 | 工作结束时间 | 加班时间 | 总工作时间 | 备注 | <- | <- | <- | 
| 2025-04-01 | VAN EA | 08:30:00 | 20:00:00 | 3.0 | 11.0 | VAN EA CN发放资料整理更新 | <- | <- | <- | 
| 2025-04-02 | VAN EA | 08:30:00 | 20:00:00 | 3.0 | 11.0 | VAN EA CN发放资料整理更新 | <- | <- | <- | 
| 2025-04-03 | V530 | 09:00:00 | 18:00:00 | 0.5 | 8.5 | 靠背钢丝加载力与变形统计 | <- | <- | <- | 
| 2025-04-04 |  |  |  |  |  |  | <- | <- | <- | 
| 2025-04-05 |  |  |  |  |  |  | <- | <- | <- | 
| 2025-04-06 |  |  |  |  |  |  | <- | <- | <- | 
| 2025-04-07 | VAN EA | 08:30:00 | 20:00:00 | 3.0 | 11.0 | VAN EA CN发放资料整理更新 | <- | <- | <- | 
| 2025-04-08 | VAN EA | 09:00:00 | 20:00:00 | 2.5 | 10.5 | VAN EA CN发放资料整理更新 | <- | <- | <- | 
| 2025-04-09 | VAN EA | 09:00:00 | 20:00:00 | 2.5 | 10.5 | VAN EA CN发放资料整理更新 | <- | <- | <- | 
| 2025-04-10 | V530 | 09:00:00 | 20:00:00 | 2.5 | 10.5 | 后排高配整椅安装说明 | <- | <- | <- | 
| 2025-04-11 | V530 | 08:30:00 | 19:00:00 | 2.0 | 10.0 | 后排高配整椅安装说明 | <- | <- | <- | 
| 2025-04-12 |  |  |  |  |  |  | <- | <- | <- | 
| 2025-04-13 |  |  |  |  |  |  | <- | <- | <- | 
| 2025-04-14 | V530 | 09:00:00 | 17:30:00 | 0.0 | 8.0 | 后排高配整椅安装说明 | <- | <- | <- | 
| 2025-04-15 | VAN EA | 09:00:00 | 20:00:00 | 2.5 | 10.5 | VAN EA CN发放资料整理更新 | <- | <- | <- | 
| 2025-04-16 | VAN EA | 09:00:00 | 19:30:00 | 2.0 | 10.0 | VAN EA CN发放资料整理更新 | <- | <- | <- | 
| 2025-04-17 | V530 | 08:30:00 | 19:00:00 | 2.0 | 10.0 | 后排高配骨架海德堡检查 | <- | <- | <- | 
| 2025-04-18 | V530 | 08:30:00 | 18:30:00 | 1.5 | 9.5 | 后排高配骨架海德堡检查 | <- | <- | <- | 
| 2025-04-19 |  |  |  |  |  |  | <- | <- | <- | 
| 2025-04-20 |  |  |  |  |  |  | <- | <- | <- | 
| 2025-04-21 | VAN EA | 08:30:00 | 20:00:00 | 3.0 | 11.0 | 后排高配扶手数据 | <- | <- | <- | 
| 2025-04-22 | V530 | 08:30:00 | 18:30:00 | 1.5 | 9.5 | 后排高配骨架海德堡检查 | <- | <- | <- | 
| 2025-04-23 | V530 | 08:30:00 | 20:00:00 | 3.0 | 11.0 | 后排高配BOM整理 | <- | <- | <- | 
| 2025-04-24 | V530 | 08:30:00 | 20:30:00 | 3.5 | 11.5 | 后排低配骨架海德堡检查 | <- | <- | <- | 
| 2025-04-25 | V530 | 08:30:00 | 20:00:00 | 3.0 | 11.0 | 后排低配骨架海德堡检查 | <- | <- | <- | 
| 2025-04-26 |  |  |  |  |  |  | <- | <- | <- | 
| 2025-04-27 | V530 | 08:30:00 | 20:00:00 | 3.0 | 11.0 | 后排低配VBOM整理 | <- | <- | <- | 
| 2025-04-28 | VAN EA | 08:30:00 | 21:00:00 | 4.0 | 12.0 | VAN EA CN发放资料整理更新 | <- | <- | <- | 
| 2025-04-29 | VAN EA | 08:30:00 | 20:00:00 | 3.0 | 11.0 | VAN EA CN发放资料整理更新 | <- | <- | <- | 
| 2025-04-30 | VAN EA | 08:30:00 | 19:00:00 | 2.0 | 10.0 | VAN EA CN发放资料整理更新 | <- | <- | <- | 
| 工时统计 | 项目名称 | 项目编号 | 加班 | <- | 工时 | 项目工程师签字 | <- | <- | <- | 
| ^ | VAN EA |  | 30.5 | <- | 118.5 |  | <- | <- | <- | 
| ^ | V530 |  | 22.5 | <- | 110.5 |  | <- | <- | <- | 
| ^ |  |  |  | <- |  |  | <- | <- | <- | 
| ^ |  |  |  | <- |  |  | <- | <- | <- | 
| 总计工时 | 229.0 | <- | 经理签字： | <- | <- |  | <- | <- | <- | 


## 工作表: Sheet1

| A | B | C | D | E | F | 
|  --- | --- | --- | --- | --- | --- |
|  |  |  | 一年调整一次，请勿随意删除 | <- | <- | 
|  |  |  | 2025 | <- | <- | 
| 年 | 月 |  | 节假日 | 调休加班日 |  | 
| 1905-07-17 | 4 |  | 45658 | 45683 |  | 
|  |  |  | 45685 | 45696 |  | 
|  |  |  | 45686 | 45774 |  | 
|  |  |  | 45687 | 45928 |  | 
|  |  |  | 45688 | 45941 |  | 
|  |  |  | 45689 |  |  | 
|  |  |  | 45690 |  |  | 
|  |  |  | 45691 |  |  | 
|  |  |  | 45692 |  |  | 
|  |  |  | 45751 |  |  | 
|  |  |  | 45752 |  |  | 
|  |  |  | 45753 |  |  | 
|  |  |  | 45778 |  |  | 
|  |  |  | 45779 |  |  | 
|  |  |  | 45780 |  |  | 
|  |  |  | 45781 |  |  | 
|  |  |  | 45782 |  |  | 
|  |  |  | 45808 |  |  | 
|  |  |  | 45809 |  |  | 
|  |  |  | 45810 |  |  | 
|  |  |  | 45931 |  |  | 
|  |  |  | 45932 |  |  | 
|  |  |  | 45933 |  |  | 
|  |  |  | 45934 |  |  | 
|  |  |  | 45935 |  |  | 
|  |  |  | 45936 |  |  | 
|  |  |  | 45937 |  |  | 
|  |  |  | 45938 |  |  | 



2025-05-20 10:57:57,283 - INFO - 请求成功，状态码: 200
2025-05-20 10:57:57,285 - INFO - 模型返回：
{"VAN EA":{"overtime_hours":30.5,"total_hours":118.5},"V530":{"overtime_hours":22.5,"total_hours":110.5}}

2025-05-20 10:57:57,286 - INFO - 源数据表中的工时汇总数据：{'VAN EA': {'overtime_hours': 30.5, 'total_hours': 118.5}, 'V530': {'overtime_hours': 22.5, 'total_hours': 110.5}}
2025-05-20 10:57:57,286 - INFO - 文件处理进度：2 / 10
2025-05-20 10:57:57,286 - INFO - 开始处理工时文件：D:/sotos工作资料/test/2\刘权银工时表-重庆安道拓-2025年04月.xlsx
2025-05-20 10:57:57,448 - INFO - Excel表格提取文本：
## 工作表: 刘权银

| A | B | C | D | E | F | G | H | I | J | 
|  --- | --- | --- | --- | --- | --- | --- | --- | --- | --- |
| 重庆延锋安道拓 | <- | 上海睿励信息技术有限公司 工时记录表 | <- | <- | <- | <- | <- | <- | <- | 
| ^ | ^<- | 供应商 |  | <- | <- | <- | <- | <- | <- | 
| 工程师 | 刘权银 | <- | 负责人 | 王卫强 | 电话 | 18184084507 | <- | <- | <- | 
| 日期 | 项目名称 | 开始工作时间 | 工作结束时间 | 加班时间 | 总工作时间 | 备注 | <- | <- | <- | 
| 2025-04-01 | T9M-2 | 08:00:00 | 20:00:00 | 3.5 | 11.5 | T9M-2 设变 | <- | <- | <- | 
| 2025-04-02 | T9M-2 | 08:00:00 | 20:00:00 | 3.5 | 11.5 | T9M-2 设变 | <- | <- | <- | 
| 2025-04-03 | T9M-2 | 08:00:00 | 18:00:00 | 1.5 | 9.5 | T9M-2 设变 | <- | <- | <- | 
| 2025-04-04 |  |  |  |  |  |  | <- | <- | <- | 
| 2025-04-05 |  |  |  |  |  |  | <- | <- | <- | 
| 2025-04-06 |  |  |  |  |  |  | <- | <- | <- | 
| 2025-04-07 | T9M-2 | 08:00:00 | 20:00:00 | 3.5 | 11.5 | V363旁侧板数据制作 | <- | <- | <- | 
| 2025-04-08 | T9M-2 | 08:00:00 | 20:00:00 | 3.5 | 11.5 | V363旁侧板数据制作 | <- | <- | <- | 
| 2025-04-09 | T9M-2 | 08:00:00 | 20:00:00 | 3.5 | 11.5 | V363旁侧板数据制作 | <- | <- | <- | 
| 2025-04-10 | T9M-2 | 08:00:00 | 20:00:00 | 3.5 | 11.5 | V363旁侧板数据制作 | <- | <- | <- | 
| 2025-04-11 | T9M-2 | 08:00:00 | 19:00:00 | 2.5 | 10.5 | V363旁侧板数据制作 | <- | <- | <- | 
| 2025-04-12 |  |  |  |  |  |  | <- | <- | <- | 
| 2025-04-13 |  |  |  |  |  |  | <- | <- | <- | 
| 2025-04-14 | T9M-2 | 08:00:00 | 20:00:00 | 3.5 | 11.5 | T9M-2 设变 | <- | <- | <- | 
| 2025-04-15 | T9M-2 | 08:00:00 | 20:00:00 | 3.5 | 11.5 | T9M-2 设变 | <- | <- | <- | 
| 2025-04-16 | T9M-2 | 08:00:00 | 20:00:00 | 3.5 | 11.5 | T9M-2 设变 | <- | <- | <- | 
| 2025-04-17 | T9M-2 | 08:00:00 | 20:00:00 | 3.5 | 11.5 | T9M-2 设变 | <- | <- | <- | 
| 2025-04-18 | T9M-2 | 08:00:00 | 19:00:00 | 2.5 | 10.5 | T9M-2 设变 | <- | <- | <- | 
| 2025-04-19 |  |  |  |  |  |  | <- | <- | <- | 
| 2025-04-20 |  |  |  |  |  |  | <- | <- | <- | 
| 2025-04-21 | T9M-2 | 08:00:00 | 20:00:00 | 3.5 | 11.5 | T9M-2 设变 | <- | <- | <- | 
| 2025-04-22 | T9M-2 | 08:00:00 | 20:00:00 | 3.5 | 11.5 | T9M-2 设变 | <- | <- | <- | 
| 2025-04-23 | T9M-2 | 08:00:00 | 20:00:00 | 3.5 | 11.5 | T9M-2 设变 | <- | <- | <- | 
| 2025-04-24 | T9M-2 | 08:00:00 | 20:00:00 | 3.5 | 11.5 | T9M-2 设变 | <- | <- | <- | 
| 2025-04-25 | T9M-2 | 08:00:00 | 20:30:00 | 4.0 | 12.0 | T9M-2 设变 | <- | <- | <- | 
| 2025-04-26 |  |  |  |  |  |  | <- | <- | <- | 
| 2025-04-27 | T9M-2 | 08:00:00 | 20:00:00 | 3.5 | 11.5 | T9M-2 设变 | <- | <- | <- | 
| 2025-04-28 | T9M-2 | 08:00:00 | 20:00:00 | 3.5 | 11.5 | T9M-2 设变 | <- | <- | <- | 
| 2025-04-29 | T9M-2 | 08:00:00 | 20:30:00 | 4.0 | 12.0 | T9M-2 设变 | <- | <- | <- | 
| 2025-04-30 | T9M-2 | 08:00:00 | 18:00:00 | 1.5 | 9.5 | T9M-2 设变 | <- | <- | <- | 
| 2025-05-01 |  |  |  |  |  |  | <- | <- | <- | 
| 工时统计 | 项目名称 | 项目编号 | 加班 | <- | 工时 | 项目工程师签字 | <- | <- | <- | 
| ^ | T9M-2 |  | 72.0 | <- | 248.0 |  | <- | <- | <- | 
| ^ |  |  |  | <- |  |  | <- | <- | <- | 
| ^ |  |  |  | <- |  |  | <- | <- | <- | 
| ^ |  |  |  | <- |  |  | <- | <- | <- | 
| 总计工时 | 248.00 | <- | 经理签字： | <- | <- |  | <- | <- | <- | 


## 工作表: Sheet1

| A | B | C | D | E | F | 
|  --- | --- | --- | --- | --- | --- |
|  |  |  | 一年调整一次，请勿随意删除 | <- | <- | 
|  |  |  | 2025 | <- | <- | 
| 年 | 月 |  | 节假日 | 调休加班日 |  | 
| 1905-07-17 | 4 |  | 45658 | 45683 |  | 
|  |  |  | 45685 | 45696 |  | 
|  |  |  | 45686 | 45774 |  | 
|  |  |  | 45687 | 45928 |  | 
|  |  |  | 45688 | 45941 |  | 
|  |  |  | 45689 |  |  | 
|  |  |  | 45690 |  |  | 
|  |  |  | 45691 |  |  | 
|  |  |  | 45692 |  |  | 
|  |  |  | 45751 |  |  | 
|  |  |  | 45752 |  |  | 
|  |  |  | 45753 |  |  | 
|  |  |  | 45778 |  |  | 
|  |  |  | 45779 |  |  | 
|  |  |  | 45780 |  |  | 
|  |  |  | 45781 |  |  | 
|  |  |  | 45782 |  |  | 
|  |  |  | 45808 |  |  | 
|  |  |  | 45809 |  |  | 
|  |  |  | 45810 |  |  | 
|  |  |  | 45931 |  |  | 
|  |  |  | 45932 |  |  | 
|  |  |  | 45933 |  |  | 
|  |  |  | 45934 |  |  | 
|  |  |  | 45935 |  |  | 
|  |  |  | 45936 |  |  | 
|  |  |  | 45937 |  |  | 
|  |  |  | 45938 |  |  | 



2025-05-20 10:57:57,463 - INFO - 从表格文本中，提取员工姓名和公司名称...
2025-05-20 10:57:57,464 - INFO - 发送请求到模型API...
2025-05-20 10:57:57,465 - INFO - system_prompt：
你是一个专业的表格信息提取助手。用户会提供给你一份Excel工时表，已转换为Markdown格式。你需要提取出表格包含的员工姓名`employee_name`和公司名称`company_name`。以JSON格式输出结果，包含`employee_name`和`company_name`两个字段。如果无法提取到员工姓名和公司名称，请返回空字符串。

markdown格式的表格中合并单元格表示法：
   - "^" 符号表示该单元格与上方单元格合并（纵向合并）
   - "<-" 符号表示该单元格与左侧单元格合并（横向合并）
   - "^<-" 符号表示该单元格同时与上方和左侧单元格合并（纵横合并）

比如：{"employee_name":"张三", "company_name":"XXX公司"}
注意：直接返回结果，不要包含任何解释或说明。

2025-05-20 10:57:57,466 - INFO - user_prompt：## 工作表: 刘权银

| A | B | C | D | E | F | G | H | I | J | 
|  --- | --- | --- | --- | --- | --- | --- | --- | --- | --- |
| 重庆延锋安道拓 | <- | 上海睿励信息技术有限公司 工时记录表 | <- | <- | <- | <- | <- | <- | <- | 
| ^ | ^<- | 供应商 |  | <- | <- | <- | <- | <- | <- | 
| 工程师 | 刘权银 | <- | 负责人 | 王卫强 | 电话 | 18184084507 | <- | <- | <- | 
| 日期 | 项目名称 | 开始工作时间 | 工作结束时间 | 加班时间 | 总工作时间 | 备注 | <- | <- | <- | 
| 2025-04-01 | T9M-2 | 08:00:00 | 20:00:00 | 3.5 | 11.5 | T9M-2 设变 | <- | <- | <- | 
| 2025-04-02 | T9M-2 | 08:00:00 | 20:00:00 | 3.5 | 11.5 | T9M-2 设变 | <- | <- | <- | 
| 2025-04-03 | T9M-2 | 08:00:00 | 18:00:00 | 1.5 | 9.5 | T9M-2 设变 | <- | <- | <- | 
| 2025-04-04 |  |  |  |  |  |  | <- | <- | <- | 
| 2025-04-05 |  |  |  |  |  |  | <- | <- | <- | 
| 2025-04-06 |  |  |  |  |  |  | <- | <- | <- | 
| 2025-04-07 | T9M-2 | 08:00:00 | 20:00:00 | 3.5 | 11.5 | V363旁侧板数据制作 | <- | <- | <- | 
| 2025-04-08 | T9M-2 | 08:00:00 | 20:00:00 | 3.5 | 11.5 | V363旁侧板数据制作 | <- | <- | <- | 
| 2025-04-09 | T9M-2 | 08:00:00 | 20:00:00 | 3.5 | 11.5 | V363旁侧板数据制作 | <- | <- | <- | 
| 2025-04-10 | T9M-2 | 08:00:00 | 20:00:00 | 3.5 | 11.5 | V363旁侧板数据制作 | <- | <- | <- | 
| 2025-04-11 | T9M-2 | 08:00:00 | 19:00:00 | 2.5 | 10.5 | V363旁侧板数据制作 | <- | <- | <- | 
| 2025-04-12 |  |  |  |  |  |  | <- | <- | <- | 
| 2025-04-13 |  |  |  |  |  |  | <- | <- | <- | 
| 2025-04-14 | T9M-2 | 08:00:00 | 20:00:00 | 3.5 | 11.5 | T9M-2 设变 | <- | <- | <- | 
| 2025-04-15 | T9M-2 | 08:00:00 | 20:00:00 | 3.5 | 11.5 | T9M-2 设变 | <- | <- | <- | 
| 2025-04-16 | T9M-2 | 08:00:00 | 20:00:00 | 3.5 | 11.5 | T9M-2 设变 | <- | <- | <- | 
| 2025-04-17 | T9M-2 | 08:00:00 | 20:00:00 | 3.5 | 11.5 | T9M-2 设变 | <- | <- | <- | 
| 2025-04-18 | T9M-2 | 08:00:00 | 19:00:00 | 2.5 | 10.5 | T9M-2 设变 | <- | <- | <- | 
| 2025-04-19 |  |  |  |  |  |  | <- | <- | <- | 
| 2025-04-20 |  |  |  |  |  |  | <- | <- | <- | 
| 2025-04-21 | T9M-2 | 08:00:00 | 20:00:00 | 3.5 | 11.5 | T9M-2 设变 | <- | <- | <- | 
| 2025-04-22 | T9M-2 | 08:00:00 | 20:00:00 | 3.5 | 11.5 | T9M-2 设变 | <- | <- | <- | 
| 2025-04-23 | T9M-2 | 08:00:00 | 20:00:00 | 3.5 | 11.5 | T9M-2 设变 | <- | <- | <- | 
| 2025-04-24 | T9M-2 | 08:00:00 | 20:00:00 | 3.5 | 11.5 | T9M-2 设变 | <- | <- | <- | 
| 2025-04-25 | T9M-2 | 08:00:00 | 20:30:00 | 4.0 | 12.0 | T9M-2 设变 | <- | <- | <- | 
| 2025-04-26 |  |  |  |  |  |  | <- | <- | <- | 
| 2025-04-27 | T9M-2 | 08:00:00 | 20:00:00 | 3.5 | 11.5 | T9M-2 设变 | <- | <- | <- | 
| 2025-04-28 | T9M-2 | 08:00:00 | 20:00:00 | 3.5 | 11.5 | T9M-2 设变 | <- | <- | <- | 
| 2025-04-29 | T9M-2 | 08:00:00 | 20:30:00 | 4.0 | 12.0 | T9M-2 设变 | <- | <- | <- | 
| 2025-04-30 | T9M-2 | 08:00:00 | 18:00:00 | 1.5 | 9.5 | T9M-2 设变 | <- | <- | <- | 
| 2025-05-01 |  |  |  |  |  |  | <- | <- | <- | 
| 工时统计 | 项目名称 | 项目编号 | 加班 | <- | 工时 | 项目工程师签字 | <- | <- | <- | 
| ^ | T9M-2 |  | 72.0 | <- | 248.0 |  | <- | <- | <- | 
| ^ |  |  |  | <- |  |  | <- | <- | <- | 
| ^ |  |  |  | <- |  |  | <- | <- | <- | 
| ^ |  |  |  | <- |  |  | <- | <- | <- | 
| 总计工时 | 248.00 | <- | 经理签字： | <- | <- |  | <- | <- | <- | 


## 工作表: Sheet1

| A | B | C | D | E | F | 
|  --- | --- | --- | --- | --- | --- |
|  |  |  | 一年调整一次，请勿随意删除 | <- | <- | 
|  |  |  | 2025 | <- | <- | 
| 年 | 月 |  | 节假日 | 调休加班日 |  | 
| 1905-07-17 | 4 |  | 45658 | 45683 |  | 
|  |  |  | 45685 | 45696 |  | 
|  |  |  | 45686 | 45774 |  | 
|  |  |  | 45687 | 45928 |  | 
|  |  |  | 45688 | 45941 |  | 
|  |  |  | 45689 |  |  | 
|  |  |  | 45690 |  |  | 
|  |  |  | 45691 |  |  | 
|  |  |  | 45692 |  |  | 
|  |  |  | 45751 |  |  | 
|  |  |  | 45752 |  |  | 
|  |  |  | 45753 |  |  | 
|  |  |  | 45778 |  |  | 
|  |  |  | 45779 |  |  | 
|  |  |  | 45780 |  |  | 
|  |  |  | 45781 |  |  | 
|  |  |  | 45782 |  |  | 
|  |  |  | 45808 |  |  | 
|  |  |  | 45809 |  |  | 
|  |  |  | 45810 |  |  | 
|  |  |  | 45931 |  |  | 
|  |  |  | 45932 |  |  | 
|  |  |  | 45933 |  |  | 
|  |  |  | 45934 |  |  | 
|  |  |  | 45935 |  |  | 
|  |  |  | 45936 |  |  | 
|  |  |  | 45937 |  |  | 
|  |  |  | 45938 |  |  | 



2025-05-20 10:57:59,465 - INFO - 请求成功，状态码: 200
2025-05-20 10:57:59,466 - INFO - 模型返回：{"employee_name":"刘权银", "company_name":"重庆延锋安道拓"}

2025-05-20 10:57:59,467 - INFO - 解析模型返回：
 - 员工姓名：刘权银,  - 公司名称：重庆延锋安道拓
2025-05-20 10:57:59,467 - INFO - 

从表格文本中，提取汇总数据...
2025-05-20 10:57:59,468 - INFO - 发送请求到模型API...
2025-05-20 10:57:59,468 - INFO - system_prompt：
你是一个专业的工时数据提取助手。用户会提供给你一份Excel工时表，已转换为Markdown格式。你需要提取出表格中的按照项目做统计的工时汇总数据。将提取结果以JSON格式输出。以项目名称作为key为项目名称，value为包含加班和工时的字典。

markdown格式的表格中合并单元格表示法：
   - "^" 符号表示该单元格与上方单元格合并（纵向合并）
   - "<-" 符号表示该单元格与左侧单元格合并（横向合并）
   - "^<-" 符号表示该单元格同时与上方和左侧单元格合并（纵横合并）

你可以按照以下步骤进行分析：
1. 首先，定位表格中工时统计汇总数据，通常在表格的下方。
2. 读取工时统计汇总数据，包含项目名称、项目编号、加班、工时等。项目编号可能为空。
3. 整理所有数据，以JSON格式输。key为项目名称，value为包含加班`overtime_hours`和工时`total_hours`的字典。

注意：
1.直接返回结果，不要包含任何解释或说明。
2.输出结果必须严格按照无语法错误的JSON格式输出，不能有任何其他格式。

以JSON格式输出结果，示例输出如下：
示例1：
{"D11":{"overtime_hours":20,"total_hours":120}, "A12":{"overtime_hours":6,"total_hours":14}, "B13":{"overtime_hours":1,"total_hours":10}}
示例2：
{"D11":{"overtime_hours":20,"total_hours":120}, "A12":{"overtime_hours":6,"total_hours":14}}

2025-05-20 10:57:59,471 - INFO - user_prompt：## 工作表: 刘权银

| A | B | C | D | E | F | G | H | I | J | 
|  --- | --- | --- | --- | --- | --- | --- | --- | --- | --- |
| 重庆延锋安道拓 | <- | 上海睿励信息技术有限公司 工时记录表 | <- | <- | <- | <- | <- | <- | <- | 
| ^ | ^<- | 供应商 |  | <- | <- | <- | <- | <- | <- | 
| 工程师 | 刘权银 | <- | 负责人 | 王卫强 | 电话 | 18184084507 | <- | <- | <- | 
| 日期 | 项目名称 | 开始工作时间 | 工作结束时间 | 加班时间 | 总工作时间 | 备注 | <- | <- | <- | 
| 2025-04-01 | T9M-2 | 08:00:00 | 20:00:00 | 3.5 | 11.5 | T9M-2 设变 | <- | <- | <- | 
| 2025-04-02 | T9M-2 | 08:00:00 | 20:00:00 | 3.5 | 11.5 | T9M-2 设变 | <- | <- | <- | 
| 2025-04-03 | T9M-2 | 08:00:00 | 18:00:00 | 1.5 | 9.5 | T9M-2 设变 | <- | <- | <- | 
| 2025-04-04 |  |  |  |  |  |  | <- | <- | <- | 
| 2025-04-05 |  |  |  |  |  |  | <- | <- | <- | 
| 2025-04-06 |  |  |  |  |  |  | <- | <- | <- | 
| 2025-04-07 | T9M-2 | 08:00:00 | 20:00:00 | 3.5 | 11.5 | V363旁侧板数据制作 | <- | <- | <- | 
| 2025-04-08 | T9M-2 | 08:00:00 | 20:00:00 | 3.5 | 11.5 | V363旁侧板数据制作 | <- | <- | <- | 
| 2025-04-09 | T9M-2 | 08:00:00 | 20:00:00 | 3.5 | 11.5 | V363旁侧板数据制作 | <- | <- | <- | 
| 2025-04-10 | T9M-2 | 08:00:00 | 20:00:00 | 3.5 | 11.5 | V363旁侧板数据制作 | <- | <- | <- | 
| 2025-04-11 | T9M-2 | 08:00:00 | 19:00:00 | 2.5 | 10.5 | V363旁侧板数据制作 | <- | <- | <- | 
| 2025-04-12 |  |  |  |  |  |  | <- | <- | <- | 
| 2025-04-13 |  |  |  |  |  |  | <- | <- | <- | 
| 2025-04-14 | T9M-2 | 08:00:00 | 20:00:00 | 3.5 | 11.5 | T9M-2 设变 | <- | <- | <- | 
| 2025-04-15 | T9M-2 | 08:00:00 | 20:00:00 | 3.5 | 11.5 | T9M-2 设变 | <- | <- | <- | 
| 2025-04-16 | T9M-2 | 08:00:00 | 20:00:00 | 3.5 | 11.5 | T9M-2 设变 | <- | <- | <- | 
| 2025-04-17 | T9M-2 | 08:00:00 | 20:00:00 | 3.5 | 11.5 | T9M-2 设变 | <- | <- | <- | 
| 2025-04-18 | T9M-2 | 08:00:00 | 19:00:00 | 2.5 | 10.5 | T9M-2 设变 | <- | <- | <- | 
| 2025-04-19 |  |  |  |  |  |  | <- | <- | <- | 
| 2025-04-20 |  |  |  |  |  |  | <- | <- | <- | 
| 2025-04-21 | T9M-2 | 08:00:00 | 20:00:00 | 3.5 | 11.5 | T9M-2 设变 | <- | <- | <- | 
| 2025-04-22 | T9M-2 | 08:00:00 | 20:00:00 | 3.5 | 11.5 | T9M-2 设变 | <- | <- | <- | 
| 2025-04-23 | T9M-2 | 08:00:00 | 20:00:00 | 3.5 | 11.5 | T9M-2 设变 | <- | <- | <- | 
| 2025-04-24 | T9M-2 | 08:00:00 | 20:00:00 | 3.5 | 11.5 | T9M-2 设变 | <- | <- | <- | 
| 2025-04-25 | T9M-2 | 08:00:00 | 20:30:00 | 4.0 | 12.0 | T9M-2 设变 | <- | <- | <- | 
| 2025-04-26 |  |  |  |  |  |  | <- | <- | <- | 
| 2025-04-27 | T9M-2 | 08:00:00 | 20:00:00 | 3.5 | 11.5 | T9M-2 设变 | <- | <- | <- | 
| 2025-04-28 | T9M-2 | 08:00:00 | 20:00:00 | 3.5 | 11.5 | T9M-2 设变 | <- | <- | <- | 
| 2025-04-29 | T9M-2 | 08:00:00 | 20:30:00 | 4.0 | 12.0 | T9M-2 设变 | <- | <- | <- | 
| 2025-04-30 | T9M-2 | 08:00:00 | 18:00:00 | 1.5 | 9.5 | T9M-2 设变 | <- | <- | <- | 
| 2025-05-01 |  |  |  |  |  |  | <- | <- | <- | 
| 工时统计 | 项目名称 | 项目编号 | 加班 | <- | 工时 | 项目工程师签字 | <- | <- | <- | 
| ^ | T9M-2 |  | 72.0 | <- | 248.0 |  | <- | <- | <- | 
| ^ |  |  |  | <- |  |  | <- | <- | <- | 
| ^ |  |  |  | <- |  |  | <- | <- | <- | 
| ^ |  |  |  | <- |  |  | <- | <- | <- | 
| 总计工时 | 248.00 | <- | 经理签字： | <- | <- |  | <- | <- | <- | 


## 工作表: Sheet1

| A | B | C | D | E | F | 
|  --- | --- | --- | --- | --- | --- |
|  |  |  | 一年调整一次，请勿随意删除 | <- | <- | 
|  |  |  | 2025 | <- | <- | 
| 年 | 月 |  | 节假日 | 调休加班日 |  | 
| 1905-07-17 | 4 |  | 45658 | 45683 |  | 
|  |  |  | 45685 | 45696 |  | 
|  |  |  | 45686 | 45774 |  | 
|  |  |  | 45687 | 45928 |  | 
|  |  |  | 45688 | 45941 |  | 
|  |  |  | 45689 |  |  | 
|  |  |  | 45690 |  |  | 
|  |  |  | 45691 |  |  | 
|  |  |  | 45692 |  |  | 
|  |  |  | 45751 |  |  | 
|  |  |  | 45752 |  |  | 
|  |  |  | 45753 |  |  | 
|  |  |  | 45778 |  |  | 
|  |  |  | 45779 |  |  | 
|  |  |  | 45780 |  |  | 
|  |  |  | 45781 |  |  | 
|  |  |  | 45782 |  |  | 
|  |  |  | 45808 |  |  | 
|  |  |  | 45809 |  |  | 
|  |  |  | 45810 |  |  | 
|  |  |  | 45931 |  |  | 
|  |  |  | 45932 |  |  | 
|  |  |  | 45933 |  |  | 
|  |  |  | 45934 |  |  | 
|  |  |  | 45935 |  |  | 
|  |  |  | 45936 |  |  | 
|  |  |  | 45937 |  |  | 
|  |  |  | 45938 |  |  | 



2025-05-20 10:58:01,600 - INFO - 请求成功，状态码: 200
2025-05-20 10:58:01,601 - INFO - 模型返回：
{"T9M-2":{"overtime_hours":72.0,"total_hours":248.0}}

2025-05-20 10:58:01,601 - INFO - 源数据表中的工时汇总数据：{'T9M-2': {'overtime_hours': 72.0, 'total_hours': 248.0}}
2025-05-20 10:58:01,602 - INFO - 文件处理进度：3 / 10
2025-05-20 10:58:01,602 - INFO - 开始处理工时文件：D:/sotos工作资料/test/2\姬怀仁工时表-重庆安道拓-2025年4月.xlsx
2025-05-20 10:58:01,726 - INFO - Excel表格提取文本：
## 工作表: xxx

| A | B | C | D | E | F | G | H | I | J | 
|  --- | --- | --- | --- | --- | --- | --- | --- | --- | --- |
| 重庆延锋安道拓 | <- | 上海睿励信息技术有限公司 工时记录表 | <- | <- | <- | <- | <- | <- | <- | 
| ^ | ^<- | 供应商 |  | <- | <- | <- | <- | <- | <- | 
| 工程师 | 姬怀仁 | <- | 负责人 | 谢轻 | 电话 | 18502368670 | <- | <- | <- | 
| 日期 | 项目名称 | 开始工作时间 | 工作结束时间 | 加班时间 | 总工作时间 | 备注 | <- | <- | <- | 
| 2025-04-01 | T9M-2 | 09:00:00 | 17:30:00 | 0.0 | 8.0 | 试验跟进以及试验状态确认 | <- | <- | <- | 
| 2025-04-02 | T9M-2 | 09:00:00 | 18:00:00 | 0.5 | 8.5 | 试验跟进以及试验状态确认 | <- | <- | <- | 
| 2025-04-03 | T9M-2 | 09:00:00 | 17:30:00 | 0.0 | 8.0 | 试验跟进以及试验状态确认 | <- | <- | <- | 
| 2025-04-04 |  |  |  |  |  |  | <- | <- | <- | 
| 2025-04-05 |  |  |  |  |  |  | <- | <- | <- | 
| 2025-04-06 |  |  |  |  |  |  | <- | <- | <- | 
| 2025-04-07 | T9M-2 | 09:00:00 | 18:30:00 | 1.0 | 9.0 | 变更流程数据发放，技术方案更新 | <- | <- | <- | 
| 2025-04-08 | T9M-2 | 09:00:00 | 20:30:00 | 3.0 | 11.0 | 变更流程数据发放，技术方案更新 | <- | <- | <- | 
| 2025-04-09 | T9M-2 | 09:00:00 | 20:00:00 | 2.5 | 10.5 | 变更流程数据发放，技术方案更新 | <- | <- | <- | 
| 2025-04-10 | T9M-2 | 09:00:00 | 18:30:00 | 1.0 | 9.0 | 实验室支持试验验证，技术方案优化 | <- | <- | <- | 
| 2025-04-11 | T9M-2 | 09:00:00 | 18:00:00 | 0.5 | 8.5 | 变更流程数据发放，技术方案更新 | <- | <- | <- | 
| 2025-04-12 |  |  |  |  |  |  | <- | <- | <- | 
| 2025-04-13 |  |  |  |  |  |  | <- | <- | <- | 
| 2025-04-14 | T9M-2 | 09:00:00 | 18:30:00 | 1.0 | 9.0 | 变更流程数据发放，技术方案更新 | <- | <- | <- | 
| 2025-04-15 | T9M-2 | 09:00:00 | 18:00:00 | 0.5 | 8.5 | 变更流程数据发放，技术方案更新 | <- | <- | <- | 
| 2025-04-16 | T9M-2 | 09:00:00 | 18:00:00 | 0.5 | 8.5 | 变更流程数据发放，技术方案更新 | <- | <- | <- | 
| 2025-04-17 | T9M-2 | 09:00:00 | 18:00:00 | 0.5 | 8.5 | 技术方案输出 | <- | <- | <- | 
| 2025-04-18 | T9M-2 | 09:00:00 | 17:30:00 | 0.0 | 8.0 | 试验跟进以及试验状态确认 | <- | <- | <- | 
| 2025-04-19 |  |  |  |  |  |  | <- | <- | <- | 
| 2025-04-20 |  |  |  |  |  |  | <- | <- | <- | 
| 2025-04-21 | T9M-2 | 09:00:00 | 17:30:00 | 0.0 | 8.0 | 试验跟进以及试验状态确认 | <- | <- | <- | 
| 2025-04-22 | T9M-2 | 09:00:00 | 17:30:00 | 0.0 | 8.0 | 样件试装，鱼复工厂支持生产 | <- | <- | <- | 
| 2025-04-23 | T9M-2 | 09:00:00 | 17:30:00 | 0.0 | 8.0 | 试验跟进以及试验状态确认 | <- | <- | <- | 
| 2025-04-24 | T9M-2 | 09:00:00 | 17:30:00 | 0.0 | 8.0 | 样件装配以及程序调试 | <- | <- | <- | 
| 2025-04-25 | T9M-2 | 09:00:00 | 17:30:00 | 0.0 | 8.0 | 试验跟进以及试验状态确认 | <- | <- | <- | 
| 2025-04-26 |  |  |  |  |  |  | <- | <- | <- | 
| 2025-04-27 | T9M-2 | 09:00:00 | 18:30:00 | 1.0 | 9.0 | 变更流程数据发放，技术方案更新 | <- | <- | <- | 
| 2025-04-28 | T9M-2 | 09:00:00 | 17:30:00 | 0.0 | 8.0 | 实验样件改制，程序刷写 | <- | <- | <- | 
| 2025-04-29 | T9M-2 | 09:00:00 | 18:30:00 | 0.0 | 8.0 | 实验室支持试验 | <- | <- | <- | 
| 2025-04-30 | T9M-2 | 09:00:00 | 17:30:00 | 0.0 | 8.0 | 实验室支持试验 | <- | <- | <- | 
| 2025-05-01 |  |  |  |  |  |  | <- | <- | <- | 
| 工时统计 | 项目名称 | 项目编号 | 加班 | <- | 工时 | 项目工程师签字 | <- | <- | <- | 
| ^ | T9M-2 |  | 12.0 | <- | 188.0 |  | <- | <- | <- | 
| ^ |  |  |  | <- |  |  | <- | <- | <- | 
| ^ |  |  |  | <- |  |  | <- | <- | <- | 
| ^ |  |  |  | <- |  |  | <- | <- | <- | 
| 总计工时 | 188.00 | <- | 经理签字： | <- | <- |  | <- | <- | <- | 


## 工作表: Sheet1

| A | B | C | D | E | F | 
|  --- | --- | --- | --- | --- | --- |
|  |  |  | 一年调整一次，请勿随意删除 | <- | <- | 
|  |  |  | 2025 | <- | <- | 
| 年 | 月 |  | 节假日 | 调休加班日 |  | 
| 1905-07-17 | 4 |  | 45658 | 45683 |  | 
|  |  |  | 45685 | 45696 |  | 
|  |  |  | 45686 | 45774 |  | 
|  |  |  | 45687 | 45928 |  | 
|  |  |  | 45688 | 45941 |  | 
|  |  |  | 45689 |  |  | 
|  |  |  | 45690 |  |  | 
|  |  |  | 45691 |  |  | 
|  |  |  | 45692 |  |  | 
|  |  |  | 45751 |  |  | 
|  |  |  | 45752 |  |  | 
|  |  |  | 45753 |  |  | 
|  |  |  | 45778 |  |  | 
|  |  |  | 45779 |  |  | 
|  |  |  | 45780 |  |  | 
|  |  |  | 45781 |  |  | 
|  |  |  | 45782 |  |  | 
|  |  |  | 45808 |  |  | 
|  |  |  | 45809 |  |  | 
|  |  |  | 45810 |  |  | 
|  |  |  | 45931 |  |  | 
|  |  |  | 45932 |  |  | 
|  |  |  | 45933 |  |  | 
|  |  |  | 45934 |  |  | 
|  |  |  | 45935 |  |  | 
|  |  |  | 45936 |  |  | 
|  |  |  | 45937 |  |  | 
|  |  |  | 45938 |  |  | 



2025-05-20 10:58:01,737 - INFO - 从表格文本中，提取员工姓名和公司名称...
2025-05-20 10:58:01,738 - INFO - 发送请求到模型API...
2025-05-20 10:58:01,738 - INFO - system_prompt：
你是一个专业的表格信息提取助手。用户会提供给你一份Excel工时表，已转换为Markdown格式。你需要提取出表格包含的员工姓名`employee_name`和公司名称`company_name`。以JSON格式输出结果，包含`employee_name`和`company_name`两个字段。如果无法提取到员工姓名和公司名称，请返回空字符串。

markdown格式的表格中合并单元格表示法：
   - "^" 符号表示该单元格与上方单元格合并（纵向合并）
   - "<-" 符号表示该单元格与左侧单元格合并（横向合并）
   - "^<-" 符号表示该单元格同时与上方和左侧单元格合并（纵横合并）

比如：{"employee_name":"张三", "company_name":"XXX公司"}
注意：直接返回结果，不要包含任何解释或说明。

2025-05-20 10:58:01,740 - INFO - user_prompt：## 工作表: xxx

| A | B | C | D | E | F | G | H | I | J | 
|  --- | --- | --- | --- | --- | --- | --- | --- | --- | --- |
| 重庆延锋安道拓 | <- | 上海睿励信息技术有限公司 工时记录表 | <- | <- | <- | <- | <- | <- | <- | 
| ^ | ^<- | 供应商 |  | <- | <- | <- | <- | <- | <- | 
| 工程师 | 姬怀仁 | <- | 负责人 | 谢轻 | 电话 | 18502368670 | <- | <- | <- | 
| 日期 | 项目名称 | 开始工作时间 | 工作结束时间 | 加班时间 | 总工作时间 | 备注 | <- | <- | <- | 
| 2025-04-01 | T9M-2 | 09:00:00 | 17:30:00 | 0.0 | 8.0 | 试验跟进以及试验状态确认 | <- | <- | <- | 
| 2025-04-02 | T9M-2 | 09:00:00 | 18:00:00 | 0.5 | 8.5 | 试验跟进以及试验状态确认 | <- | <- | <- | 
| 2025-04-03 | T9M-2 | 09:00:00 | 17:30:00 | 0.0 | 8.0 | 试验跟进以及试验状态确认 | <- | <- | <- | 
| 2025-04-04 |  |  |  |  |  |  | <- | <- | <- | 
| 2025-04-05 |  |  |  |  |  |  | <- | <- | <- | 
| 2025-04-06 |  |  |  |  |  |  | <- | <- | <- | 
| 2025-04-07 | T9M-2 | 09:00:00 | 18:30:00 | 1.0 | 9.0 | 变更流程数据发放，技术方案更新 | <- | <- | <- | 
| 2025-04-08 | T9M-2 | 09:00:00 | 20:30:00 | 3.0 | 11.0 | 变更流程数据发放，技术方案更新 | <- | <- | <- | 
| 2025-04-09 | T9M-2 | 09:00:00 | 20:00:00 | 2.5 | 10.5 | 变更流程数据发放，技术方案更新 | <- | <- | <- | 
| 2025-04-10 | T9M-2 | 09:00:00 | 18:30:00 | 1.0 | 9.0 | 实验室支持试验验证，技术方案优化 | <- | <- | <- | 
| 2025-04-11 | T9M-2 | 09:00:00 | 18:00:00 | 0.5 | 8.5 | 变更流程数据发放，技术方案更新 | <- | <- | <- | 
| 2025-04-12 |  |  |  |  |  |  | <- | <- | <- | 
| 2025-04-13 |  |  |  |  |  |  | <- | <- | <- | 
| 2025-04-14 | T9M-2 | 09:00:00 | 18:30:00 | 1.0 | 9.0 | 变更流程数据发放，技术方案更新 | <- | <- | <- | 
| 2025-04-15 | T9M-2 | 09:00:00 | 18:00:00 | 0.5 | 8.5 | 变更流程数据发放，技术方案更新 | <- | <- | <- | 
| 2025-04-16 | T9M-2 | 09:00:00 | 18:00:00 | 0.5 | 8.5 | 变更流程数据发放，技术方案更新 | <- | <- | <- | 
| 2025-04-17 | T9M-2 | 09:00:00 | 18:00:00 | 0.5 | 8.5 | 技术方案输出 | <- | <- | <- | 
| 2025-04-18 | T9M-2 | 09:00:00 | 17:30:00 | 0.0 | 8.0 | 试验跟进以及试验状态确认 | <- | <- | <- | 
| 2025-04-19 |  |  |  |  |  |  | <- | <- | <- | 
| 2025-04-20 |  |  |  |  |  |  | <- | <- | <- | 
| 2025-04-21 | T9M-2 | 09:00:00 | 17:30:00 | 0.0 | 8.0 | 试验跟进以及试验状态确认 | <- | <- | <- | 
| 2025-04-22 | T9M-2 | 09:00:00 | 17:30:00 | 0.0 | 8.0 | 样件试装，鱼复工厂支持生产 | <- | <- | <- | 
| 2025-04-23 | T9M-2 | 09:00:00 | 17:30:00 | 0.0 | 8.0 | 试验跟进以及试验状态确认 | <- | <- | <- | 
| 2025-04-24 | T9M-2 | 09:00:00 | 17:30:00 | 0.0 | 8.0 | 样件装配以及程序调试 | <- | <- | <- | 
| 2025-04-25 | T9M-2 | 09:00:00 | 17:30:00 | 0.0 | 8.0 | 试验跟进以及试验状态确认 | <- | <- | <- | 
| 2025-04-26 |  |  |  |  |  |  | <- | <- | <- | 
| 2025-04-27 | T9M-2 | 09:00:00 | 18:30:00 | 1.0 | 9.0 | 变更流程数据发放，技术方案更新 | <- | <- | <- | 
| 2025-04-28 | T9M-2 | 09:00:00 | 17:30:00 | 0.0 | 8.0 | 实验样件改制，程序刷写 | <- | <- | <- | 
| 2025-04-29 | T9M-2 | 09:00:00 | 18:30:00 | 0.0 | 8.0 | 实验室支持试验 | <- | <- | <- | 
| 2025-04-30 | T9M-2 | 09:00:00 | 17:30:00 | 0.0 | 8.0 | 实验室支持试验 | <- | <- | <- | 
| 2025-05-01 |  |  |  |  |  |  | <- | <- | <- | 
| 工时统计 | 项目名称 | 项目编号 | 加班 | <- | 工时 | 项目工程师签字 | <- | <- | <- | 
| ^ | T9M-2 |  | 12.0 | <- | 188.0 |  | <- | <- | <- | 
| ^ |  |  |  | <- |  |  | <- | <- | <- | 
| ^ |  |  |  | <- |  |  | <- | <- | <- | 
| ^ |  |  |  | <- |  |  | <- | <- | <- | 
| 总计工时 | 188.00 | <- | 经理签字： | <- | <- |  | <- | <- | <- | 


## 工作表: Sheet1

| A | B | C | D | E | F | 
|  --- | --- | --- | --- | --- | --- |
|  |  |  | 一年调整一次，请勿随意删除 | <- | <- | 
|  |  |  | 2025 | <- | <- | 
| 年 | 月 |  | 节假日 | 调休加班日 |  | 
| 1905-07-17 | 4 |  | 45658 | 45683 |  | 
|  |  |  | 45685 | 45696 |  | 
|  |  |  | 45686 | 45774 |  | 
|  |  |  | 45687 | 45928 |  | 
|  |  |  | 45688 | 45941 |  | 
|  |  |  | 45689 |  |  | 
|  |  |  | 45690 |  |  | 
|  |  |  | 45691 |  |  | 
|  |  |  | 45692 |  |  | 
|  |  |  | 45751 |  |  | 
|  |  |  | 45752 |  |  | 
|  |  |  | 45753 |  |  | 
|  |  |  | 45778 |  |  | 
|  |  |  | 45779 |  |  | 
|  |  |  | 45780 |  |  | 
|  |  |  | 45781 |  |  | 
|  |  |  | 45782 |  |  | 
|  |  |  | 45808 |  |  | 
|  |  |  | 45809 |  |  | 
|  |  |  | 45810 |  |  | 
|  |  |  | 45931 |  |  | 
|  |  |  | 45932 |  |  | 
|  |  |  | 45933 |  |  | 
|  |  |  | 45934 |  |  | 
|  |  |  | 45935 |  |  | 
|  |  |  | 45936 |  |  | 
|  |  |  | 45937 |  |  | 
|  |  |  | 45938 |  |  | 



2025-05-20 10:58:04,333 - INFO - 请求成功，状态码: 200
2025-05-20 10:58:04,334 - INFO - 模型返回：{"employee_name":"姬怀仁", "company_name":"上海睿励信息技术有限公司"}

2025-05-20 10:58:04,334 - INFO - 解析模型返回：
 - 员工姓名：姬怀仁,  - 公司名称：上海睿励信息技术有限公司
2025-05-20 10:58:04,335 - INFO - 

从表格文本中，提取汇总数据...
2025-05-20 10:58:04,335 - INFO - 发送请求到模型API...
2025-05-20 10:58:04,336 - INFO - system_prompt：
你是一个专业的工时数据提取助手。用户会提供给你一份Excel工时表，已转换为Markdown格式。你需要提取出表格中的按照项目做统计的工时汇总数据。将提取结果以JSON格式输出。以项目名称作为key为项目名称，value为包含加班和工时的字典。

markdown格式的表格中合并单元格表示法：
   - "^" 符号表示该单元格与上方单元格合并（纵向合并）
   - "<-" 符号表示该单元格与左侧单元格合并（横向合并）
   - "^<-" 符号表示该单元格同时与上方和左侧单元格合并（纵横合并）

你可以按照以下步骤进行分析：
1. 首先，定位表格中工时统计汇总数据，通常在表格的下方。
2. 读取工时统计汇总数据，包含项目名称、项目编号、加班、工时等。项目编号可能为空。
3. 整理所有数据，以JSON格式输。key为项目名称，value为包含加班`overtime_hours`和工时`total_hours`的字典。

注意：
1.直接返回结果，不要包含任何解释或说明。
2.输出结果必须严格按照无语法错误的JSON格式输出，不能有任何其他格式。

以JSON格式输出结果，示例输出如下：
示例1：
{"D11":{"overtime_hours":20,"total_hours":120}, "A12":{"overtime_hours":6,"total_hours":14}, "B13":{"overtime_hours":1,"total_hours":10}}
示例2：
{"D11":{"overtime_hours":20,"total_hours":120}, "A12":{"overtime_hours":6,"total_hours":14}}

2025-05-20 10:58:04,339 - INFO - user_prompt：## 工作表: xxx

| A | B | C | D | E | F | G | H | I | J | 
|  --- | --- | --- | --- | --- | --- | --- | --- | --- | --- |
| 重庆延锋安道拓 | <- | 上海睿励信息技术有限公司 工时记录表 | <- | <- | <- | <- | <- | <- | <- | 
| ^ | ^<- | 供应商 |  | <- | <- | <- | <- | <- | <- | 
| 工程师 | 姬怀仁 | <- | 负责人 | 谢轻 | 电话 | 18502368670 | <- | <- | <- | 
| 日期 | 项目名称 | 开始工作时间 | 工作结束时间 | 加班时间 | 总工作时间 | 备注 | <- | <- | <- | 
| 2025-04-01 | T9M-2 | 09:00:00 | 17:30:00 | 0.0 | 8.0 | 试验跟进以及试验状态确认 | <- | <- | <- | 
| 2025-04-02 | T9M-2 | 09:00:00 | 18:00:00 | 0.5 | 8.5 | 试验跟进以及试验状态确认 | <- | <- | <- | 
| 2025-04-03 | T9M-2 | 09:00:00 | 17:30:00 | 0.0 | 8.0 | 试验跟进以及试验状态确认 | <- | <- | <- | 
| 2025-04-04 |  |  |  |  |  |  | <- | <- | <- | 
| 2025-04-05 |  |  |  |  |  |  | <- | <- | <- | 
| 2025-04-06 |  |  |  |  |  |  | <- | <- | <- | 
| 2025-04-07 | T9M-2 | 09:00:00 | 18:30:00 | 1.0 | 9.0 | 变更流程数据发放，技术方案更新 | <- | <- | <- | 
| 2025-04-08 | T9M-2 | 09:00:00 | 20:30:00 | 3.0 | 11.0 | 变更流程数据发放，技术方案更新 | <- | <- | <- | 
| 2025-04-09 | T9M-2 | 09:00:00 | 20:00:00 | 2.5 | 10.5 | 变更流程数据发放，技术方案更新 | <- | <- | <- | 
| 2025-04-10 | T9M-2 | 09:00:00 | 18:30:00 | 1.0 | 9.0 | 实验室支持试验验证，技术方案优化 | <- | <- | <- | 
| 2025-04-11 | T9M-2 | 09:00:00 | 18:00:00 | 0.5 | 8.5 | 变更流程数据发放，技术方案更新 | <- | <- | <- | 
| 2025-04-12 |  |  |  |  |  |  | <- | <- | <- | 
| 2025-04-13 |  |  |  |  |  |  | <- | <- | <- | 
| 2025-04-14 | T9M-2 | 09:00:00 | 18:30:00 | 1.0 | 9.0 | 变更流程数据发放，技术方案更新 | <- | <- | <- | 
| 2025-04-15 | T9M-2 | 09:00:00 | 18:00:00 | 0.5 | 8.5 | 变更流程数据发放，技术方案更新 | <- | <- | <- | 
| 2025-04-16 | T9M-2 | 09:00:00 | 18:00:00 | 0.5 | 8.5 | 变更流程数据发放，技术方案更新 | <- | <- | <- | 
| 2025-04-17 | T9M-2 | 09:00:00 | 18:00:00 | 0.5 | 8.5 | 技术方案输出 | <- | <- | <- | 
| 2025-04-18 | T9M-2 | 09:00:00 | 17:30:00 | 0.0 | 8.0 | 试验跟进以及试验状态确认 | <- | <- | <- | 
| 2025-04-19 |  |  |  |  |  |  | <- | <- | <- | 
| 2025-04-20 |  |  |  |  |  |  | <- | <- | <- | 
| 2025-04-21 | T9M-2 | 09:00:00 | 17:30:00 | 0.0 | 8.0 | 试验跟进以及试验状态确认 | <- | <- | <- | 
| 2025-04-22 | T9M-2 | 09:00:00 | 17:30:00 | 0.0 | 8.0 | 样件试装，鱼复工厂支持生产 | <- | <- | <- | 
| 2025-04-23 | T9M-2 | 09:00:00 | 17:30:00 | 0.0 | 8.0 | 试验跟进以及试验状态确认 | <- | <- | <- | 
| 2025-04-24 | T9M-2 | 09:00:00 | 17:30:00 | 0.0 | 8.0 | 样件装配以及程序调试 | <- | <- | <- | 
| 2025-04-25 | T9M-2 | 09:00:00 | 17:30:00 | 0.0 | 8.0 | 试验跟进以及试验状态确认 | <- | <- | <- | 
| 2025-04-26 |  |  |  |  |  |  | <- | <- | <- | 
| 2025-04-27 | T9M-2 | 09:00:00 | 18:30:00 | 1.0 | 9.0 | 变更流程数据发放，技术方案更新 | <- | <- | <- | 
| 2025-04-28 | T9M-2 | 09:00:00 | 17:30:00 | 0.0 | 8.0 | 实验样件改制，程序刷写 | <- | <- | <- | 
| 2025-04-29 | T9M-2 | 09:00:00 | 18:30:00 | 0.0 | 8.0 | 实验室支持试验 | <- | <- | <- | 
| 2025-04-30 | T9M-2 | 09:00:00 | 17:30:00 | 0.0 | 8.0 | 实验室支持试验 | <- | <- | <- | 
| 2025-05-01 |  |  |  |  |  |  | <- | <- | <- | 
| 工时统计 | 项目名称 | 项目编号 | 加班 | <- | 工时 | 项目工程师签字 | <- | <- | <- | 
| ^ | T9M-2 |  | 12.0 | <- | 188.0 |  | <- | <- | <- | 
| ^ |  |  |  | <- |  |  | <- | <- | <- | 
| ^ |  |  |  | <- |  |  | <- | <- | <- | 
| ^ |  |  |  | <- |  |  | <- | <- | <- | 
| 总计工时 | 188.00 | <- | 经理签字： | <- | <- |  | <- | <- | <- | 


## 工作表: Sheet1

| A | B | C | D | E | F | 
|  --- | --- | --- | --- | --- | --- |
|  |  |  | 一年调整一次，请勿随意删除 | <- | <- | 
|  |  |  | 2025 | <- | <- | 
| 年 | 月 |  | 节假日 | 调休加班日 |  | 
| 1905-07-17 | 4 |  | 45658 | 45683 |  | 
|  |  |  | 45685 | 45696 |  | 
|  |  |  | 45686 | 45774 |  | 
|  |  |  | 45687 | 45928 |  | 
|  |  |  | 45688 | 45941 |  | 
|  |  |  | 45689 |  |  | 
|  |  |  | 45690 |  |  | 
|  |  |  | 45691 |  |  | 
|  |  |  | 45692 |  |  | 
|  |  |  | 45751 |  |  | 
|  |  |  | 45752 |  |  | 
|  |  |  | 45753 |  |  | 
|  |  |  | 45778 |  |  | 
|  |  |  | 45779 |  |  | 
|  |  |  | 45780 |  |  | 
|  |  |  | 45781 |  |  | 
|  |  |  | 45782 |  |  | 
|  |  |  | 45808 |  |  | 
|  |  |  | 45809 |  |  | 
|  |  |  | 45810 |  |  | 
|  |  |  | 45931 |  |  | 
|  |  |  | 45932 |  |  | 
|  |  |  | 45933 |  |  | 
|  |  |  | 45934 |  |  | 
|  |  |  | 45935 |  |  | 
|  |  |  | 45936 |  |  | 
|  |  |  | 45937 |  |  | 
|  |  |  | 45938 |  |  | 



2025-05-20 10:58:06,969 - INFO - 请求成功，状态码: 200
2025-05-20 10:58:06,971 - INFO - 模型返回：
{"T9M-2":{"overtime_hours":12.0,"total_hours":188.0}}

2025-05-20 10:58:06,971 - INFO - 源数据表中的工时汇总数据：{'T9M-2': {'overtime_hours': 12.0, 'total_hours': 188.0}}
2025-05-20 10:58:06,972 - INFO - 文件处理进度：4 / 10
2025-05-20 10:58:06,972 - INFO - 开始处理工时文件：D:/sotos工作资料/test/2\廖雨工时表-重庆安道拓-2025年04月.xlsx
2025-05-20 10:58:07,113 - INFO - Excel表格提取文本：
## 工作表: 廖雨

| A | B | C | D | E | F | G | H | I | J | 
|  --- | --- | --- | --- | --- | --- | --- | --- | --- | --- |
| 重庆安道拓 | <- | 上海睿励信息技术有限公司 工时记录表 | <- | <- | <- | <- | <- | <- | <- | 
| ^ | ^<- | 供应商 |  | <- | <- | <- | <- | <- | <- | 
| 工程师 | 廖雨 | <- | 负责人 | 严强 | 电话 | 15736520268 | <- | <- | <- | 
| 日期 | 项目名称 | 开始工作时间 | 工作结束时间 | 加班时间 | 总工作时间 | 备注 | <- | <- | <- | 
| 2025-04-01 | V530 | 08:30:00 | 20:30:00 | 3.5 | 11.5 | 数据修改 | <- | <- | <- | 
| 2025-04-02 | V530 | 08:30:00 | 20:00:00 | 3.0 | 11.0 | 数据修改 | <- | <- | <- | 
| 2025-04-03 | V530 | 08:30:00 | 19:00:00 | 2.0 | 10.0 | 数据修改 | <- | <- | <- | 
| 2025-04-04 | V530 | 08:30:00 | 19:00:00 | 10.0 | 10.0 | 数据修改 | <- | <- | <- | 
| 2025-04-05 |  |  |  |  |  |  | <- | <- | <- | 
| 2025-04-06 |  |  |  |  |  |  | <- | <- | <- | 
| 2025-04-07 | V530 | 08:30:00 | 20:30:00 | 3.5 | 11.5 | 数据修改 | <- | <- | <- | 
| 2025-04-08 | V530 | 08:30:00 | 20:30:00 | 3.5 | 11.5 | 数据修改 | <- | <- | <- | 
| 2025-04-09 | V530 | 08:30:00 | 20:30:00 | 3.5 | 11.5 | 数据修改 | <- | <- | <- | 
| 2025-04-10 | V530 | 08:30:00 | 20:30:00 | 3.5 | 11.5 | 数据修改 | <- | <- | <- | 
| 2025-04-11 | V530 | 08:30:00 | 19:00:00 | 2.0 | 10.0 | 数据修改 | <- | <- | <- | 
| 2025-04-12 | V530 | 11:00:00 | 17:00:00 | 5.5 | 5.5 | 数据修改 | <- | <- | <- | 
| 2025-04-13 |  |  |  |  |  |  | <- | <- | <- | 
| 2025-04-14 | V530 | 08:30:00 | 20:30:00 | 3.5 | 11.5 | 数据修改 | <- | <- | <- | 
| 2025-04-15 | V530 | 08:30:00 | 20:00:00 | 3.0 | 11.0 | 数据修改 | <- | <- | <- | 
| 2025-04-16 | V530 | 08:30:00 | 21:00:00 | 4.0 | 12.0 | 数据修改 | <- | <- | <- | 
| 2025-04-17 | V530 | 08:30:00 | 21:00:00 | 4.0 | 12.0 | 数据修改 | <- | <- | <- | 
| 2025-04-18 | V530 | 08:30:00 | 22:00:00 | 5.0 | 13.0 | 数据修改 | <- | <- | <- | 
| 2025-04-19 |  |  |  |  |  |  | <- | <- | <- | 
| 2025-04-20 |  |  |  |  |  |  | <- | <- | <- | 
| 2025-04-21 | V530 | 08:30:00 | 20:30:00 | 3.5 | 11.5 | 数据修改 | <- | <- | <- | 
| 2025-04-22 | V530 | 08:30:00 | 20:30:00 | 3.5 | 11.5 | 数据修改 | <- | <- | <- | 
| 2025-04-23 | V530 | 08:30:00 | 20:30:00 | 3.5 | 11.5 | 数据修改 | <- | <- | <- | 
| 2025-04-24 | V530 | 08:30:00 | 20:30:00 | 3.5 | 11.5 | 数据修改 | <- | <- | <- | 
| 2025-04-25 | V530 | 08:30:00 | 19:30:00 | 2.5 | 10.5 | 数据修改 | <- | <- | <- | 
| 2025-04-26 |  |  |  |  |  |  | <- | <- | <- | 
| 2025-04-27 | V530 | 08:30:00 | 20:30:00 | 3.5 | 11.5 | 数据修改 | <- | <- | <- | 
| 2025-04-28 | V530 | 08:30:00 | 20:30:00 | 3.5 | 11.5 | 数据修改 | <- | <- | <- | 
| 2025-04-29 | V530 | 08:00:00 | 20:30:00 | 4.0 | 12.0 | 数据修改 | <- | <- | <- | 
| 2025-04-30 | V530 | 08:30:00 | 18:30:00 | 1.5 | 9.5 | 数据修改 | <- | <- | <- | 
|  |  |  |  |  |  |  | <- | <- | <- | 
| 工时统计 | 项目名称 | 项目编号 | 加班 | <- | 工时 | 项目工程师签字 | <- | <- | <- | 
| ^ | V530 |  | 88.5 | <- | 264.5 |  | <- | <- | <- | 
| ^ |  |  |  | <- |  |  | <- | <- | <- | 
| ^ |  |  |  | <- |  |  | <- | <- | <- | 
| ^ |  |  |  | <- |  |  | <- | <- | <- | 
| 总计工时 | 264.50 | <- | 经理签字： | <- | <- |  | <- | <- | <- | 


## 工作表: Sheet1

| A | B | C | D | E | F | 
|  --- | --- | --- | --- | --- | --- |
|  |  |  | 一年调整一次，请勿随意删除 | <- | <- | 
|  |  |  | 2025 | <- | <- | 
| 年 | 月 |  | 节假日 | 调休加班日 |  | 
| 1905-07-17 | 4 |  | 45658 | 45683 |  | 
|  |  |  | 45685 | 45696 |  | 
|  |  |  | 45686 | 45774 |  | 
|  |  |  | 45687 | 45928 |  | 
|  |  |  | 45688 | 45941 |  | 
|  |  |  | 45689 |  |  | 
|  |  |  | 45690 |  |  | 
|  |  |  | 45691 |  |  | 
|  |  |  | 45692 |  |  | 
|  |  |  | 45751 |  |  | 
|  |  |  | 45752 |  |  | 
|  |  |  | 45753 |  |  | 
|  |  |  | 45778 |  |  | 
|  |  |  | 45779 |  |  | 
|  |  |  | 45780 |  |  | 
|  |  |  | 45781 |  |  | 
|  |  |  | 45782 |  |  | 
|  |  |  | 45808 |  |  | 
|  |  |  | 45809 |  |  | 
|  |  |  | 45810 |  |  | 
|  |  |  | 45931 |  |  | 
|  |  |  | 45932 |  |  | 
|  |  |  | 45933 |  |  | 
|  |  |  | 45934 |  |  | 
|  |  |  | 45935 |  |  | 
|  |  |  | 45936 |  |  | 
|  |  |  | 45937 |  |  | 
|  |  |  | 45938 |  |  | 



2025-05-20 10:58:07,124 - INFO - 从表格文本中，提取员工姓名和公司名称...
2025-05-20 10:58:07,125 - INFO - 发送请求到模型API...
2025-05-20 10:58:07,125 - INFO - system_prompt：
你是一个专业的表格信息提取助手。用户会提供给你一份Excel工时表，已转换为Markdown格式。你需要提取出表格包含的员工姓名`employee_name`和公司名称`company_name`。以JSON格式输出结果，包含`employee_name`和`company_name`两个字段。如果无法提取到员工姓名和公司名称，请返回空字符串。

markdown格式的表格中合并单元格表示法：
   - "^" 符号表示该单元格与上方单元格合并（纵向合并）
   - "<-" 符号表示该单元格与左侧单元格合并（横向合并）
   - "^<-" 符号表示该单元格同时与上方和左侧单元格合并（纵横合并）

比如：{"employee_name":"张三", "company_name":"XXX公司"}
注意：直接返回结果，不要包含任何解释或说明。

2025-05-20 10:58:07,127 - INFO - user_prompt：## 工作表: 廖雨

| A | B | C | D | E | F | G | H | I | J | 
|  --- | --- | --- | --- | --- | --- | --- | --- | --- | --- |
| 重庆安道拓 | <- | 上海睿励信息技术有限公司 工时记录表 | <- | <- | <- | <- | <- | <- | <- | 
| ^ | ^<- | 供应商 |  | <- | <- | <- | <- | <- | <- | 
| 工程师 | 廖雨 | <- | 负责人 | 严强 | 电话 | 15736520268 | <- | <- | <- | 
| 日期 | 项目名称 | 开始工作时间 | 工作结束时间 | 加班时间 | 总工作时间 | 备注 | <- | <- | <- | 
| 2025-04-01 | V530 | 08:30:00 | 20:30:00 | 3.5 | 11.5 | 数据修改 | <- | <- | <- | 
| 2025-04-02 | V530 | 08:30:00 | 20:00:00 | 3.0 | 11.0 | 数据修改 | <- | <- | <- | 
| 2025-04-03 | V530 | 08:30:00 | 19:00:00 | 2.0 | 10.0 | 数据修改 | <- | <- | <- | 
| 2025-04-04 | V530 | 08:30:00 | 19:00:00 | 10.0 | 10.0 | 数据修改 | <- | <- | <- | 
| 2025-04-05 |  |  |  |  |  |  | <- | <- | <- | 
| 2025-04-06 |  |  |  |  |  |  | <- | <- | <- | 
| 2025-04-07 | V530 | 08:30:00 | 20:30:00 | 3.5 | 11.5 | 数据修改 | <- | <- | <- | 
| 2025-04-08 | V530 | 08:30:00 | 20:30:00 | 3.5 | 11.5 | 数据修改 | <- | <- | <- | 
| 2025-04-09 | V530 | 08:30:00 | 20:30:00 | 3.5 | 11.5 | 数据修改 | <- | <- | <- | 
| 2025-04-10 | V530 | 08:30:00 | 20:30:00 | 3.5 | 11.5 | 数据修改 | <- | <- | <- | 
| 2025-04-11 | V530 | 08:30:00 | 19:00:00 | 2.0 | 10.0 | 数据修改 | <- | <- | <- | 
| 2025-04-12 | V530 | 11:00:00 | 17:00:00 | 5.5 | 5.5 | 数据修改 | <- | <- | <- | 
| 2025-04-13 |  |  |  |  |  |  | <- | <- | <- | 
| 2025-04-14 | V530 | 08:30:00 | 20:30:00 | 3.5 | 11.5 | 数据修改 | <- | <- | <- | 
| 2025-04-15 | V530 | 08:30:00 | 20:00:00 | 3.0 | 11.0 | 数据修改 | <- | <- | <- | 
| 2025-04-16 | V530 | 08:30:00 | 21:00:00 | 4.0 | 12.0 | 数据修改 | <- | <- | <- | 
| 2025-04-17 | V530 | 08:30:00 | 21:00:00 | 4.0 | 12.0 | 数据修改 | <- | <- | <- | 
| 2025-04-18 | V530 | 08:30:00 | 22:00:00 | 5.0 | 13.0 | 数据修改 | <- | <- | <- | 
| 2025-04-19 |  |  |  |  |  |  | <- | <- | <- | 
| 2025-04-20 |  |  |  |  |  |  | <- | <- | <- | 
| 2025-04-21 | V530 | 08:30:00 | 20:30:00 | 3.5 | 11.5 | 数据修改 | <- | <- | <- | 
| 2025-04-22 | V530 | 08:30:00 | 20:30:00 | 3.5 | 11.5 | 数据修改 | <- | <- | <- | 
| 2025-04-23 | V530 | 08:30:00 | 20:30:00 | 3.5 | 11.5 | 数据修改 | <- | <- | <- | 
| 2025-04-24 | V530 | 08:30:00 | 20:30:00 | 3.5 | 11.5 | 数据修改 | <- | <- | <- | 
| 2025-04-25 | V530 | 08:30:00 | 19:30:00 | 2.5 | 10.5 | 数据修改 | <- | <- | <- | 
| 2025-04-26 |  |  |  |  |  |  | <- | <- | <- | 
| 2025-04-27 | V530 | 08:30:00 | 20:30:00 | 3.5 | 11.5 | 数据修改 | <- | <- | <- | 
| 2025-04-28 | V530 | 08:30:00 | 20:30:00 | 3.5 | 11.5 | 数据修改 | <- | <- | <- | 
| 2025-04-29 | V530 | 08:00:00 | 20:30:00 | 4.0 | 12.0 | 数据修改 | <- | <- | <- | 
| 2025-04-30 | V530 | 08:30:00 | 18:30:00 | 1.5 | 9.5 | 数据修改 | <- | <- | <- | 
|  |  |  |  |  |  |  | <- | <- | <- | 
| 工时统计 | 项目名称 | 项目编号 | 加班 | <- | 工时 | 项目工程师签字 | <- | <- | <- | 
| ^ | V530 |  | 88.5 | <- | 264.5 |  | <- | <- | <- | 
| ^ |  |  |  | <- |  |  | <- | <- | <- | 
| ^ |  |  |  | <- |  |  | <- | <- | <- | 
| ^ |  |  |  | <- |  |  | <- | <- | <- | 
| 总计工时 | 264.50 | <- | 经理签字： | <- | <- |  | <- | <- | <- | 


## 工作表: Sheet1

| A | B | C | D | E | F | 
|  --- | --- | --- | --- | --- | --- |
|  |  |  | 一年调整一次，请勿随意删除 | <- | <- | 
|  |  |  | 2025 | <- | <- | 
| 年 | 月 |  | 节假日 | 调休加班日 |  | 
| 1905-07-17 | 4 |  | 45658 | 45683 |  | 
|  |  |  | 45685 | 45696 |  | 
|  |  |  | 45686 | 45774 |  | 
|  |  |  | 45687 | 45928 |  | 
|  |  |  | 45688 | 45941 |  | 
|  |  |  | 45689 |  |  | 
|  |  |  | 45690 |  |  | 
|  |  |  | 45691 |  |  | 
|  |  |  | 45692 |  |  | 
|  |  |  | 45751 |  |  | 
|  |  |  | 45752 |  |  | 
|  |  |  | 45753 |  |  | 
|  |  |  | 45778 |  |  | 
|  |  |  | 45779 |  |  | 
|  |  |  | 45780 |  |  | 
|  |  |  | 45781 |  |  | 
|  |  |  | 45782 |  |  | 
|  |  |  | 45808 |  |  | 
|  |  |  | 45809 |  |  | 
|  |  |  | 45810 |  |  | 
|  |  |  | 45931 |  |  | 
|  |  |  | 45932 |  |  | 
|  |  |  | 45933 |  |  | 
|  |  |  | 45934 |  |  | 
|  |  |  | 45935 |  |  | 
|  |  |  | 45936 |  |  | 
|  |  |  | 45937 |  |  | 
|  |  |  | 45938 |  |  | 



2025-05-20 10:58:08,994 - INFO - 请求成功，状态码: 200
2025-05-20 10:58:08,996 - INFO - 模型返回：{"employee_name":"廖雨", "company_name":"重庆安道拓"}

2025-05-20 10:58:08,997 - INFO - 解析模型返回：
 - 员工姓名：廖雨,  - 公司名称：重庆安道拓
2025-05-20 10:58:08,998 - INFO - 

从表格文本中，提取汇总数据...
2025-05-20 10:58:08,998 - INFO - 发送请求到模型API...
2025-05-20 10:58:08,999 - INFO - system_prompt：
你是一个专业的工时数据提取助手。用户会提供给你一份Excel工时表，已转换为Markdown格式。你需要提取出表格中的按照项目做统计的工时汇总数据。将提取结果以JSON格式输出。以项目名称作为key为项目名称，value为包含加班和工时的字典。

markdown格式的表格中合并单元格表示法：
   - "^" 符号表示该单元格与上方单元格合并（纵向合并）
   - "<-" 符号表示该单元格与左侧单元格合并（横向合并）
   - "^<-" 符号表示该单元格同时与上方和左侧单元格合并（纵横合并）

你可以按照以下步骤进行分析：
1. 首先，定位表格中工时统计汇总数据，通常在表格的下方。
2. 读取工时统计汇总数据，包含项目名称、项目编号、加班、工时等。项目编号可能为空。
3. 整理所有数据，以JSON格式输。key为项目名称，value为包含加班`overtime_hours`和工时`total_hours`的字典。

注意：
1.直接返回结果，不要包含任何解释或说明。
2.输出结果必须严格按照无语法错误的JSON格式输出，不能有任何其他格式。

以JSON格式输出结果，示例输出如下：
示例1：
{"D11":{"overtime_hours":20,"total_hours":120}, "A12":{"overtime_hours":6,"total_hours":14}, "B13":{"overtime_hours":1,"total_hours":10}}
示例2：
{"D11":{"overtime_hours":20,"total_hours":120}, "A12":{"overtime_hours":6,"total_hours":14}}

2025-05-20 10:58:09,002 - INFO - user_prompt：## 工作表: 廖雨

| A | B | C | D | E | F | G | H | I | J | 
|  --- | --- | --- | --- | --- | --- | --- | --- | --- | --- |
| 重庆安道拓 | <- | 上海睿励信息技术有限公司 工时记录表 | <- | <- | <- | <- | <- | <- | <- | 
| ^ | ^<- | 供应商 |  | <- | <- | <- | <- | <- | <- | 
| 工程师 | 廖雨 | <- | 负责人 | 严强 | 电话 | 15736520268 | <- | <- | <- | 
| 日期 | 项目名称 | 开始工作时间 | 工作结束时间 | 加班时间 | 总工作时间 | 备注 | <- | <- | <- | 
| 2025-04-01 | V530 | 08:30:00 | 20:30:00 | 3.5 | 11.5 | 数据修改 | <- | <- | <- | 
| 2025-04-02 | V530 | 08:30:00 | 20:00:00 | 3.0 | 11.0 | 数据修改 | <- | <- | <- | 
| 2025-04-03 | V530 | 08:30:00 | 19:00:00 | 2.0 | 10.0 | 数据修改 | <- | <- | <- | 
| 2025-04-04 | V530 | 08:30:00 | 19:00:00 | 10.0 | 10.0 | 数据修改 | <- | <- | <- | 
| 2025-04-05 |  |  |  |  |  |  | <- | <- | <- | 
| 2025-04-06 |  |  |  |  |  |  | <- | <- | <- | 
| 2025-04-07 | V530 | 08:30:00 | 20:30:00 | 3.5 | 11.5 | 数据修改 | <- | <- | <- | 
| 2025-04-08 | V530 | 08:30:00 | 20:30:00 | 3.5 | 11.5 | 数据修改 | <- | <- | <- | 
| 2025-04-09 | V530 | 08:30:00 | 20:30:00 | 3.5 | 11.5 | 数据修改 | <- | <- | <- | 
| 2025-04-10 | V530 | 08:30:00 | 20:30:00 | 3.5 | 11.5 | 数据修改 | <- | <- | <- | 
| 2025-04-11 | V530 | 08:30:00 | 19:00:00 | 2.0 | 10.0 | 数据修改 | <- | <- | <- | 
| 2025-04-12 | V530 | 11:00:00 | 17:00:00 | 5.5 | 5.5 | 数据修改 | <- | <- | <- | 
| 2025-04-13 |  |  |  |  |  |  | <- | <- | <- | 
| 2025-04-14 | V530 | 08:30:00 | 20:30:00 | 3.5 | 11.5 | 数据修改 | <- | <- | <- | 
| 2025-04-15 | V530 | 08:30:00 | 20:00:00 | 3.0 | 11.0 | 数据修改 | <- | <- | <- | 
| 2025-04-16 | V530 | 08:30:00 | 21:00:00 | 4.0 | 12.0 | 数据修改 | <- | <- | <- | 
| 2025-04-17 | V530 | 08:30:00 | 21:00:00 | 4.0 | 12.0 | 数据修改 | <- | <- | <- | 
| 2025-04-18 | V530 | 08:30:00 | 22:00:00 | 5.0 | 13.0 | 数据修改 | <- | <- | <- | 
| 2025-04-19 |  |  |  |  |  |  | <- | <- | <- | 
| 2025-04-20 |  |  |  |  |  |  | <- | <- | <- | 
| 2025-04-21 | V530 | 08:30:00 | 20:30:00 | 3.5 | 11.5 | 数据修改 | <- | <- | <- | 
| 2025-04-22 | V530 | 08:30:00 | 20:30:00 | 3.5 | 11.5 | 数据修改 | <- | <- | <- | 
| 2025-04-23 | V530 | 08:30:00 | 20:30:00 | 3.5 | 11.5 | 数据修改 | <- | <- | <- | 
| 2025-04-24 | V530 | 08:30:00 | 20:30:00 | 3.5 | 11.5 | 数据修改 | <- | <- | <- | 
| 2025-04-25 | V530 | 08:30:00 | 19:30:00 | 2.5 | 10.5 | 数据修改 | <- | <- | <- | 
| 2025-04-26 |  |  |  |  |  |  | <- | <- | <- | 
| 2025-04-27 | V530 | 08:30:00 | 20:30:00 | 3.5 | 11.5 | 数据修改 | <- | <- | <- | 
| 2025-04-28 | V530 | 08:30:00 | 20:30:00 | 3.5 | 11.5 | 数据修改 | <- | <- | <- | 
| 2025-04-29 | V530 | 08:00:00 | 20:30:00 | 4.0 | 12.0 | 数据修改 | <- | <- | <- | 
| 2025-04-30 | V530 | 08:30:00 | 18:30:00 | 1.5 | 9.5 | 数据修改 | <- | <- | <- | 
|  |  |  |  |  |  |  | <- | <- | <- | 
| 工时统计 | 项目名称 | 项目编号 | 加班 | <- | 工时 | 项目工程师签字 | <- | <- | <- | 
| ^ | V530 |  | 88.5 | <- | 264.5 |  | <- | <- | <- | 
| ^ |  |  |  | <- |  |  | <- | <- | <- | 
| ^ |  |  |  | <- |  |  | <- | <- | <- | 
| ^ |  |  |  | <- |  |  | <- | <- | <- | 
| 总计工时 | 264.50 | <- | 经理签字： | <- | <- |  | <- | <- | <- | 


## 工作表: Sheet1

| A | B | C | D | E | F | 
|  --- | --- | --- | --- | --- | --- |
|  |  |  | 一年调整一次，请勿随意删除 | <- | <- | 
|  |  |  | 2025 | <- | <- | 
| 年 | 月 |  | 节假日 | 调休加班日 |  | 
| 1905-07-17 | 4 |  | 45658 | 45683 |  | 
|  |  |  | 45685 | 45696 |  | 
|  |  |  | 45686 | 45774 |  | 
|  |  |  | 45687 | 45928 |  | 
|  |  |  | 45688 | 45941 |  | 
|  |  |  | 45689 |  |  | 
|  |  |  | 45690 |  |  | 
|  |  |  | 45691 |  |  | 
|  |  |  | 45692 |  |  | 
|  |  |  | 45751 |  |  | 
|  |  |  | 45752 |  |  | 
|  |  |  | 45753 |  |  | 
|  |  |  | 45778 |  |  | 
|  |  |  | 45779 |  |  | 
|  |  |  | 45780 |  |  | 
|  |  |  | 45781 |  |  | 
|  |  |  | 45782 |  |  | 
|  |  |  | 45808 |  |  | 
|  |  |  | 45809 |  |  | 
|  |  |  | 45810 |  |  | 
|  |  |  | 45931 |  |  | 
|  |  |  | 45932 |  |  | 
|  |  |  | 45933 |  |  | 
|  |  |  | 45934 |  |  | 
|  |  |  | 45935 |  |  | 
|  |  |  | 45936 |  |  | 
|  |  |  | 45937 |  |  | 
|  |  |  | 45938 |  |  | 



2025-05-20 10:58:10,654 - INFO - 请求成功，状态码: 200
2025-05-20 10:58:10,655 - INFO - 模型返回：
{"V530":{"overtime_hours":88.5,"total_hours":264.5}}

2025-05-20 10:58:10,656 - INFO - 源数据表中的工时汇总数据：{'V530': {'overtime_hours': 88.5, 'total_hours': 264.5}}
2025-05-20 10:58:10,656 - INFO - 文件处理进度：5 / 10
2025-05-20 10:58:10,656 - INFO - 开始处理工时文件：D:/sotos工作资料/test/2\李杨工时表-重庆安道拓-2025年04月.xlsx
2025-05-20 10:58:10,799 - INFO - Excel表格提取文本：
## 工作表: 李杨

| A | B | C | D | E | F | G | H | I | J | 
|  --- | --- | --- | --- | --- | --- | --- | --- | --- | --- |
| 重庆安道拓 | <- | 上海睿励信息技术有限公司 工时记录表 | <- | <- | <- | <- | <- | <- | <- | 
| ^ | ^<- | 供应商 |  | <- | <- | <- | <- | <- | <- | 
| 工程师 | 李杨 | <- | 负责人 | 严强 | 电话 | 15736520268 | <- | <- | <- | 
| 日期 | 项目名称 | 开始工作时间 | 工作结束时间 | 加班时间 | 总工作时间 | 备注 | <- | <- | <- | 
| 2025-04-01 | G01 | 08:00:00 | 20:00:00 | 3.5 | 11.5 | 坐垫数据修改 | <- | <- | <- | 
| 2025-04-02 | G01 | 08:00:00 | 20:00:00 | 3.5 | 11.5 | 坐垫数据修改 | <- | <- | <- | 
| 2025-04-03 | G01 | 08:00:00 | 20:00:00 | 3.5 | 11.5 | 坐垫数据修改 | <- | <- | <- | 
| 2025-04-04 | G01 | 09:00:00 | 18:00:00 | 8.5 | 8.5 | 坐垫数据交付 | <- | <- | <- | 
| 2025-04-05 |  |  |  |  |  |  | <- | <- | <- | 
| 2025-04-06 |  |  |  |  |  |  | <- | <- | <- | 
| 2025-04-07 | G01 | 08:00:00 | 20:00:00 | 3.5 | 11.5 | 坐垫数据修改 | <- | <- | <- | 
| 2025-04-08 | G01 | 08:00:00 | 20:00:00 | 3.5 | 11.5 | 坐垫数据修改 | <- | <- | <- | 
| 2025-04-09 | G01 | 08:00:00 | 20:00:00 | 3.5 | 11.5 | 坐垫数据修改 | <- | <- | <- | 
| 2025-04-10 | G01 | 08:00:00 | 20:00:00 | 3.5 | 11.5 | 坐垫数据修改 | <- | <- | <- | 
| 2025-04-11 | G01 | 08:00:00 | 19:00:00 | 2.5 | 10.5 | 坐垫数据修改 | <- | <- | <- | 
| 2025-04-12 | G01 | 11:00:00 | 17:00:00 | 5.5 | 5.5 | 坐垫数据交付 | <- | <- | <- | 
| 2025-04-13 |  |  |  |  |  |  | <- | <- | <- | 
| 2025-04-14 | G01 | 08:00:00 | 20:00:00 | 3.5 | 11.5 | 坐垫数据修改 | <- | <- | <- | 
| 2025-04-15 | G01 | 08:00:00 | 20:00:00 | 3.5 | 11.5 | 坐垫数据修改 | <- | <- | <- | 
| 2025-04-16 | G01 | 08:00:00 | 20:00:00 | 3.5 | 11.5 | 坐垫数据修改 | <- | <- | <- | 
| 2025-04-17 | G01 | 08:00:00 | 20:00:00 | 3.5 | 11.5 | 坐垫数据修改 | <- | <- | <- | 
| 2025-04-18 | G01 | 08:00:00 | 20:00:00 | 3.5 | 11.5 | 坐垫数据修改 | <- | <- | <- | 
| 2025-04-19 |  |  |  |  |  |  | <- | <- | <- | 
| 2025-04-20 |  |  |  |  |  |  | <- | <- | <- | 
| 2025-04-21 | G01 | 08:00:00 | 20:00:00 | 3.5 | 11.5 | 坐垫数据修改 | <- | <- | <- | 
| 2025-04-22 | G01 | 08:00:00 | 20:00:00 | 3.5 | 11.5 | 坐垫数据修改 | <- | <- | <- | 
| 2025-04-23 | G01 | 08:00:00 | 20:00:00 | 3.5 | 11.5 | 坐垫数据修改 | <- | <- | <- | 
| 2025-04-24 | G01 | 08:00:00 | 20:00:00 | 3.5 | 11.5 | 坐垫数据修改 | <- | <- | <- | 
| 2025-04-25 | G01 | 08:00:00 | 20:00:00 | 3.5 | 11.5 | 坐垫数据修改 | <- | <- | <- | 
| 2025-04-26 |  |  |  |  |  |  | <- | <- | <- | 
| 2025-04-27 | G01 | 08:00:00 | 20:00:00 | 3.5 | 11.5 | 坐垫数据修改 | <- | <- | <- | 
| 2025-04-28 | G01 | 08:00:00 | 20:00:00 | 3.5 | 11.5 | 坐垫数据修改 | <- | <- | <- | 
| 2025-04-29 | G01 | 08:00:00 | 20:00:00 | 3.5 | 11.5 | 坐垫数据修改 | <- | <- | <- | 
| 2025-04-30 | G01 | 08:00:00 | 19:00:00 | 2.5 | 10.5 | 坐垫数据修改 | <- | <- | <- | 
| 2025-05-01 |  |  |  |  |  |  | <- | <- | <- | 
| 工时统计 | 项目名称 | 项目编号 | 加班 | <- | 工时 | 项目工程师签字 | <- | <- | <- | 
| ^ | G01 |  | 89.0 | <- | 265.0 |  | <- | <- | <- | 
| ^ |  |  |  | <- |  |  | <- | <- | <- | 
| ^ |  |  |  | <- |  |  | <- | <- | <- | 
| ^ |  |  |  | <- |  |  | <- | <- | <- | 
| 总计工时 | 265.00 | <- | 经理签字： | <- | <- |  | <- | <- | <- | 


## 工作表: Sheet1

| A | B | C | D | E | F | 
|  --- | --- | --- | --- | --- | --- |
|  |  |  | 一年调整一次，请勿随意删除 | <- | <- | 
|  |  |  | 2025 | <- | <- | 
| 年 | 月 |  | 节假日 | 调休加班日 |  | 
| 1905-07-17 | 4 |  | 45658 | 45683 |  | 
|  |  |  | 45685 | 45696 |  | 
|  |  |  | 45686 | 45774 |  | 
|  |  |  | 45687 | 45928 |  | 
|  |  |  | 45688 | 45941 |  | 
|  |  |  | 45689 |  |  | 
|  |  |  | 45690 |  |  | 
|  |  |  | 45691 |  |  | 
|  |  |  | 45692 |  |  | 
|  |  |  | 45751 |  |  | 
|  |  |  | 45752 |  |  | 
|  |  |  | 45753 |  |  | 
|  |  |  | 45778 |  |  | 
|  |  |  | 45779 |  |  | 
|  |  |  | 45780 |  |  | 
|  |  |  | 45781 |  |  | 
|  |  |  | 45782 |  |  | 
|  |  |  | 45808 |  |  | 
|  |  |  | 45809 |  |  | 
|  |  |  | 45810 |  |  | 
|  |  |  | 45931 |  |  | 
|  |  |  | 45932 |  |  | 
|  |  |  | 45933 |  |  | 
|  |  |  | 45934 |  |  | 
|  |  |  | 45935 |  |  | 
|  |  |  | 45936 |  |  | 
|  |  |  | 45937 |  |  | 
|  |  |  | 45938 |  |  | 



2025-05-20 10:58:10,811 - INFO - 从表格文本中，提取员工姓名和公司名称...
2025-05-20 10:58:10,812 - INFO - 发送请求到模型API...
2025-05-20 10:58:10,812 - INFO - system_prompt：
你是一个专业的表格信息提取助手。用户会提供给你一份Excel工时表，已转换为Markdown格式。你需要提取出表格包含的员工姓名`employee_name`和公司名称`company_name`。以JSON格式输出结果，包含`employee_name`和`company_name`两个字段。如果无法提取到员工姓名和公司名称，请返回空字符串。

markdown格式的表格中合并单元格表示法：
   - "^" 符号表示该单元格与上方单元格合并（纵向合并）
   - "<-" 符号表示该单元格与左侧单元格合并（横向合并）
   - "^<-" 符号表示该单元格同时与上方和左侧单元格合并（纵横合并）

比如：{"employee_name":"张三", "company_name":"XXX公司"}
注意：直接返回结果，不要包含任何解释或说明。

2025-05-20 10:58:10,814 - INFO - user_prompt：## 工作表: 李杨

| A | B | C | D | E | F | G | H | I | J | 
|  --- | --- | --- | --- | --- | --- | --- | --- | --- | --- |
| 重庆安道拓 | <- | 上海睿励信息技术有限公司 工时记录表 | <- | <- | <- | <- | <- | <- | <- | 
| ^ | ^<- | 供应商 |  | <- | <- | <- | <- | <- | <- | 
| 工程师 | 李杨 | <- | 负责人 | 严强 | 电话 | 15736520268 | <- | <- | <- | 
| 日期 | 项目名称 | 开始工作时间 | 工作结束时间 | 加班时间 | 总工作时间 | 备注 | <- | <- | <- | 
| 2025-04-01 | G01 | 08:00:00 | 20:00:00 | 3.5 | 11.5 | 坐垫数据修改 | <- | <- | <- | 
| 2025-04-02 | G01 | 08:00:00 | 20:00:00 | 3.5 | 11.5 | 坐垫数据修改 | <- | <- | <- | 
| 2025-04-03 | G01 | 08:00:00 | 20:00:00 | 3.5 | 11.5 | 坐垫数据修改 | <- | <- | <- | 
| 2025-04-04 | G01 | 09:00:00 | 18:00:00 | 8.5 | 8.5 | 坐垫数据交付 | <- | <- | <- | 
| 2025-04-05 |  |  |  |  |  |  | <- | <- | <- | 
| 2025-04-06 |  |  |  |  |  |  | <- | <- | <- | 
| 2025-04-07 | G01 | 08:00:00 | 20:00:00 | 3.5 | 11.5 | 坐垫数据修改 | <- | <- | <- | 
| 2025-04-08 | G01 | 08:00:00 | 20:00:00 | 3.5 | 11.5 | 坐垫数据修改 | <- | <- | <- | 
| 2025-04-09 | G01 | 08:00:00 | 20:00:00 | 3.5 | 11.5 | 坐垫数据修改 | <- | <- | <- | 
| 2025-04-10 | G01 | 08:00:00 | 20:00:00 | 3.5 | 11.5 | 坐垫数据修改 | <- | <- | <- | 
| 2025-04-11 | G01 | 08:00:00 | 19:00:00 | 2.5 | 10.5 | 坐垫数据修改 | <- | <- | <- | 
| 2025-04-12 | G01 | 11:00:00 | 17:00:00 | 5.5 | 5.5 | 坐垫数据交付 | <- | <- | <- | 
| 2025-04-13 |  |  |  |  |  |  | <- | <- | <- | 
| 2025-04-14 | G01 | 08:00:00 | 20:00:00 | 3.5 | 11.5 | 坐垫数据修改 | <- | <- | <- | 
| 2025-04-15 | G01 | 08:00:00 | 20:00:00 | 3.5 | 11.5 | 坐垫数据修改 | <- | <- | <- | 
| 2025-04-16 | G01 | 08:00:00 | 20:00:00 | 3.5 | 11.5 | 坐垫数据修改 | <- | <- | <- | 
| 2025-04-17 | G01 | 08:00:00 | 20:00:00 | 3.5 | 11.5 | 坐垫数据修改 | <- | <- | <- | 
| 2025-04-18 | G01 | 08:00:00 | 20:00:00 | 3.5 | 11.5 | 坐垫数据修改 | <- | <- | <- | 
| 2025-04-19 |  |  |  |  |  |  | <- | <- | <- | 
| 2025-04-20 |  |  |  |  |  |  | <- | <- | <- | 
| 2025-04-21 | G01 | 08:00:00 | 20:00:00 | 3.5 | 11.5 | 坐垫数据修改 | <- | <- | <- | 
| 2025-04-22 | G01 | 08:00:00 | 20:00:00 | 3.5 | 11.5 | 坐垫数据修改 | <- | <- | <- | 
| 2025-04-23 | G01 | 08:00:00 | 20:00:00 | 3.5 | 11.5 | 坐垫数据修改 | <- | <- | <- | 
| 2025-04-24 | G01 | 08:00:00 | 20:00:00 | 3.5 | 11.5 | 坐垫数据修改 | <- | <- | <- | 
| 2025-04-25 | G01 | 08:00:00 | 20:00:00 | 3.5 | 11.5 | 坐垫数据修改 | <- | <- | <- | 
| 2025-04-26 |  |  |  |  |  |  | <- | <- | <- | 
| 2025-04-27 | G01 | 08:00:00 | 20:00:00 | 3.5 | 11.5 | 坐垫数据修改 | <- | <- | <- | 
| 2025-04-28 | G01 | 08:00:00 | 20:00:00 | 3.5 | 11.5 | 坐垫数据修改 | <- | <- | <- | 
| 2025-04-29 | G01 | 08:00:00 | 20:00:00 | 3.5 | 11.5 | 坐垫数据修改 | <- | <- | <- | 
| 2025-04-30 | G01 | 08:00:00 | 19:00:00 | 2.5 | 10.5 | 坐垫数据修改 | <- | <- | <- | 
| 2025-05-01 |  |  |  |  |  |  | <- | <- | <- | 
| 工时统计 | 项目名称 | 项目编号 | 加班 | <- | 工时 | 项目工程师签字 | <- | <- | <- | 
| ^ | G01 |  | 89.0 | <- | 265.0 |  | <- | <- | <- | 
| ^ |  |  |  | <- |  |  | <- | <- | <- | 
| ^ |  |  |  | <- |  |  | <- | <- | <- | 
| ^ |  |  |  | <- |  |  | <- | <- | <- | 
| 总计工时 | 265.00 | <- | 经理签字： | <- | <- |  | <- | <- | <- | 


## 工作表: Sheet1

| A | B | C | D | E | F | 
|  --- | --- | --- | --- | --- | --- |
|  |  |  | 一年调整一次，请勿随意删除 | <- | <- | 
|  |  |  | 2025 | <- | <- | 
| 年 | 月 |  | 节假日 | 调休加班日 |  | 
| 1905-07-17 | 4 |  | 45658 | 45683 |  | 
|  |  |  | 45685 | 45696 |  | 
|  |  |  | 45686 | 45774 |  | 
|  |  |  | 45687 | 45928 |  | 
|  |  |  | 45688 | 45941 |  | 
|  |  |  | 45689 |  |  | 
|  |  |  | 45690 |  |  | 
|  |  |  | 45691 |  |  | 
|  |  |  | 45692 |  |  | 
|  |  |  | 45751 |  |  | 
|  |  |  | 45752 |  |  | 
|  |  |  | 45753 |  |  | 
|  |  |  | 45778 |  |  | 
|  |  |  | 45779 |  |  | 
|  |  |  | 45780 |  |  | 
|  |  |  | 45781 |  |  | 
|  |  |  | 45782 |  |  | 
|  |  |  | 45808 |  |  | 
|  |  |  | 45809 |  |  | 
|  |  |  | 45810 |  |  | 
|  |  |  | 45931 |  |  | 
|  |  |  | 45932 |  |  | 
|  |  |  | 45933 |  |  | 
|  |  |  | 45934 |  |  | 
|  |  |  | 45935 |  |  | 
|  |  |  | 45936 |  |  | 
|  |  |  | 45937 |  |  | 
|  |  |  | 45938 |  |  | 



2025-05-20 10:58:12,793 - INFO - 请求成功，状态码: 200
2025-05-20 10:58:12,794 - INFO - 模型返回：{"employee_name":"李杨", "company_name":"上海睿励信息技术有限公司"}

2025-05-20 10:58:12,794 - INFO - 解析模型返回：
 - 员工姓名：李杨,  - 公司名称：上海睿励信息技术有限公司
2025-05-20 10:58:12,795 - INFO - 

从表格文本中，提取汇总数据...
2025-05-20 10:58:12,795 - INFO - 发送请求到模型API...
2025-05-20 10:58:12,795 - INFO - system_prompt：
你是一个专业的工时数据提取助手。用户会提供给你一份Excel工时表，已转换为Markdown格式。你需要提取出表格中的按照项目做统计的工时汇总数据。将提取结果以JSON格式输出。以项目名称作为key为项目名称，value为包含加班和工时的字典。

markdown格式的表格中合并单元格表示法：
   - "^" 符号表示该单元格与上方单元格合并（纵向合并）
   - "<-" 符号表示该单元格与左侧单元格合并（横向合并）
   - "^<-" 符号表示该单元格同时与上方和左侧单元格合并（纵横合并）

你可以按照以下步骤进行分析：
1. 首先，定位表格中工时统计汇总数据，通常在表格的下方。
2. 读取工时统计汇总数据，包含项目名称、项目编号、加班、工时等。项目编号可能为空。
3. 整理所有数据，以JSON格式输。key为项目名称，value为包含加班`overtime_hours`和工时`total_hours`的字典。

注意：
1.直接返回结果，不要包含任何解释或说明。
2.输出结果必须严格按照无语法错误的JSON格式输出，不能有任何其他格式。

以JSON格式输出结果，示例输出如下：
示例1：
{"D11":{"overtime_hours":20,"total_hours":120}, "A12":{"overtime_hours":6,"total_hours":14}, "B13":{"overtime_hours":1,"total_hours":10}}
示例2：
{"D11":{"overtime_hours":20,"total_hours":120}, "A12":{"overtime_hours":6,"total_hours":14}}

2025-05-20 10:58:12,798 - INFO - user_prompt：## 工作表: 李杨

| A | B | C | D | E | F | G | H | I | J | 
|  --- | --- | --- | --- | --- | --- | --- | --- | --- | --- |
| 重庆安道拓 | <- | 上海睿励信息技术有限公司 工时记录表 | <- | <- | <- | <- | <- | <- | <- | 
| ^ | ^<- | 供应商 |  | <- | <- | <- | <- | <- | <- | 
| 工程师 | 李杨 | <- | 负责人 | 严强 | 电话 | 15736520268 | <- | <- | <- | 
| 日期 | 项目名称 | 开始工作时间 | 工作结束时间 | 加班时间 | 总工作时间 | 备注 | <- | <- | <- | 
| 2025-04-01 | G01 | 08:00:00 | 20:00:00 | 3.5 | 11.5 | 坐垫数据修改 | <- | <- | <- | 
| 2025-04-02 | G01 | 08:00:00 | 20:00:00 | 3.5 | 11.5 | 坐垫数据修改 | <- | <- | <- | 
| 2025-04-03 | G01 | 08:00:00 | 20:00:00 | 3.5 | 11.5 | 坐垫数据修改 | <- | <- | <- | 
| 2025-04-04 | G01 | 09:00:00 | 18:00:00 | 8.5 | 8.5 | 坐垫数据交付 | <- | <- | <- | 
| 2025-04-05 |  |  |  |  |  |  | <- | <- | <- | 
| 2025-04-06 |  |  |  |  |  |  | <- | <- | <- | 
| 2025-04-07 | G01 | 08:00:00 | 20:00:00 | 3.5 | 11.5 | 坐垫数据修改 | <- | <- | <- | 
| 2025-04-08 | G01 | 08:00:00 | 20:00:00 | 3.5 | 11.5 | 坐垫数据修改 | <- | <- | <- | 
| 2025-04-09 | G01 | 08:00:00 | 20:00:00 | 3.5 | 11.5 | 坐垫数据修改 | <- | <- | <- | 
| 2025-04-10 | G01 | 08:00:00 | 20:00:00 | 3.5 | 11.5 | 坐垫数据修改 | <- | <- | <- | 
| 2025-04-11 | G01 | 08:00:00 | 19:00:00 | 2.5 | 10.5 | 坐垫数据修改 | <- | <- | <- | 
| 2025-04-12 | G01 | 11:00:00 | 17:00:00 | 5.5 | 5.5 | 坐垫数据交付 | <- | <- | <- | 
| 2025-04-13 |  |  |  |  |  |  | <- | <- | <- | 
| 2025-04-14 | G01 | 08:00:00 | 20:00:00 | 3.5 | 11.5 | 坐垫数据修改 | <- | <- | <- | 
| 2025-04-15 | G01 | 08:00:00 | 20:00:00 | 3.5 | 11.5 | 坐垫数据修改 | <- | <- | <- | 
| 2025-04-16 | G01 | 08:00:00 | 20:00:00 | 3.5 | 11.5 | 坐垫数据修改 | <- | <- | <- | 
| 2025-04-17 | G01 | 08:00:00 | 20:00:00 | 3.5 | 11.5 | 坐垫数据修改 | <- | <- | <- | 
| 2025-04-18 | G01 | 08:00:00 | 20:00:00 | 3.5 | 11.5 | 坐垫数据修改 | <- | <- | <- | 
| 2025-04-19 |  |  |  |  |  |  | <- | <- | <- | 
| 2025-04-20 |  |  |  |  |  |  | <- | <- | <- | 
| 2025-04-21 | G01 | 08:00:00 | 20:00:00 | 3.5 | 11.5 | 坐垫数据修改 | <- | <- | <- | 
| 2025-04-22 | G01 | 08:00:00 | 20:00:00 | 3.5 | 11.5 | 坐垫数据修改 | <- | <- | <- | 
| 2025-04-23 | G01 | 08:00:00 | 20:00:00 | 3.5 | 11.5 | 坐垫数据修改 | <- | <- | <- | 
| 2025-04-24 | G01 | 08:00:00 | 20:00:00 | 3.5 | 11.5 | 坐垫数据修改 | <- | <- | <- | 
| 2025-04-25 | G01 | 08:00:00 | 20:00:00 | 3.5 | 11.5 | 坐垫数据修改 | <- | <- | <- | 
| 2025-04-26 |  |  |  |  |  |  | <- | <- | <- | 
| 2025-04-27 | G01 | 08:00:00 | 20:00:00 | 3.5 | 11.5 | 坐垫数据修改 | <- | <- | <- | 
| 2025-04-28 | G01 | 08:00:00 | 20:00:00 | 3.5 | 11.5 | 坐垫数据修改 | <- | <- | <- | 
| 2025-04-29 | G01 | 08:00:00 | 20:00:00 | 3.5 | 11.5 | 坐垫数据修改 | <- | <- | <- | 
| 2025-04-30 | G01 | 08:00:00 | 19:00:00 | 2.5 | 10.5 | 坐垫数据修改 | <- | <- | <- | 
| 2025-05-01 |  |  |  |  |  |  | <- | <- | <- | 
| 工时统计 | 项目名称 | 项目编号 | 加班 | <- | 工时 | 项目工程师签字 | <- | <- | <- | 
| ^ | G01 |  | 89.0 | <- | 265.0 |  | <- | <- | <- | 
| ^ |  |  |  | <- |  |  | <- | <- | <- | 
| ^ |  |  |  | <- |  |  | <- | <- | <- | 
| ^ |  |  |  | <- |  |  | <- | <- | <- | 
| 总计工时 | 265.00 | <- | 经理签字： | <- | <- |  | <- | <- | <- | 


## 工作表: Sheet1

| A | B | C | D | E | F | 
|  --- | --- | --- | --- | --- | --- |
|  |  |  | 一年调整一次，请勿随意删除 | <- | <- | 
|  |  |  | 2025 | <- | <- | 
| 年 | 月 |  | 节假日 | 调休加班日 |  | 
| 1905-07-17 | 4 |  | 45658 | 45683 |  | 
|  |  |  | 45685 | 45696 |  | 
|  |  |  | 45686 | 45774 |  | 
|  |  |  | 45687 | 45928 |  | 
|  |  |  | 45688 | 45941 |  | 
|  |  |  | 45689 |  |  | 
|  |  |  | 45690 |  |  | 
|  |  |  | 45691 |  |  | 
|  |  |  | 45692 |  |  | 
|  |  |  | 45751 |  |  | 
|  |  |  | 45752 |  |  | 
|  |  |  | 45753 |  |  | 
|  |  |  | 45778 |  |  | 
|  |  |  | 45779 |  |  | 
|  |  |  | 45780 |  |  | 
|  |  |  | 45781 |  |  | 
|  |  |  | 45782 |  |  | 
|  |  |  | 45808 |  |  | 
|  |  |  | 45809 |  |  | 
|  |  |  | 45810 |  |  | 
|  |  |  | 45931 |  |  | 
|  |  |  | 45932 |  |  | 
|  |  |  | 45933 |  |  | 
|  |  |  | 45934 |  |  | 
|  |  |  | 45935 |  |  | 
|  |  |  | 45936 |  |  | 
|  |  |  | 45937 |  |  | 
|  |  |  | 45938 |  |  | 



2025-05-20 10:58:14,949 - INFO - 请求成功，状态码: 200
2025-05-20 10:58:14,950 - INFO - 模型返回：
{"G01":{"overtime_hours":89.0,"total_hours":265.0}}

2025-05-20 10:58:14,950 - INFO - 源数据表中的工时汇总数据：{'G01': {'overtime_hours': 89.0, 'total_hours': 265.0}}
2025-05-20 10:58:14,950 - INFO - 文件处理进度：6 / 10
2025-05-20 10:58:14,951 - INFO - 开始处理工时文件：D:/sotos工作资料/test/2\李胜祥工时表-重庆安道拓-2025年04月.xlsx
2025-05-20 10:58:15,077 - INFO - Excel表格提取文本：
## 工作表: 李胜祥

| A | B | C | D | E | F | G | H | I | J | 
|  --- | --- | --- | --- | --- | --- | --- | --- | --- | --- |
| 重庆延锋安道拓 | <- | 上海睿励信息技术有限公司 工时记录表 | <- | <- | <- | <- | <- | <- | <- | 
| ^ | ^<- | 供应商 |  | <- | <- | <- | <- | <- | <- | 
| 工程师 | 李胜祥 | <- | 负责人 | 向阳 | 电话 | 15123280041 | <- | <- | <- | 
| 日期 | 项目名称 | 开始工作时间 | 工作结束时间 | 加班时间 | 总工作时间 | 备注 | <- | <- | <- | 
| 2025-04-01 | D16 | 09:00:00 | 20:00:00 | 2.5 | 10.5 | D16方案数据绘制 | <- | <- | <- | 
| 2025-04-02 | D16 | 08:30:00 | 20:00:00 | 3.0 | 11.0 | D16方案数据绘制 | <- | <- | <- | 
| 2025-04-03 | D16 | 08:30:00 | 19:00:00 | 2.0 | 10.0 | D16方案数据绘制 | <- | <- | <- | 
| 2025-04-04 | D16 |  |  |  |  |  | <- | <- | <- | 
| 2025-04-05 | D16 |  |  |  |  |  | <- | <- | <- | 
| 2025-04-06 | D16 |  |  |  |  |  | <- | <- | <- | 
| 2025-04-07 | D16 | 08:30:00 | 20:00:00 | 3.0 | 11.0 | D16方案数据绘制 | <- | <- | <- | 
| 2025-04-08 | D16 | 08:30:00 | 21:00:00 | 4.0 | 12.0 | D16方案数据绘制 | <- | <- | <- | 
| 2025-04-09 | D16 |  |  |  |  | 事假 | <- | <- | <- | 
| 2025-04-10 | D16 | 11:00:00 | 20:00:00 | 3.0 | 8.5 | D16方案数据绘制（上午事假） | <- | <- | <- | 
| 2025-04-11 | D16 | 08:30:00 | 20:00:00 | 3.0 | 11.0 | D16方案数据绘制 | <- | <- | <- | 
| 2025-04-12 | D16 |  |  |  |  |  | <- | <- | <- | 
| 2025-04-13 | D16 |  |  |  |  |  | <- | <- | <- | 
| 2025-04-14 | D16 | 08:30:00 | 20:00:00 | 3.0 | 11.0 | D16方案数据绘制 | <- | <- | <- | 
| 2025-04-15 | D16 | 08:30:00 | 20:00:00 | 3.0 | 11.0 | D16方案数据绘制 | <- | <- | <- | 
| 2025-04-16 | D16 | 09:00:00 | 17:30:00 | 0.0 | 8.0 | D16方案数据绘制 | <- | <- | <- | 
| 2025-04-17 | D16 | 08:30:00 | 20:00:00 | 3.0 | 11.0 | D16方案数据绘制 | <- | <- | <- | 
| 2025-04-18 | D16 | 08:30:00 | 20:00:00 | 3.0 | 11.0 | D16方案数据绘制 | <- | <- | <- | 
| 2025-04-19 | D16 | 09:30:00 | 17:00:00 | 7.0 | 7.0 | D16方案数据绘制 | <- | <- | <- | 
| 2025-04-20 | D16 |  |  |  |  |  | <- | <- | <- | 
| 2025-04-21 | D16 | 08:30:00 | 20:00:00 | 3.0 | 11.0 | D16方案数据绘制 | <- | <- | <- | 
| 2025-04-22 | D16 | 08:30:00 | 19:00:00 | 2.0 | 10.0 | D16 2D图纸绘制 | <- | <- | <- | 
| 2025-04-23 | D16 | 08:30:00 | 20:00:00 | 3.0 | 11.0 | D16 2D图纸绘制 | <- | <- | <- | 
| 2025-04-24 | D16 | 08:30:00 | 20:00:00 | 3.0 | 11.0 | D16 2D图纸绘制 | <- | <- | <- | 
| 2025-04-25 | D16 | 08:30:00 | 20:00:00 | 3.0 | 11.0 | D16 2D图纸绘制 | <- | <- | <- | 
| 2025-04-26 | D16 |  |  |  |  |  | <- | <- | <- | 
| 2025-04-27 | D16 | 08:30:00 | 20:00:00 | 3.0 | 11.0 | D16方案数据绘制 | <- | <- | <- | 
| 2025-04-28 | D16 | 08:30:00 | 19:30:00 | 2.5 | 10.5 | D16方案数据绘制 | <- | <- | <- | 
| 2025-04-29 | D16 | 08:30:00 | 12:00:00 | 0.0 | 3.5 | 下午事假 | <- | <- | <- | 
| 2025-04-30 | D16 |  |  |  |  | 事假 | <- | <- | <- | 
| 工时统计 | 项目名称 | 项目编号 | 加班 | <- | 工时 | 项目工程师签字 | <- | <- | <- | 
| ^ | D16 | D16 | 59 | <- | 212.0 |  | <- | <- | <- | 
| ^ |  |  |  | <- |  |  | <- | <- | <- | 
| ^ |  |  |  | <- |  |  | <- | <- | <- | 
| ^ |  |  |  | <- |  |  | <- | <- | <- | 
| 总计工时 | 212.00 | <- | 经理签字： | <- | <- |  | <- | <- | <- | 


## 工作表: Sheet1

| A | B | C | D | E | F | 
|  --- | --- | --- | --- | --- | --- |
|  |  |  | 一年调整一次，请勿随意删除 | <- | <- | 
|  |  |  | 2025 | <- | <- | 
| 年 | 月 |  | 节假日 | 调休加班日 |  | 
| 1905-07-17 | 4 |  | 45658 | 45683 |  | 
|  |  |  | 45685 | 45696 |  | 
|  |  |  | 45686 | 45774 |  | 
|  |  |  | 45687 | 45928 |  | 
|  |  |  | 45688 | 45941 |  | 
|  |  |  | 45689 |  |  | 
|  |  |  | 45690 |  |  | 
|  |  |  | 45691 |  |  | 
|  |  |  | 45692 |  |  | 
|  |  |  | 45751 |  |  | 
|  |  |  | 45752 |  |  | 
|  |  |  | 45753 |  |  | 
|  |  |  | 45778 |  |  | 
|  |  |  | 45779 |  |  | 
|  |  |  | 45780 |  |  | 
|  |  |  | 45781 |  |  | 
|  |  |  | 45782 |  |  | 
|  |  |  | 45808 |  |  | 
|  |  |  | 45809 |  |  | 
|  |  |  | 45810 |  |  | 
|  |  |  | 45931 |  |  | 
|  |  |  | 45932 |  |  | 
|  |  |  | 45933 |  |  | 
|  |  |  | 45934 |  |  | 
|  |  |  | 45935 |  |  | 
|  |  |  | 45936 |  |  | 
|  |  |  | 45937 |  |  | 
|  |  |  | 45938 |  |  | 



2025-05-20 10:58:15,087 - INFO - 从表格文本中，提取员工姓名和公司名称...
2025-05-20 10:58:15,087 - INFO - 发送请求到模型API...
2025-05-20 10:58:15,088 - INFO - system_prompt：
你是一个专业的表格信息提取助手。用户会提供给你一份Excel工时表，已转换为Markdown格式。你需要提取出表格包含的员工姓名`employee_name`和公司名称`company_name`。以JSON格式输出结果，包含`employee_name`和`company_name`两个字段。如果无法提取到员工姓名和公司名称，请返回空字符串。

markdown格式的表格中合并单元格表示法：
   - "^" 符号表示该单元格与上方单元格合并（纵向合并）
   - "<-" 符号表示该单元格与左侧单元格合并（横向合并）
   - "^<-" 符号表示该单元格同时与上方和左侧单元格合并（纵横合并）

比如：{"employee_name":"张三", "company_name":"XXX公司"}
注意：直接返回结果，不要包含任何解释或说明。

2025-05-20 10:58:15,089 - INFO - user_prompt：## 工作表: 李胜祥

| A | B | C | D | E | F | G | H | I | J | 
|  --- | --- | --- | --- | --- | --- | --- | --- | --- | --- |
| 重庆延锋安道拓 | <- | 上海睿励信息技术有限公司 工时记录表 | <- | <- | <- | <- | <- | <- | <- | 
| ^ | ^<- | 供应商 |  | <- | <- | <- | <- | <- | <- | 
| 工程师 | 李胜祥 | <- | 负责人 | 向阳 | 电话 | 15123280041 | <- | <- | <- | 
| 日期 | 项目名称 | 开始工作时间 | 工作结束时间 | 加班时间 | 总工作时间 | 备注 | <- | <- | <- | 
| 2025-04-01 | D16 | 09:00:00 | 20:00:00 | 2.5 | 10.5 | D16方案数据绘制 | <- | <- | <- | 
| 2025-04-02 | D16 | 08:30:00 | 20:00:00 | 3.0 | 11.0 | D16方案数据绘制 | <- | <- | <- | 
| 2025-04-03 | D16 | 08:30:00 | 19:00:00 | 2.0 | 10.0 | D16方案数据绘制 | <- | <- | <- | 
| 2025-04-04 | D16 |  |  |  |  |  | <- | <- | <- | 
| 2025-04-05 | D16 |  |  |  |  |  | <- | <- | <- | 
| 2025-04-06 | D16 |  |  |  |  |  | <- | <- | <- | 
| 2025-04-07 | D16 | 08:30:00 | 20:00:00 | 3.0 | 11.0 | D16方案数据绘制 | <- | <- | <- | 
| 2025-04-08 | D16 | 08:30:00 | 21:00:00 | 4.0 | 12.0 | D16方案数据绘制 | <- | <- | <- | 
| 2025-04-09 | D16 |  |  |  |  | 事假 | <- | <- | <- | 
| 2025-04-10 | D16 | 11:00:00 | 20:00:00 | 3.0 | 8.5 | D16方案数据绘制（上午事假） | <- | <- | <- | 
| 2025-04-11 | D16 | 08:30:00 | 20:00:00 | 3.0 | 11.0 | D16方案数据绘制 | <- | <- | <- | 
| 2025-04-12 | D16 |  |  |  |  |  | <- | <- | <- | 
| 2025-04-13 | D16 |  |  |  |  |  | <- | <- | <- | 
| 2025-04-14 | D16 | 08:30:00 | 20:00:00 | 3.0 | 11.0 | D16方案数据绘制 | <- | <- | <- | 
| 2025-04-15 | D16 | 08:30:00 | 20:00:00 | 3.0 | 11.0 | D16方案数据绘制 | <- | <- | <- | 
| 2025-04-16 | D16 | 09:00:00 | 17:30:00 | 0.0 | 8.0 | D16方案数据绘制 | <- | <- | <- | 
| 2025-04-17 | D16 | 08:30:00 | 20:00:00 | 3.0 | 11.0 | D16方案数据绘制 | <- | <- | <- | 
| 2025-04-18 | D16 | 08:30:00 | 20:00:00 | 3.0 | 11.0 | D16方案数据绘制 | <- | <- | <- | 
| 2025-04-19 | D16 | 09:30:00 | 17:00:00 | 7.0 | 7.0 | D16方案数据绘制 | <- | <- | <- | 
| 2025-04-20 | D16 |  |  |  |  |  | <- | <- | <- | 
| 2025-04-21 | D16 | 08:30:00 | 20:00:00 | 3.0 | 11.0 | D16方案数据绘制 | <- | <- | <- | 
| 2025-04-22 | D16 | 08:30:00 | 19:00:00 | 2.0 | 10.0 | D16 2D图纸绘制 | <- | <- | <- | 
| 2025-04-23 | D16 | 08:30:00 | 20:00:00 | 3.0 | 11.0 | D16 2D图纸绘制 | <- | <- | <- | 
| 2025-04-24 | D16 | 08:30:00 | 20:00:00 | 3.0 | 11.0 | D16 2D图纸绘制 | <- | <- | <- | 
| 2025-04-25 | D16 | 08:30:00 | 20:00:00 | 3.0 | 11.0 | D16 2D图纸绘制 | <- | <- | <- | 
| 2025-04-26 | D16 |  |  |  |  |  | <- | <- | <- | 
| 2025-04-27 | D16 | 08:30:00 | 20:00:00 | 3.0 | 11.0 | D16方案数据绘制 | <- | <- | <- | 
| 2025-04-28 | D16 | 08:30:00 | 19:30:00 | 2.5 | 10.5 | D16方案数据绘制 | <- | <- | <- | 
| 2025-04-29 | D16 | 08:30:00 | 12:00:00 | 0.0 | 3.5 | 下午事假 | <- | <- | <- | 
| 2025-04-30 | D16 |  |  |  |  | 事假 | <- | <- | <- | 
| 工时统计 | 项目名称 | 项目编号 | 加班 | <- | 工时 | 项目工程师签字 | <- | <- | <- | 
| ^ | D16 | D16 | 59 | <- | 212.0 |  | <- | <- | <- | 
| ^ |  |  |  | <- |  |  | <- | <- | <- | 
| ^ |  |  |  | <- |  |  | <- | <- | <- | 
| ^ |  |  |  | <- |  |  | <- | <- | <- | 
| 总计工时 | 212.00 | <- | 经理签字： | <- | <- |  | <- | <- | <- | 


## 工作表: Sheet1

| A | B | C | D | E | F | 
|  --- | --- | --- | --- | --- | --- |
|  |  |  | 一年调整一次，请勿随意删除 | <- | <- | 
|  |  |  | 2025 | <- | <- | 
| 年 | 月 |  | 节假日 | 调休加班日 |  | 
| 1905-07-17 | 4 |  | 45658 | 45683 |  | 
|  |  |  | 45685 | 45696 |  | 
|  |  |  | 45686 | 45774 |  | 
|  |  |  | 45687 | 45928 |  | 
|  |  |  | 45688 | 45941 |  | 
|  |  |  | 45689 |  |  | 
|  |  |  | 45690 |  |  | 
|  |  |  | 45691 |  |  | 
|  |  |  | 45692 |  |  | 
|  |  |  | 45751 |  |  | 
|  |  |  | 45752 |  |  | 
|  |  |  | 45753 |  |  | 
|  |  |  | 45778 |  |  | 
|  |  |  | 45779 |  |  | 
|  |  |  | 45780 |  |  | 
|  |  |  | 45781 |  |  | 
|  |  |  | 45782 |  |  | 
|  |  |  | 45808 |  |  | 
|  |  |  | 45809 |  |  | 
|  |  |  | 45810 |  |  | 
|  |  |  | 45931 |  |  | 
|  |  |  | 45932 |  |  | 
|  |  |  | 45933 |  |  | 
|  |  |  | 45934 |  |  | 
|  |  |  | 45935 |  |  | 
|  |  |  | 45936 |  |  | 
|  |  |  | 45937 |  |  | 
|  |  |  | 45938 |  |  | 



2025-05-20 10:58:16,957 - INFO - 请求成功，状态码: 200
2025-05-20 10:58:16,958 - INFO - 模型返回：{"employee_name":"李胜祥", "company_name":"重庆延锋安道拓"}

2025-05-20 10:58:16,959 - INFO - 解析模型返回：
 - 员工姓名：李胜祥,  - 公司名称：重庆延锋安道拓
2025-05-20 10:58:16,960 - INFO - 

从表格文本中，提取汇总数据...
2025-05-20 10:58:16,960 - INFO - 发送请求到模型API...
2025-05-20 10:58:16,960 - INFO - system_prompt：
你是一个专业的工时数据提取助手。用户会提供给你一份Excel工时表，已转换为Markdown格式。你需要提取出表格中的按照项目做统计的工时汇总数据。将提取结果以JSON格式输出。以项目名称作为key为项目名称，value为包含加班和工时的字典。

markdown格式的表格中合并单元格表示法：
   - "^" 符号表示该单元格与上方单元格合并（纵向合并）
   - "<-" 符号表示该单元格与左侧单元格合并（横向合并）
   - "^<-" 符号表示该单元格同时与上方和左侧单元格合并（纵横合并）

你可以按照以下步骤进行分析：
1. 首先，定位表格中工时统计汇总数据，通常在表格的下方。
2. 读取工时统计汇总数据，包含项目名称、项目编号、加班、工时等。项目编号可能为空。
3. 整理所有数据，以JSON格式输。key为项目名称，value为包含加班`overtime_hours`和工时`total_hours`的字典。

注意：
1.直接返回结果，不要包含任何解释或说明。
2.输出结果必须严格按照无语法错误的JSON格式输出，不能有任何其他格式。

以JSON格式输出结果，示例输出如下：
示例1：
{"D11":{"overtime_hours":20,"total_hours":120}, "A12":{"overtime_hours":6,"total_hours":14}, "B13":{"overtime_hours":1,"total_hours":10}}
示例2：
{"D11":{"overtime_hours":20,"total_hours":120}, "A12":{"overtime_hours":6,"total_hours":14}}

2025-05-20 10:58:16,964 - INFO - user_prompt：## 工作表: 李胜祥

| A | B | C | D | E | F | G | H | I | J | 
|  --- | --- | --- | --- | --- | --- | --- | --- | --- | --- |
| 重庆延锋安道拓 | <- | 上海睿励信息技术有限公司 工时记录表 | <- | <- | <- | <- | <- | <- | <- | 
| ^ | ^<- | 供应商 |  | <- | <- | <- | <- | <- | <- | 
| 工程师 | 李胜祥 | <- | 负责人 | 向阳 | 电话 | 15123280041 | <- | <- | <- | 
| 日期 | 项目名称 | 开始工作时间 | 工作结束时间 | 加班时间 | 总工作时间 | 备注 | <- | <- | <- | 
| 2025-04-01 | D16 | 09:00:00 | 20:00:00 | 2.5 | 10.5 | D16方案数据绘制 | <- | <- | <- | 
| 2025-04-02 | D16 | 08:30:00 | 20:00:00 | 3.0 | 11.0 | D16方案数据绘制 | <- | <- | <- | 
| 2025-04-03 | D16 | 08:30:00 | 19:00:00 | 2.0 | 10.0 | D16方案数据绘制 | <- | <- | <- | 
| 2025-04-04 | D16 |  |  |  |  |  | <- | <- | <- | 
| 2025-04-05 | D16 |  |  |  |  |  | <- | <- | <- | 
| 2025-04-06 | D16 |  |  |  |  |  | <- | <- | <- | 
| 2025-04-07 | D16 | 08:30:00 | 20:00:00 | 3.0 | 11.0 | D16方案数据绘制 | <- | <- | <- | 
| 2025-04-08 | D16 | 08:30:00 | 21:00:00 | 4.0 | 12.0 | D16方案数据绘制 | <- | <- | <- | 
| 2025-04-09 | D16 |  |  |  |  | 事假 | <- | <- | <- | 
| 2025-04-10 | D16 | 11:00:00 | 20:00:00 | 3.0 | 8.5 | D16方案数据绘制（上午事假） | <- | <- | <- | 
| 2025-04-11 | D16 | 08:30:00 | 20:00:00 | 3.0 | 11.0 | D16方案数据绘制 | <- | <- | <- | 
| 2025-04-12 | D16 |  |  |  |  |  | <- | <- | <- | 
| 2025-04-13 | D16 |  |  |  |  |  | <- | <- | <- | 
| 2025-04-14 | D16 | 08:30:00 | 20:00:00 | 3.0 | 11.0 | D16方案数据绘制 | <- | <- | <- | 
| 2025-04-15 | D16 | 08:30:00 | 20:00:00 | 3.0 | 11.0 | D16方案数据绘制 | <- | <- | <- | 
| 2025-04-16 | D16 | 09:00:00 | 17:30:00 | 0.0 | 8.0 | D16方案数据绘制 | <- | <- | <- | 
| 2025-04-17 | D16 | 08:30:00 | 20:00:00 | 3.0 | 11.0 | D16方案数据绘制 | <- | <- | <- | 
| 2025-04-18 | D16 | 08:30:00 | 20:00:00 | 3.0 | 11.0 | D16方案数据绘制 | <- | <- | <- | 
| 2025-04-19 | D16 | 09:30:00 | 17:00:00 | 7.0 | 7.0 | D16方案数据绘制 | <- | <- | <- | 
| 2025-04-20 | D16 |  |  |  |  |  | <- | <- | <- | 
| 2025-04-21 | D16 | 08:30:00 | 20:00:00 | 3.0 | 11.0 | D16方案数据绘制 | <- | <- | <- | 
| 2025-04-22 | D16 | 08:30:00 | 19:00:00 | 2.0 | 10.0 | D16 2D图纸绘制 | <- | <- | <- | 
| 2025-04-23 | D16 | 08:30:00 | 20:00:00 | 3.0 | 11.0 | D16 2D图纸绘制 | <- | <- | <- | 
| 2025-04-24 | D16 | 08:30:00 | 20:00:00 | 3.0 | 11.0 | D16 2D图纸绘制 | <- | <- | <- | 
| 2025-04-25 | D16 | 08:30:00 | 20:00:00 | 3.0 | 11.0 | D16 2D图纸绘制 | <- | <- | <- | 
| 2025-04-26 | D16 |  |  |  |  |  | <- | <- | <- | 
| 2025-04-27 | D16 | 08:30:00 | 20:00:00 | 3.0 | 11.0 | D16方案数据绘制 | <- | <- | <- | 
| 2025-04-28 | D16 | 08:30:00 | 19:30:00 | 2.5 | 10.5 | D16方案数据绘制 | <- | <- | <- | 
| 2025-04-29 | D16 | 08:30:00 | 12:00:00 | 0.0 | 3.5 | 下午事假 | <- | <- | <- | 
| 2025-04-30 | D16 |  |  |  |  | 事假 | <- | <- | <- | 
| 工时统计 | 项目名称 | 项目编号 | 加班 | <- | 工时 | 项目工程师签字 | <- | <- | <- | 
| ^ | D16 | D16 | 59 | <- | 212.0 |  | <- | <- | <- | 
| ^ |  |  |  | <- |  |  | <- | <- | <- | 
| ^ |  |  |  | <- |  |  | <- | <- | <- | 
| ^ |  |  |  | <- |  |  | <- | <- | <- | 
| 总计工时 | 212.00 | <- | 经理签字： | <- | <- |  | <- | <- | <- | 


## 工作表: Sheet1

| A | B | C | D | E | F | 
|  --- | --- | --- | --- | --- | --- |
|  |  |  | 一年调整一次，请勿随意删除 | <- | <- | 
|  |  |  | 2025 | <- | <- | 
| 年 | 月 |  | 节假日 | 调休加班日 |  | 
| 1905-07-17 | 4 |  | 45658 | 45683 |  | 
|  |  |  | 45685 | 45696 |  | 
|  |  |  | 45686 | 45774 |  | 
|  |  |  | 45687 | 45928 |  | 
|  |  |  | 45688 | 45941 |  | 
|  |  |  | 45689 |  |  | 
|  |  |  | 45690 |  |  | 
|  |  |  | 45691 |  |  | 
|  |  |  | 45692 |  |  | 
|  |  |  | 45751 |  |  | 
|  |  |  | 45752 |  |  | 
|  |  |  | 45753 |  |  | 
|  |  |  | 45778 |  |  | 
|  |  |  | 45779 |  |  | 
|  |  |  | 45780 |  |  | 
|  |  |  | 45781 |  |  | 
|  |  |  | 45782 |  |  | 
|  |  |  | 45808 |  |  | 
|  |  |  | 45809 |  |  | 
|  |  |  | 45810 |  |  | 
|  |  |  | 45931 |  |  | 
|  |  |  | 45932 |  |  | 
|  |  |  | 45933 |  |  | 
|  |  |  | 45934 |  |  | 
|  |  |  | 45935 |  |  | 
|  |  |  | 45936 |  |  | 
|  |  |  | 45937 |  |  | 
|  |  |  | 45938 |  |  | 



2025-05-20 10:58:18,911 - INFO - 请求成功，状态码: 200
2025-05-20 10:58:18,912 - INFO - 模型返回：
{"D16":{"overtime_hours":59,"total_hours":212.0}}

2025-05-20 10:58:18,913 - INFO - 源数据表中的工时汇总数据：{'D16': {'overtime_hours': 59, 'total_hours': 212.0}}
2025-05-20 10:58:18,913 - INFO - 文件处理进度：7 / 10
2025-05-20 10:58:18,914 - INFO - 开始处理工时文件：D:/sotos工作资料/test/2\欧家冀工时表-重庆安道拓-2025年04月.xlsx
2025-05-20 10:58:19,113 - INFO - Excel表格提取文本：
## 工作表: 欧家冀

| A | B | C | D | E | F | G | H | I | J | K | L | M | N | O | P | Q | R | S | 
|  --- | --- | --- | --- | --- | --- | --- | --- | --- | --- | --- | --- | --- | --- | --- | --- | --- | --- | --- |
| 重庆延锋安道拓 | <- | 上海睿励信息技术有限公司 工时记录表 | <- | <- | <- | <- | <- | <- | <- |  | 早退 | 每日工作完成率 | 请假（详细说明请假事由，时间） | 迟到 | 数据质量问题发生率 | 加班出勤率 | 玩手机和睡觉 | 脱岗 | 
| ^ | ^<- | 供应商 | 上海睿励 | <- | <- | <- | <- | <- | <- | ^ | ^ | ^ | ^ | ^ | ^ | ^ | ^ | ^ | 
| 工程师 | 欧家冀 | <- | 负责人 | 吴军 | 电话 | 13102341591 | <- | <- | <- | ^ | ^ | ^ | ^ | ^ | ^ | ^ | ^ | ^ | 
| 日期 | 项目名称 | 开始工作时间 | 工作结束时间 | 加班时间 | 总工作时间 | 备注 | <- | <- | <- | ^ | ^ | ^ | ^ | ^ | ^ | ^ | ^ | ^ | 
| 2025-04-01 | V540 | 08:30:00 | 19:30:00 | 2.5 | 10.5 | V540二排图纸更新修改 | <- | <- | <- |  |  |  |  |  |  |  |  |  | 
| 2025-04-02 | V540 | 08:30:00 | 19:30:00 | 2.5 | 10.5 | V540二排图纸更新修改 | <- | <- | <- |  |  |  |  |  |  |  |  |  | 
| 2025-04-03 | V540 | 08:30:00 | 17:30:00 | 0.5 | 8.5 | V540二排图纸更新修改/变更点报告更新 | <- | <- | <- |  |  |  |  |  |  |  |  |  | 
| 2025-04-04 |  |  |  |  |  |  | <- | <- | <- |  |  |  |  |  |  |  |  |  | 
| 2025-04-05 |  |  |  |  |  |  | <- | <- | <- |  |  |  |  |  |  |  |  |  | 
| 2025-04-06 |  |  |  |  |  |  | <- | <- | <- |  |  |  |  |  |  |  |  |  | 
| 2025-04-07 | V540 | 08:30:00 | 19:30:00 | 2.5 | 10.5 | V540二排图纸更新修改/变更点报告更新 | <- | <- | <- |  |  |  |  |  |  |  |  |  | 
| 2025-04-08 | V540 | 08:30:00 | 19:30:00 | 2.5 | 10.5 | V540二排图纸数据更新上传PLM系统 | <- | <- | <- |  |  |  |  |  |  |  |  |  | 
| 2025-04-09 | V540 | 08:30:00 | 19:30:00 | 2.5 | 10.5 | V540二排图纸数据更新上传PLM系统 | <- | <- | <- |  |  |  |  |  |  |  |  |  | 
| 2025-04-10 | V540 | 08:30:00 | 19:30:00 | 2.5 | 10.5 | V540二排图纸数据更新上传PLM系统 | <- | <- | <- |  |  |  |  |  |  |  |  |  | 
| 2025-04-11 | V540 | 08:00:00 | 17:00:00 | 0.5 | 8.5 | V540二排图纸数据更新上传PLM系统 | <- | <- | <- |  |  |  |  |  |  |  |  |  | 
| 2025-04-12 |  |  |  |  |  |  | <- | <- | <- |  |  |  |  |  |  |  |  |  | 
| 2025-04-13 |  |  |  |  |  |  | <- | <- | <- |  |  |  |  |  |  |  |  |  | 
| 2025-04-14 | V540 | 08:30:00 | 19:30:00 | 2.5 | 10.5 | V540二排图纸数据更新上传PLM系统 | <- | <- | <- |  |  |  |  |  |  |  |  |  | 
| 2025-04-15 | V540 | 08:00:00 | 19:00:00 | 2.5 | 10.5 | V540二排图纸数据更新上传PLM系统 | <- | <- | <- |  |  |  |  |  |  |  |  |  | 
| 2025-04-16 | V540 | 08:30:00 | 19:30:00 | 2.5 | 10.5 | V540二排图纸数据更新上传PLM系统 | <- | <- | <- |  |  |  |  |  |  |  |  |  | 
| 2025-04-17 | V540 | 08:30:00 | 19:30:00 | 2.5 | 10.5 | V540二排图纸数据更新上传PLM系统 | <- | <- | <- |  |  |  |  |  |  |  |  |  | 
| 2025-04-18 | V540 | 08:00:00 | 18:00:00 | 1.5 | 9.5 | V540二排图纸数据更新上传PLM系统 | <- | <- | <- |  |  |  |  |  |  |  |  |  | 
| 2025-04-19 |  |  |  |  |  |  | <- | <- | <- |  |  |  |  |  |  |  |  |  | 
| 2025-04-20 |  |  |  |  |  |  | <- | <- | <- |  |  |  |  |  |  |  |  |  | 
| 2025-04-21 | V540 | 09:00:00 | 20:00:00 | 2.5 | 10.5 | V540二排图纸数据更新上传PLM系统 | <- | <- | <- |  |  |  |  |  |  |  |  |  | 
| 2025-04-22 | V540 | 08:30:00 | 19:30:00 | 2.5 | 10.5 | V540二排图纸数据更新上传PLM系统 | <- | <- | <- |  |  |  |  |  |  |  |  |  | 
| 2025-04-23 | V540 | 08:30:00 | 19:30:00 | 2.5 | 10.5 | V540二排图纸数据更新上传PLM系统 | <- | <- | <- |  |  |  |  |  |  |  |  |  | 
| 2025-04-24 | V540 | 08:30:00 | 19:30:00 | 2.5 | 10.5 | V540二排图纸数据更新上传PLM系统 | <- | <- | <- |  |  |  |  |  |  |  |  |  | 
| 2025-04-25 | V540 | 08:30:00 | 18:00:00 | 1.0 | 9.0 | V540二排图纸数据更新上传PLM系统 | <- | <- | <- |  |  |  |  |  |  |  |  |  | 
| 2025-04-26 |  |  |  |  |  |  | <- | <- | <- |  |  |  |  |  |  |  |  |  | 
| 2025-04-27 | V540 | 08:30:00 | 19:30:00 | 2.5 | 10.5 | V540二排图纸数据更新上传PLM系统 | <- | <- | <- |  |  |  |  |  |  |  |  |  | 
| 2025-04-28 | V540 | 08:30:00 | 19:30:00 | 2.5 | 10.5 | V540二排图纸数据更新上传PLM系统 | <- | <- | <- |  |  |  |  |  |  |  |  |  | 
| 2025-04-29 | V540 | 08:30:00 | 19:30:00 | 2.5 | 10.5 | V540二排图纸数据更新上传PLM系统 | <- | <- | <- |  |  |  |  |  |  |  |  |  | 
| 2025-04-30 | V540 | 08:00:00 | 16:30:00 | 0.0 | 8.0 | V540二排图纸数据更新上传PLM系统 | <- | <- | <- |  |  |  |  |  |  |  |  |  | 
|  |  |  |  |  |  |  | <- | <- | <- |  |  |  |  |  |  |  |  |  | 
| 工时统计 | 项目名称 | 项目编号 | 加班 | <- | 工时 | 项目工程师签字 | <- | <- | <- | 总计 |  |  |  |  |  |  |  |  | 
| ^ | V540 |  | 46.0 | <- | 222.0 |  | <- | <- | <- |  |  |  |  |  |  |  |  |  | 
| ^ |  |  |  | <- |  |  | <- | <- | <- |  |  |  |  |  |  |  |  |  | 
| ^ |  |  |  | <- |  |  | <- | <- | <- |  |  |  |  |  |  |  |  |  | 
| ^ |  |  |  | <- |  |  | <- | <- | <- |  |  |  |  |  |  |  |  |  | 
| 总计工时 | 222.00 | <- | 经理签字： | <- | <- |  | <- | <- | <- |  |  |  |  |  |  |  |  |  | 


## 工作表: 考核说明

| A | B | C | D | E | F | G | H | I | 
|  --- | --- | --- | --- | --- | --- | --- | --- | --- |
|  | 纪律要求 | <- | <- | <- | <- | 责任心 | <- | 配合度要求 | 
|  | 迟到 | 早退 | 工作时间玩手机和睡觉 | 脱岗 | 请假 | 每日工作完成率 | 数据问题发生率 | 加班出勤率 | 
| 规则 | 1.正常上班时间（9：00-18：00）未到岗的
2.约定加班时间未到岗的 | 1.正常上班时间（9：00-18：00）提前离岗的2.工作未完成离岗的 | 1.工作时间睡觉的
2.工作时间发现玩手机与工作无关的 | 1.工作时间里脱岗时间超过20分钟未报备的
2.晚餐时间（17：00-18：00）后，18：00未到岗的 | 1.请假需发正式邮件说明请假事由和时间（抄送：外服公司HR，老板，安道拓对应工程师，对应工程师领导）
2.每一次请假都会被统计
3.临时请假也需补发邮件
4.有工作交付的请假，需自己协调替代人员
5.重大交付节点原则上不接受请假 | 1.每日工作内容需要工程师确认后可以离开，无故离开判定为未完成
2.多日任务，最后未完成的，这几天工作被判定未完成 | 1.方案已定的零件，重复问题发生2次及以上的
2.整体数据提交，发生干涉，版本不对（老数据）等低级错误的
以零件个数进行统计（有几个就写几个） | 1.非工作日安排加班，有事未出勤的需自己协调人员顶替
2.临时安排加班 | 
| 计分 | 被判定迟到的计：-1分 | 被判定早退的计：-1分 | 被判定玩手机和睡觉的计：-1分/次 | 被判定脱岗的计：-1分/次 | 请假扣除请假工时，影响工作交付计：-2分，未影响计：0分，特殊情况由领导商议免除扣分 | 未完成的计：-1分 | 每次按照零件数量统计：-1*n | 出勤计：+2未出勤计：-1 | 
| 说明 | 1.每月的记录，根据扣分情况进行工时加减，工程师签字确认外服最终工时，将每月得分情况抄送外服HR和老板
2.每月的记录上传共享盘，供下一个项目工程师选人参考
3.每月的记录作为外服公司每月/每年评优评先，加薪升职，绩效参考
4.特殊情况请约上外服领导和安道拓领导商议决定 | <- | <- | <- | <- | <- | <- | <- | 
| ^ | ^ | ^<- | ^<- | ^<- | ^<- | ^<- | ^<- | ^<- | 


## 工作表: Sheet1

| A | B | C | D | E | F | 
|  --- | --- | --- | --- | --- | --- |
|  |  |  | 一年调整一次，请勿随意删除 | <- | <- | 
|  |  |  | 2025 | <- | <- | 
| 年 | 月 |  | 节假日 | 调休加班日 |  | 
| 1905-07-17 | 1 |  | 45658 | 45683 |  | 
|  |  |  | 45685 | 45696 |  | 
|  |  |  | 45686 | 45774 |  | 
|  |  |  | 45687 | 45928 |  | 
|  |  |  | 45688 | 45941 |  | 
|  |  |  | 45689 |  |  | 
|  |  |  | 45690 |  |  | 
|  |  |  | 45691 |  |  | 
|  |  |  | 45692 |  |  | 
|  |  |  | 45751 |  |  | 
|  |  |  | 45752 |  |  | 
|  |  |  | 45753 |  |  | 
|  |  |  | 45778 |  |  | 
|  |  |  | 45779 |  |  | 
|  |  |  | 45780 |  |  | 
|  |  |  | 45781 |  |  | 
|  |  |  | 45782 |  |  | 
|  |  |  | 45808 |  |  | 
|  |  |  | 45809 |  |  | 
|  |  |  | 45810 |  |  | 
|  |  |  | 45931 |  |  | 
|  |  |  | 45932 |  |  | 
|  |  |  | 45933 |  |  | 
|  |  |  | 45934 |  |  | 
|  |  |  | 45935 |  |  | 
|  |  |  | 45936 |  |  | 
|  |  |  | 45937 |  |  | 
|  |  |  | 45938 |  |  | 



2025-05-20 10:58:19,130 - INFO - 从表格文本中，提取员工姓名和公司名称...
2025-05-20 10:58:19,131 - INFO - 发送请求到模型API...
2025-05-20 10:58:19,131 - INFO - system_prompt：
你是一个专业的表格信息提取助手。用户会提供给你一份Excel工时表，已转换为Markdown格式。你需要提取出表格包含的员工姓名`employee_name`和公司名称`company_name`。以JSON格式输出结果，包含`employee_name`和`company_name`两个字段。如果无法提取到员工姓名和公司名称，请返回空字符串。

markdown格式的表格中合并单元格表示法：
   - "^" 符号表示该单元格与上方单元格合并（纵向合并）
   - "<-" 符号表示该单元格与左侧单元格合并（横向合并）
   - "^<-" 符号表示该单元格同时与上方和左侧单元格合并（纵横合并）

比如：{"employee_name":"张三", "company_name":"XXX公司"}
注意：直接返回结果，不要包含任何解释或说明。

2025-05-20 10:58:19,133 - INFO - user_prompt：## 工作表: 欧家冀

| A | B | C | D | E | F | G | H | I | J | K | L | M | N | O | P | Q | R | S | 
|  --- | --- | --- | --- | --- | --- | --- | --- | --- | --- | --- | --- | --- | --- | --- | --- | --- | --- | --- |
| 重庆延锋安道拓 | <- | 上海睿励信息技术有限公司 工时记录表 | <- | <- | <- | <- | <- | <- | <- |  | 早退 | 每日工作完成率 | 请假（详细说明请假事由，时间） | 迟到 | 数据质量问题发生率 | 加班出勤率 | 玩手机和睡觉 | 脱岗 | 
| ^ | ^<- | 供应商 | 上海睿励 | <- | <- | <- | <- | <- | <- | ^ | ^ | ^ | ^ | ^ | ^ | ^ | ^ | ^ | 
| 工程师 | 欧家冀 | <- | 负责人 | 吴军 | 电话 | 13102341591 | <- | <- | <- | ^ | ^ | ^ | ^ | ^ | ^ | ^ | ^ | ^ | 
| 日期 | 项目名称 | 开始工作时间 | 工作结束时间 | 加班时间 | 总工作时间 | 备注 | <- | <- | <- | ^ | ^ | ^ | ^ | ^ | ^ | ^ | ^ | ^ | 
| 2025-04-01 | V540 | 08:30:00 | 19:30:00 | 2.5 | 10.5 | V540二排图纸更新修改 | <- | <- | <- |  |  |  |  |  |  |  |  |  | 
| 2025-04-02 | V540 | 08:30:00 | 19:30:00 | 2.5 | 10.5 | V540二排图纸更新修改 | <- | <- | <- |  |  |  |  |  |  |  |  |  | 
| 2025-04-03 | V540 | 08:30:00 | 17:30:00 | 0.5 | 8.5 | V540二排图纸更新修改/变更点报告更新 | <- | <- | <- |  |  |  |  |  |  |  |  |  | 
| 2025-04-04 |  |  |  |  |  |  | <- | <- | <- |  |  |  |  |  |  |  |  |  | 
| 2025-04-05 |  |  |  |  |  |  | <- | <- | <- |  |  |  |  |  |  |  |  |  | 
| 2025-04-06 |  |  |  |  |  |  | <- | <- | <- |  |  |  |  |  |  |  |  |  | 
| 2025-04-07 | V540 | 08:30:00 | 19:30:00 | 2.5 | 10.5 | V540二排图纸更新修改/变更点报告更新 | <- | <- | <- |  |  |  |  |  |  |  |  |  | 
| 2025-04-08 | V540 | 08:30:00 | 19:30:00 | 2.5 | 10.5 | V540二排图纸数据更新上传PLM系统 | <- | <- | <- |  |  |  |  |  |  |  |  |  | 
| 2025-04-09 | V540 | 08:30:00 | 19:30:00 | 2.5 | 10.5 | V540二排图纸数据更新上传PLM系统 | <- | <- | <- |  |  |  |  |  |  |  |  |  | 
| 2025-04-10 | V540 | 08:30:00 | 19:30:00 | 2.5 | 10.5 | V540二排图纸数据更新上传PLM系统 | <- | <- | <- |  |  |  |  |  |  |  |  |  | 
| 2025-04-11 | V540 | 08:00:00 | 17:00:00 | 0.5 | 8.5 | V540二排图纸数据更新上传PLM系统 | <- | <- | <- |  |  |  |  |  |  |  |  |  | 
| 2025-04-12 |  |  |  |  |  |  | <- | <- | <- |  |  |  |  |  |  |  |  |  | 
| 2025-04-13 |  |  |  |  |  |  | <- | <- | <- |  |  |  |  |  |  |  |  |  | 
| 2025-04-14 | V540 | 08:30:00 | 19:30:00 | 2.5 | 10.5 | V540二排图纸数据更新上传PLM系统 | <- | <- | <- |  |  |  |  |  |  |  |  |  | 
| 2025-04-15 | V540 | 08:00:00 | 19:00:00 | 2.5 | 10.5 | V540二排图纸数据更新上传PLM系统 | <- | <- | <- |  |  |  |  |  |  |  |  |  | 
| 2025-04-16 | V540 | 08:30:00 | 19:30:00 | 2.5 | 10.5 | V540二排图纸数据更新上传PLM系统 | <- | <- | <- |  |  |  |  |  |  |  |  |  | 
| 2025-04-17 | V540 | 08:30:00 | 19:30:00 | 2.5 | 10.5 | V540二排图纸数据更新上传PLM系统 | <- | <- | <- |  |  |  |  |  |  |  |  |  | 
| 2025-04-18 | V540 | 08:00:00 | 18:00:00 | 1.5 | 9.5 | V540二排图纸数据更新上传PLM系统 | <- | <- | <- |  |  |  |  |  |  |  |  |  | 
| 2025-04-19 |  |  |  |  |  |  | <- | <- | <- |  |  |  |  |  |  |  |  |  | 
| 2025-04-20 |  |  |  |  |  |  | <- | <- | <- |  |  |  |  |  |  |  |  |  | 
| 2025-04-21 | V540 | 09:00:00 | 20:00:00 | 2.5 | 10.5 | V540二排图纸数据更新上传PLM系统 | <- | <- | <- |  |  |  |  |  |  |  |  |  | 
| 2025-04-22 | V540 | 08:30:00 | 19:30:00 | 2.5 | 10.5 | V540二排图纸数据更新上传PLM系统 | <- | <- | <- |  |  |  |  |  |  |  |  |  | 
| 2025-04-23 | V540 | 08:30:00 | 19:30:00 | 2.5 | 10.5 | V540二排图纸数据更新上传PLM系统 | <- | <- | <- |  |  |  |  |  |  |  |  |  | 
| 2025-04-24 | V540 | 08:30:00 | 19:30:00 | 2.5 | 10.5 | V540二排图纸数据更新上传PLM系统 | <- | <- | <- |  |  |  |  |  |  |  |  |  | 
| 2025-04-25 | V540 | 08:30:00 | 18:00:00 | 1.0 | 9.0 | V540二排图纸数据更新上传PLM系统 | <- | <- | <- |  |  |  |  |  |  |  |  |  | 
| 2025-04-26 |  |  |  |  |  |  | <- | <- | <- |  |  |  |  |  |  |  |  |  | 
| 2025-04-27 | V540 | 08:30:00 | 19:30:00 | 2.5 | 10.5 | V540二排图纸数据更新上传PLM系统 | <- | <- | <- |  |  |  |  |  |  |  |  |  | 
| 2025-04-28 | V540 | 08:30:00 | 19:30:00 | 2.5 | 10.5 | V540二排图纸数据更新上传PLM系统 | <- | <- | <- |  |  |  |  |  |  |  |  |  | 
| 2025-04-29 | V540 | 08:30:00 | 19:30:00 | 2.5 | 10.5 | V540二排图纸数据更新上传PLM系统 | <- | <- | <- |  |  |  |  |  |  |  |  |  | 
| 2025-04-30 | V540 | 08:00:00 | 16:30:00 | 0.0 | 8.0 | V540二排图纸数据更新上传PLM系统 | <- | <- | <- |  |  |  |  |  |  |  |  |  | 
|  |  |  |  |  |  |  | <- | <- | <- |  |  |  |  |  |  |  |  |  | 
| 工时统计 | 项目名称 | 项目编号 | 加班 | <- | 工时 | 项目工程师签字 | <- | <- | <- | 总计 |  |  |  |  |  |  |  |  | 
| ^ | V540 |  | 46.0 | <- | 222.0 |  | <- | <- | <- |  |  |  |  |  |  |  |  |  | 
| ^ |  |  |  | <- |  |  | <- | <- | <- |  |  |  |  |  |  |  |  |  | 
| ^ |  |  |  | <- |  |  | <- | <- | <- |  |  |  |  |  |  |  |  |  | 
| ^ |  |  |  | <- |  |  | <- | <- | <- |  |  |  |  |  |  |  |  |  | 
| 总计工时 | 222.00 | <- | 经理签字： | <- | <- |  | <- | <- | <- |  |  |  |  |  |  |  |  |  | 


## 工作表: 考核说明

| A | B | C | D | E | F | G | H | I | 
|  --- | --- | --- | --- | --- | --- | --- | --- | --- |
|  | 纪律要求 | <- | <- | <- | <- | 责任心 | <- | 配合度要求 | 
|  | 迟到 | 早退 | 工作时间玩手机和睡觉 | 脱岗 | 请假 | 每日工作完成率 | 数据问题发生率 | 加班出勤率 | 
| 规则 | 1.正常上班时间（9：00-18：00）未到岗的
2.约定加班时间未到岗的 | 1.正常上班时间（9：00-18：00）提前离岗的2.工作未完成离岗的 | 1.工作时间睡觉的
2.工作时间发现玩手机与工作无关的 | 1.工作时间里脱岗时间超过20分钟未报备的
2.晚餐时间（17：00-18：00）后，18：00未到岗的 | 1.请假需发正式邮件说明请假事由和时间（抄送：外服公司HR，老板，安道拓对应工程师，对应工程师领导）
2.每一次请假都会被统计
3.临时请假也需补发邮件
4.有工作交付的请假，需自己协调替代人员
5.重大交付节点原则上不接受请假 | 1.每日工作内容需要工程师确认后可以离开，无故离开判定为未完成
2.多日任务，最后未完成的，这几天工作被判定未完成 | 1.方案已定的零件，重复问题发生2次及以上的
2.整体数据提交，发生干涉，版本不对（老数据）等低级错误的
以零件个数进行统计（有几个就写几个） | 1.非工作日安排加班，有事未出勤的需自己协调人员顶替
2.临时安排加班 | 
| 计分 | 被判定迟到的计：-1分 | 被判定早退的计：-1分 | 被判定玩手机和睡觉的计：-1分/次 | 被判定脱岗的计：-1分/次 | 请假扣除请假工时，影响工作交付计：-2分，未影响计：0分，特殊情况由领导商议免除扣分 | 未完成的计：-1分 | 每次按照零件数量统计：-1*n | 出勤计：+2未出勤计：-1 | 
| 说明 | 1.每月的记录，根据扣分情况进行工时加减，工程师签字确认外服最终工时，将每月得分情况抄送外服HR和老板
2.每月的记录上传共享盘，供下一个项目工程师选人参考
3.每月的记录作为外服公司每月/每年评优评先，加薪升职，绩效参考
4.特殊情况请约上外服领导和安道拓领导商议决定 | <- | <- | <- | <- | <- | <- | <- | 
| ^ | ^ | ^<- | ^<- | ^<- | ^<- | ^<- | ^<- | ^<- | 


## 工作表: Sheet1

| A | B | C | D | E | F | 
|  --- | --- | --- | --- | --- | --- |
|  |  |  | 一年调整一次，请勿随意删除 | <- | <- | 
|  |  |  | 2025 | <- | <- | 
| 年 | 月 |  | 节假日 | 调休加班日 |  | 
| 1905-07-17 | 1 |  | 45658 | 45683 |  | 
|  |  |  | 45685 | 45696 |  | 
|  |  |  | 45686 | 45774 |  | 
|  |  |  | 45687 | 45928 |  | 
|  |  |  | 45688 | 45941 |  | 
|  |  |  | 45689 |  |  | 
|  |  |  | 45690 |  |  | 
|  |  |  | 45691 |  |  | 
|  |  |  | 45692 |  |  | 
|  |  |  | 45751 |  |  | 
|  |  |  | 45752 |  |  | 
|  |  |  | 45753 |  |  | 
|  |  |  | 45778 |  |  | 
|  |  |  | 45779 |  |  | 
|  |  |  | 45780 |  |  | 
|  |  |  | 45781 |  |  | 
|  |  |  | 45782 |  |  | 
|  |  |  | 45808 |  |  | 
|  |  |  | 45809 |  |  | 
|  |  |  | 45810 |  |  | 
|  |  |  | 45931 |  |  | 
|  |  |  | 45932 |  |  | 
|  |  |  | 45933 |  |  | 
|  |  |  | 45934 |  |  | 
|  |  |  | 45935 |  |  | 
|  |  |  | 45936 |  |  | 
|  |  |  | 45937 |  |  | 
|  |  |  | 45938 |  |  | 



2025-05-20 10:58:22,305 - INFO - 请求成功，状态码: 200
2025-05-20 10:58:22,306 - INFO - 模型返回：{"employee_name":"欧家冀", "company_name":"上海睿励信息技术有限公司"}

2025-05-20 10:58:22,307 - INFO - 解析模型返回：
 - 员工姓名：欧家冀,  - 公司名称：上海睿励信息技术有限公司
2025-05-20 10:58:22,307 - INFO - 

从表格文本中，提取汇总数据...
2025-05-20 10:58:22,308 - INFO - 发送请求到模型API...
2025-05-20 10:58:22,308 - INFO - system_prompt：
你是一个专业的工时数据提取助手。用户会提供给你一份Excel工时表，已转换为Markdown格式。你需要提取出表格中的按照项目做统计的工时汇总数据。将提取结果以JSON格式输出。以项目名称作为key为项目名称，value为包含加班和工时的字典。

markdown格式的表格中合并单元格表示法：
   - "^" 符号表示该单元格与上方单元格合并（纵向合并）
   - "<-" 符号表示该单元格与左侧单元格合并（横向合并）
   - "^<-" 符号表示该单元格同时与上方和左侧单元格合并（纵横合并）

你可以按照以下步骤进行分析：
1. 首先，定位表格中工时统计汇总数据，通常在表格的下方。
2. 读取工时统计汇总数据，包含项目名称、项目编号、加班、工时等。项目编号可能为空。
3. 整理所有数据，以JSON格式输。key为项目名称，value为包含加班`overtime_hours`和工时`total_hours`的字典。

注意：
1.直接返回结果，不要包含任何解释或说明。
2.输出结果必须严格按照无语法错误的JSON格式输出，不能有任何其他格式。

以JSON格式输出结果，示例输出如下：
示例1：
{"D11":{"overtime_hours":20,"total_hours":120}, "A12":{"overtime_hours":6,"total_hours":14}, "B13":{"overtime_hours":1,"total_hours":10}}
示例2：
{"D11":{"overtime_hours":20,"total_hours":120}, "A12":{"overtime_hours":6,"total_hours":14}}

2025-05-20 10:58:22,310 - INFO - user_prompt：## 工作表: 欧家冀

| A | B | C | D | E | F | G | H | I | J | K | L | M | N | O | P | Q | R | S | 
|  --- | --- | --- | --- | --- | --- | --- | --- | --- | --- | --- | --- | --- | --- | --- | --- | --- | --- | --- |
| 重庆延锋安道拓 | <- | 上海睿励信息技术有限公司 工时记录表 | <- | <- | <- | <- | <- | <- | <- |  | 早退 | 每日工作完成率 | 请假（详细说明请假事由，时间） | 迟到 | 数据质量问题发生率 | 加班出勤率 | 玩手机和睡觉 | 脱岗 | 
| ^ | ^<- | 供应商 | 上海睿励 | <- | <- | <- | <- | <- | <- | ^ | ^ | ^ | ^ | ^ | ^ | ^ | ^ | ^ | 
| 工程师 | 欧家冀 | <- | 负责人 | 吴军 | 电话 | 13102341591 | <- | <- | <- | ^ | ^ | ^ | ^ | ^ | ^ | ^ | ^ | ^ | 
| 日期 | 项目名称 | 开始工作时间 | 工作结束时间 | 加班时间 | 总工作时间 | 备注 | <- | <- | <- | ^ | ^ | ^ | ^ | ^ | ^ | ^ | ^ | ^ | 
| 2025-04-01 | V540 | 08:30:00 | 19:30:00 | 2.5 | 10.5 | V540二排图纸更新修改 | <- | <- | <- |  |  |  |  |  |  |  |  |  | 
| 2025-04-02 | V540 | 08:30:00 | 19:30:00 | 2.5 | 10.5 | V540二排图纸更新修改 | <- | <- | <- |  |  |  |  |  |  |  |  |  | 
| 2025-04-03 | V540 | 08:30:00 | 17:30:00 | 0.5 | 8.5 | V540二排图纸更新修改/变更点报告更新 | <- | <- | <- |  |  |  |  |  |  |  |  |  | 
| 2025-04-04 |  |  |  |  |  |  | <- | <- | <- |  |  |  |  |  |  |  |  |  | 
| 2025-04-05 |  |  |  |  |  |  | <- | <- | <- |  |  |  |  |  |  |  |  |  | 
| 2025-04-06 |  |  |  |  |  |  | <- | <- | <- |  |  |  |  |  |  |  |  |  | 
| 2025-04-07 | V540 | 08:30:00 | 19:30:00 | 2.5 | 10.5 | V540二排图纸更新修改/变更点报告更新 | <- | <- | <- |  |  |  |  |  |  |  |  |  | 
| 2025-04-08 | V540 | 08:30:00 | 19:30:00 | 2.5 | 10.5 | V540二排图纸数据更新上传PLM系统 | <- | <- | <- |  |  |  |  |  |  |  |  |  | 
| 2025-04-09 | V540 | 08:30:00 | 19:30:00 | 2.5 | 10.5 | V540二排图纸数据更新上传PLM系统 | <- | <- | <- |  |  |  |  |  |  |  |  |  | 
| 2025-04-10 | V540 | 08:30:00 | 19:30:00 | 2.5 | 10.5 | V540二排图纸数据更新上传PLM系统 | <- | <- | <- |  |  |  |  |  |  |  |  |  | 
| 2025-04-11 | V540 | 08:00:00 | 17:00:00 | 0.5 | 8.5 | V540二排图纸数据更新上传PLM系统 | <- | <- | <- |  |  |  |  |  |  |  |  |  | 
| 2025-04-12 |  |  |  |  |  |  | <- | <- | <- |  |  |  |  |  |  |  |  |  | 
| 2025-04-13 |  |  |  |  |  |  | <- | <- | <- |  |  |  |  |  |  |  |  |  | 
| 2025-04-14 | V540 | 08:30:00 | 19:30:00 | 2.5 | 10.5 | V540二排图纸数据更新上传PLM系统 | <- | <- | <- |  |  |  |  |  |  |  |  |  | 
| 2025-04-15 | V540 | 08:00:00 | 19:00:00 | 2.5 | 10.5 | V540二排图纸数据更新上传PLM系统 | <- | <- | <- |  |  |  |  |  |  |  |  |  | 
| 2025-04-16 | V540 | 08:30:00 | 19:30:00 | 2.5 | 10.5 | V540二排图纸数据更新上传PLM系统 | <- | <- | <- |  |  |  |  |  |  |  |  |  | 
| 2025-04-17 | V540 | 08:30:00 | 19:30:00 | 2.5 | 10.5 | V540二排图纸数据更新上传PLM系统 | <- | <- | <- |  |  |  |  |  |  |  |  |  | 
| 2025-04-18 | V540 | 08:00:00 | 18:00:00 | 1.5 | 9.5 | V540二排图纸数据更新上传PLM系统 | <- | <- | <- |  |  |  |  |  |  |  |  |  | 
| 2025-04-19 |  |  |  |  |  |  | <- | <- | <- |  |  |  |  |  |  |  |  |  | 
| 2025-04-20 |  |  |  |  |  |  | <- | <- | <- |  |  |  |  |  |  |  |  |  | 
| 2025-04-21 | V540 | 09:00:00 | 20:00:00 | 2.5 | 10.5 | V540二排图纸数据更新上传PLM系统 | <- | <- | <- |  |  |  |  |  |  |  |  |  | 
| 2025-04-22 | V540 | 08:30:00 | 19:30:00 | 2.5 | 10.5 | V540二排图纸数据更新上传PLM系统 | <- | <- | <- |  |  |  |  |  |  |  |  |  | 
| 2025-04-23 | V540 | 08:30:00 | 19:30:00 | 2.5 | 10.5 | V540二排图纸数据更新上传PLM系统 | <- | <- | <- |  |  |  |  |  |  |  |  |  | 
| 2025-04-24 | V540 | 08:30:00 | 19:30:00 | 2.5 | 10.5 | V540二排图纸数据更新上传PLM系统 | <- | <- | <- |  |  |  |  |  |  |  |  |  | 
| 2025-04-25 | V540 | 08:30:00 | 18:00:00 | 1.0 | 9.0 | V540二排图纸数据更新上传PLM系统 | <- | <- | <- |  |  |  |  |  |  |  |  |  | 
| 2025-04-26 |  |  |  |  |  |  | <- | <- | <- |  |  |  |  |  |  |  |  |  | 
| 2025-04-27 | V540 | 08:30:00 | 19:30:00 | 2.5 | 10.5 | V540二排图纸数据更新上传PLM系统 | <- | <- | <- |  |  |  |  |  |  |  |  |  | 
| 2025-04-28 | V540 | 08:30:00 | 19:30:00 | 2.5 | 10.5 | V540二排图纸数据更新上传PLM系统 | <- | <- | <- |  |  |  |  |  |  |  |  |  | 
| 2025-04-29 | V540 | 08:30:00 | 19:30:00 | 2.5 | 10.5 | V540二排图纸数据更新上传PLM系统 | <- | <- | <- |  |  |  |  |  |  |  |  |  | 
| 2025-04-30 | V540 | 08:00:00 | 16:30:00 | 0.0 | 8.0 | V540二排图纸数据更新上传PLM系统 | <- | <- | <- |  |  |  |  |  |  |  |  |  | 
|  |  |  |  |  |  |  | <- | <- | <- |  |  |  |  |  |  |  |  |  | 
| 工时统计 | 项目名称 | 项目编号 | 加班 | <- | 工时 | 项目工程师签字 | <- | <- | <- | 总计 |  |  |  |  |  |  |  |  | 
| ^ | V540 |  | 46.0 | <- | 222.0 |  | <- | <- | <- |  |  |  |  |  |  |  |  |  | 
| ^ |  |  |  | <- |  |  | <- | <- | <- |  |  |  |  |  |  |  |  |  | 
| ^ |  |  |  | <- |  |  | <- | <- | <- |  |  |  |  |  |  |  |  |  | 
| ^ |  |  |  | <- |  |  | <- | <- | <- |  |  |  |  |  |  |  |  |  | 
| 总计工时 | 222.00 | <- | 经理签字： | <- | <- |  | <- | <- | <- |  |  |  |  |  |  |  |  |  | 


## 工作表: 考核说明

| A | B | C | D | E | F | G | H | I | 
|  --- | --- | --- | --- | --- | --- | --- | --- | --- |
|  | 纪律要求 | <- | <- | <- | <- | 责任心 | <- | 配合度要求 | 
|  | 迟到 | 早退 | 工作时间玩手机和睡觉 | 脱岗 | 请假 | 每日工作完成率 | 数据问题发生率 | 加班出勤率 | 
| 规则 | 1.正常上班时间（9：00-18：00）未到岗的
2.约定加班时间未到岗的 | 1.正常上班时间（9：00-18：00）提前离岗的2.工作未完成离岗的 | 1.工作时间睡觉的
2.工作时间发现玩手机与工作无关的 | 1.工作时间里脱岗时间超过20分钟未报备的
2.晚餐时间（17：00-18：00）后，18：00未到岗的 | 1.请假需发正式邮件说明请假事由和时间（抄送：外服公司HR，老板，安道拓对应工程师，对应工程师领导）
2.每一次请假都会被统计
3.临时请假也需补发邮件
4.有工作交付的请假，需自己协调替代人员
5.重大交付节点原则上不接受请假 | 1.每日工作内容需要工程师确认后可以离开，无故离开判定为未完成
2.多日任务，最后未完成的，这几天工作被判定未完成 | 1.方案已定的零件，重复问题发生2次及以上的
2.整体数据提交，发生干涉，版本不对（老数据）等低级错误的
以零件个数进行统计（有几个就写几个） | 1.非工作日安排加班，有事未出勤的需自己协调人员顶替
2.临时安排加班 | 
| 计分 | 被判定迟到的计：-1分 | 被判定早退的计：-1分 | 被判定玩手机和睡觉的计：-1分/次 | 被判定脱岗的计：-1分/次 | 请假扣除请假工时，影响工作交付计：-2分，未影响计：0分，特殊情况由领导商议免除扣分 | 未完成的计：-1分 | 每次按照零件数量统计：-1*n | 出勤计：+2未出勤计：-1 | 
| 说明 | 1.每月的记录，根据扣分情况进行工时加减，工程师签字确认外服最终工时，将每月得分情况抄送外服HR和老板
2.每月的记录上传共享盘，供下一个项目工程师选人参考
3.每月的记录作为外服公司每月/每年评优评先，加薪升职，绩效参考
4.特殊情况请约上外服领导和安道拓领导商议决定 | <- | <- | <- | <- | <- | <- | <- | 
| ^ | ^ | ^<- | ^<- | ^<- | ^<- | ^<- | ^<- | ^<- | 


## 工作表: Sheet1

| A | B | C | D | E | F | 
|  --- | --- | --- | --- | --- | --- |
|  |  |  | 一年调整一次，请勿随意删除 | <- | <- | 
|  |  |  | 2025 | <- | <- | 
| 年 | 月 |  | 节假日 | 调休加班日 |  | 
| 1905-07-17 | 1 |  | 45658 | 45683 |  | 
|  |  |  | 45685 | 45696 |  | 
|  |  |  | 45686 | 45774 |  | 
|  |  |  | 45687 | 45928 |  | 
|  |  |  | 45688 | 45941 |  | 
|  |  |  | 45689 |  |  | 
|  |  |  | 45690 |  |  | 
|  |  |  | 45691 |  |  | 
|  |  |  | 45692 |  |  | 
|  |  |  | 45751 |  |  | 
|  |  |  | 45752 |  |  | 
|  |  |  | 45753 |  |  | 
|  |  |  | 45778 |  |  | 
|  |  |  | 45779 |  |  | 
|  |  |  | 45780 |  |  | 
|  |  |  | 45781 |  |  | 
|  |  |  | 45782 |  |  | 
|  |  |  | 45808 |  |  | 
|  |  |  | 45809 |  |  | 
|  |  |  | 45810 |  |  | 
|  |  |  | 45931 |  |  | 
|  |  |  | 45932 |  |  | 
|  |  |  | 45933 |  |  | 
|  |  |  | 45934 |  |  | 
|  |  |  | 45935 |  |  | 
|  |  |  | 45936 |  |  | 
|  |  |  | 45937 |  |  | 
|  |  |  | 45938 |  |  | 



2025-05-20 10:58:24,771 - INFO - 请求成功，状态码: 200
2025-05-20 10:58:24,772 - INFO - 模型返回：
{"V540":{"overtime_hours":46.0,"total_hours":222.0}}

2025-05-20 10:58:24,772 - INFO - 源数据表中的工时汇总数据：{'V540': {'overtime_hours': 46.0, 'total_hours': 222.0}}
2025-05-20 10:58:24,772 - INFO - 文件处理进度：8 / 10
2025-05-20 10:58:24,773 - INFO - 开始处理工时文件：D:/sotos工作资料/test/2\江爱林工时表-重庆安道拓-2025年04月 .xlsx
2025-05-20 10:58:25,016 - INFO - Excel表格提取文本：
## 工作表: 江爱林

| A | B | C | D | E | F | G | H | I | J | 
|  --- | --- | --- | --- | --- | --- | --- | --- | --- | --- |
| 重庆延锋安道拓 | <- | 上海睿励信息技术有限公司 工时记录表 | <- | <- | <- | <- | <- | <- | <- | 
| ^ | ^<- | 供应商 |  | <- | <- | <- | <- | <- | <- | 
| 工程师 | 江爱林 | <- | 负责人 | 陈伟 | 电话 | 15823573500 | <- | <- | <- | 
| 日期 | 项目名称 | 开始工作时间 | 工作结束时间 | 加班时间 | 总工作时间 | 备注 | <- | <- | <- | 
| 2025-04-01 | T9M-2 | 09:00:00 | 20:00:00 | 2.5 | 10.5 | 整椅数据整理 | <- | <- | <- | 
| 2025-04-02 | T9M-2 | 09:00:00 | 19:30:00 | 2.0 | 10.0 | T9M LAYOUT图纸 | <- | <- | <- | 
| 2025-04-03 | T9M-2 | 09:00:00 | 18:00:00 | 0.5 | 8.5 | T9M LAYOUT图纸  | <- | <- | <- | 
| 2025-04-04 | T9M-2 |  |  |  |  |  | <- | <- | <- | 
| 2025-04-05 | T9M-2 |  |  |  |  |  | <- | <- | <- | 
| 2025-04-06 | T9M-2 |  |  |  |  |  | <- | <- | <- | 
| 2025-04-07 | T9M-2 | 09:00:00 | 19:00:00 | 1.5 | 9.5 | T9M LAYOUT图纸 | <- | <- | <- | 
| 2025-04-08 | T9M-2 | 09:00:00 | 21:30:00 | 4.0 | 12.0 | 客户整椅图纸 | <- | <- | <- | 
| 2025-04-09 | T9M-2 | 09:00:00 | 22:00:00 | 4.5 | 12.5 | plm 数据上传 | <- | <- | <- | 
| 2025-04-10 | T9M-2 | 09:00:00 | 23:30:00 | 6.0 | 14.0 | 客户整椅图纸 | <- | <- | <- | 
| 2025-04-11 | T9M-2 | 09:00:00 | 21:00:00 | 3.5 | 11.5 | 客户整椅图纸 | <- | <- | <- | 
| 2025-04-12 | T9M-2 |  |  |  |  |  | <- | <- | <- | 
| 2025-04-13 | T9M-2 |  |  |  |  |  | <- | <- | <- | 
| 2025-04-14 | T9M-2 | 09:00:00 | 20:00:00 | 2.5 | 10.5 | plm 数据上传 | <- | <- | <- | 
| 2025-04-15 | T9M-2 | 09:00:00 | 20:00:00 | 2.5 | 10.5 | plm 数据上传 | <- | <- | <- | 
| 2025-04-16 | T9M-2 | 09:00:00 | 20:00:00 | 2.5 | 10.5 | plm 数据上传 | <- | <- | <- | 
| 2025-04-17 | T9M-2 | 09:00:00 | 20:00:00 | 2.5 | 10.5 | 问题清单关闭 | <- | <- | <- | 
| 2025-04-18 | T9M-2 | 09:00:00 | 20:00:00 | 2.5 | 10.5 | 问题清单关闭 | <- | <- | <- | 
| 2025-04-19 | T9M-2 |  |  |  |  |  | <- | <- | <- | 
| 2025-04-20 | T9M-2 |  |  |  |  |  | <- | <- | <- | 
| 2025-04-21 | T9M-2 | 09:00:00 | 19:30:00 | 2.0 | 10.0 | 整椅数据整理 | <- | <- | <- | 
| 2025-04-22 | T9M-2 | 09:00:00 | 20:30:00 | 3.0 | 11.0 | 客户整椅图纸 | <- | <- | <- | 
| 2025-04-23 | T9M-2 | 09:00:00 | 21:00:00 | 3.5 | 11.5 | 整椅数据搭建 | <- | <- | <- | 
| 2025-04-24 | T9M-2 | 09:00:00 | 21:30:00 | 4.0 | 12.0 | 客户整椅图纸 | <- | <- | <- | 
| 2025-04-25 | T9M-2 | 09:00:00 | 20:30:00 | 3.0 | 11.0 | PLM整椅数据整理 | <- | <- | <- | 
| 2025-04-26 | T9M-2 | 12:30:00 | 21:00:00 | 8.5 | 8.5 | PLM整椅数据整理 | <- | <- | <- | 
| 2025-04-27 | T9M-2 | 08:30:00 | 20:00:00 | 3.0 | 11.0 | PLM整椅数据整理 | <- | <- | <- | 
| 2025-04-28 | T9M-2 | 09:00:00 | 20:30:00 | 3.0 | 11.0 | PLM整椅数据整理 | <- | <- | <- | 
| 2025-04-29 | T9M-2 | 09:00:00 | 20:00:00 | 2.5 | 10.5 | 客户整椅图纸 | <- | <- | <- | 
| 2025-04-30 | T9M-2 | 09:00:00 | 20:00:00 | 2.5 | 10.5 | 客户整椅图纸 | <- | <- | <- | 
| 2025-05-01 | T9M-2 |  |  |  |  |  | <- | <- | <- | 
| 2025-05-02 | T9M-2 |  |  |  |  |  | <- | <- | <- | 
| 工时统计 | 项目名称 | 项目编号 | 加班 | <- | 工时 | 项目工程师签字 | <- | <- | <- | 
| ^ | T9M-2 |  | 72.0 | <- | 248.0 |  | <- | <- | <- | 
| ^ |  |  |  | <- |  |  | <- | <- | <- | 
| ^ |  |  |  | <- |  |  | <- | <- | <- | 
| ^ |  |  |  | <- |  |  | <- | <- | <- | 
| 总计工时 | 248.00 | <- | 经理签字： | <- | <- |  | <- | <- | <- | 


## 工作表: Sheet1

| A | B | C | D | E | F | 
|  --- | --- | --- | --- | --- | --- |
|  |  |  | 一年调整一次，请勿随意删除 | <- | <- | 
|  |  |  | 2025 | <- | <- | 
| 年 | 月 |  | 节假日 | 调休加班日 |  | 
| 1905-07-17 | 4 |  | 45658 | 45683 |  | 
|  |  |  | 45685 | 45696 |  | 
|  |  |  | 45686 | 45774 |  | 
|  |  |  | 45687 | 45928 |  | 
|  |  |  | 45688 | 45941 |  | 
|  |  |  | 45689 |  |  | 
|  |  |  | 45690 |  |  | 
|  |  |  | 45691 |  |  | 
|  |  |  | 45692 |  |  | 
|  |  |  | 45751 |  |  | 
|  |  |  | 45752 |  |  | 
|  |  |  | 45753 |  |  | 
|  |  |  | 45778 |  |  | 
|  |  |  | 45779 |  |  | 
|  |  |  | 45780 |  |  | 
|  |  |  | 45781 |  |  | 
|  |  |  | 45782 |  |  | 
|  |  |  | 45808 |  |  | 
|  |  |  | 45809 |  |  | 
|  |  |  | 45810 |  |  | 
|  |  |  | 45931 |  |  | 
|  |  |  | 45932 |  |  | 
|  |  |  | 45933 |  |  | 
|  |  |  | 45934 |  |  | 
|  |  |  | 45935 |  |  | 
|  |  |  | 45936 |  |  | 
|  |  |  | 45937 |  |  | 
|  |  |  | 45938 |  |  | 



2025-05-20 10:58:25,026 - INFO - 从表格文本中，提取员工姓名和公司名称...
2025-05-20 10:58:25,026 - INFO - 发送请求到模型API...
2025-05-20 10:58:25,026 - INFO - system_prompt：
你是一个专业的表格信息提取助手。用户会提供给你一份Excel工时表，已转换为Markdown格式。你需要提取出表格包含的员工姓名`employee_name`和公司名称`company_name`。以JSON格式输出结果，包含`employee_name`和`company_name`两个字段。如果无法提取到员工姓名和公司名称，请返回空字符串。

markdown格式的表格中合并单元格表示法：
   - "^" 符号表示该单元格与上方单元格合并（纵向合并）
   - "<-" 符号表示该单元格与左侧单元格合并（横向合并）
   - "^<-" 符号表示该单元格同时与上方和左侧单元格合并（纵横合并）

比如：{"employee_name":"张三", "company_name":"XXX公司"}
注意：直接返回结果，不要包含任何解释或说明。

2025-05-20 10:58:25,028 - INFO - user_prompt：## 工作表: 江爱林

| A | B | C | D | E | F | G | H | I | J | 
|  --- | --- | --- | --- | --- | --- | --- | --- | --- | --- |
| 重庆延锋安道拓 | <- | 上海睿励信息技术有限公司 工时记录表 | <- | <- | <- | <- | <- | <- | <- | 
| ^ | ^<- | 供应商 |  | <- | <- | <- | <- | <- | <- | 
| 工程师 | 江爱林 | <- | 负责人 | 陈伟 | 电话 | 15823573500 | <- | <- | <- | 
| 日期 | 项目名称 | 开始工作时间 | 工作结束时间 | 加班时间 | 总工作时间 | 备注 | <- | <- | <- | 
| 2025-04-01 | T9M-2 | 09:00:00 | 20:00:00 | 2.5 | 10.5 | 整椅数据整理 | <- | <- | <- | 
| 2025-04-02 | T9M-2 | 09:00:00 | 19:30:00 | 2.0 | 10.0 | T9M LAYOUT图纸 | <- | <- | <- | 
| 2025-04-03 | T9M-2 | 09:00:00 | 18:00:00 | 0.5 | 8.5 | T9M LAYOUT图纸  | <- | <- | <- | 
| 2025-04-04 | T9M-2 |  |  |  |  |  | <- | <- | <- | 
| 2025-04-05 | T9M-2 |  |  |  |  |  | <- | <- | <- | 
| 2025-04-06 | T9M-2 |  |  |  |  |  | <- | <- | <- | 
| 2025-04-07 | T9M-2 | 09:00:00 | 19:00:00 | 1.5 | 9.5 | T9M LAYOUT图纸 | <- | <- | <- | 
| 2025-04-08 | T9M-2 | 09:00:00 | 21:30:00 | 4.0 | 12.0 | 客户整椅图纸 | <- | <- | <- | 
| 2025-04-09 | T9M-2 | 09:00:00 | 22:00:00 | 4.5 | 12.5 | plm 数据上传 | <- | <- | <- | 
| 2025-04-10 | T9M-2 | 09:00:00 | 23:30:00 | 6.0 | 14.0 | 客户整椅图纸 | <- | <- | <- | 
| 2025-04-11 | T9M-2 | 09:00:00 | 21:00:00 | 3.5 | 11.5 | 客户整椅图纸 | <- | <- | <- | 
| 2025-04-12 | T9M-2 |  |  |  |  |  | <- | <- | <- | 
| 2025-04-13 | T9M-2 |  |  |  |  |  | <- | <- | <- | 
| 2025-04-14 | T9M-2 | 09:00:00 | 20:00:00 | 2.5 | 10.5 | plm 数据上传 | <- | <- | <- | 
| 2025-04-15 | T9M-2 | 09:00:00 | 20:00:00 | 2.5 | 10.5 | plm 数据上传 | <- | <- | <- | 
| 2025-04-16 | T9M-2 | 09:00:00 | 20:00:00 | 2.5 | 10.5 | plm 数据上传 | <- | <- | <- | 
| 2025-04-17 | T9M-2 | 09:00:00 | 20:00:00 | 2.5 | 10.5 | 问题清单关闭 | <- | <- | <- | 
| 2025-04-18 | T9M-2 | 09:00:00 | 20:00:00 | 2.5 | 10.5 | 问题清单关闭 | <- | <- | <- | 
| 2025-04-19 | T9M-2 |  |  |  |  |  | <- | <- | <- | 
| 2025-04-20 | T9M-2 |  |  |  |  |  | <- | <- | <- | 
| 2025-04-21 | T9M-2 | 09:00:00 | 19:30:00 | 2.0 | 10.0 | 整椅数据整理 | <- | <- | <- | 
| 2025-04-22 | T9M-2 | 09:00:00 | 20:30:00 | 3.0 | 11.0 | 客户整椅图纸 | <- | <- | <- | 
| 2025-04-23 | T9M-2 | 09:00:00 | 21:00:00 | 3.5 | 11.5 | 整椅数据搭建 | <- | <- | <- | 
| 2025-04-24 | T9M-2 | 09:00:00 | 21:30:00 | 4.0 | 12.0 | 客户整椅图纸 | <- | <- | <- | 
| 2025-04-25 | T9M-2 | 09:00:00 | 20:30:00 | 3.0 | 11.0 | PLM整椅数据整理 | <- | <- | <- | 
| 2025-04-26 | T9M-2 | 12:30:00 | 21:00:00 | 8.5 | 8.5 | PLM整椅数据整理 | <- | <- | <- | 
| 2025-04-27 | T9M-2 | 08:30:00 | 20:00:00 | 3.0 | 11.0 | PLM整椅数据整理 | <- | <- | <- | 
| 2025-04-28 | T9M-2 | 09:00:00 | 20:30:00 | 3.0 | 11.0 | PLM整椅数据整理 | <- | <- | <- | 
| 2025-04-29 | T9M-2 | 09:00:00 | 20:00:00 | 2.5 | 10.5 | 客户整椅图纸 | <- | <- | <- | 
| 2025-04-30 | T9M-2 | 09:00:00 | 20:00:00 | 2.5 | 10.5 | 客户整椅图纸 | <- | <- | <- | 
| 2025-05-01 | T9M-2 |  |  |  |  |  | <- | <- | <- | 
| 2025-05-02 | T9M-2 |  |  |  |  |  | <- | <- | <- | 
| 工时统计 | 项目名称 | 项目编号 | 加班 | <- | 工时 | 项目工程师签字 | <- | <- | <- | 
| ^ | T9M-2 |  | 72.0 | <- | 248.0 |  | <- | <- | <- | 
| ^ |  |  |  | <- |  |  | <- | <- | <- | 
| ^ |  |  |  | <- |  |  | <- | <- | <- | 
| ^ |  |  |  | <- |  |  | <- | <- | <- | 
| 总计工时 | 248.00 | <- | 经理签字： | <- | <- |  | <- | <- | <- | 


## 工作表: Sheet1

| A | B | C | D | E | F | 
|  --- | --- | --- | --- | --- | --- |
|  |  |  | 一年调整一次，请勿随意删除 | <- | <- | 
|  |  |  | 2025 | <- | <- | 
| 年 | 月 |  | 节假日 | 调休加班日 |  | 
| 1905-07-17 | 4 |  | 45658 | 45683 |  | 
|  |  |  | 45685 | 45696 |  | 
|  |  |  | 45686 | 45774 |  | 
|  |  |  | 45687 | 45928 |  | 
|  |  |  | 45688 | 45941 |  | 
|  |  |  | 45689 |  |  | 
|  |  |  | 45690 |  |  | 
|  |  |  | 45691 |  |  | 
|  |  |  | 45692 |  |  | 
|  |  |  | 45751 |  |  | 
|  |  |  | 45752 |  |  | 
|  |  |  | 45753 |  |  | 
|  |  |  | 45778 |  |  | 
|  |  |  | 45779 |  |  | 
|  |  |  | 45780 |  |  | 
|  |  |  | 45781 |  |  | 
|  |  |  | 45782 |  |  | 
|  |  |  | 45808 |  |  | 
|  |  |  | 45809 |  |  | 
|  |  |  | 45810 |  |  | 
|  |  |  | 45931 |  |  | 
|  |  |  | 45932 |  |  | 
|  |  |  | 45933 |  |  | 
|  |  |  | 45934 |  |  | 
|  |  |  | 45935 |  |  | 
|  |  |  | 45936 |  |  | 
|  |  |  | 45937 |  |  | 
|  |  |  | 45938 |  |  | 



2025-05-20 10:58:26,943 - INFO - 请求成功，状态码: 200
2025-05-20 10:58:26,944 - INFO - 模型返回：{"employee_name":"江爱林", "company_name":"重庆延锋安道拓"}

2025-05-20 10:58:26,944 - INFO - 解析模型返回：
 - 员工姓名：江爱林,  - 公司名称：重庆延锋安道拓
2025-05-20 10:58:26,945 - INFO - 

从表格文本中，提取汇总数据...
2025-05-20 10:58:26,945 - INFO - 发送请求到模型API...
2025-05-20 10:58:26,946 - INFO - system_prompt：
你是一个专业的工时数据提取助手。用户会提供给你一份Excel工时表，已转换为Markdown格式。你需要提取出表格中的按照项目做统计的工时汇总数据。将提取结果以JSON格式输出。以项目名称作为key为项目名称，value为包含加班和工时的字典。

markdown格式的表格中合并单元格表示法：
   - "^" 符号表示该单元格与上方单元格合并（纵向合并）
   - "<-" 符号表示该单元格与左侧单元格合并（横向合并）
   - "^<-" 符号表示该单元格同时与上方和左侧单元格合并（纵横合并）

你可以按照以下步骤进行分析：
1. 首先，定位表格中工时统计汇总数据，通常在表格的下方。
2. 读取工时统计汇总数据，包含项目名称、项目编号、加班、工时等。项目编号可能为空。
3. 整理所有数据，以JSON格式输。key为项目名称，value为包含加班`overtime_hours`和工时`total_hours`的字典。

注意：
1.直接返回结果，不要包含任何解释或说明。
2.输出结果必须严格按照无语法错误的JSON格式输出，不能有任何其他格式。

以JSON格式输出结果，示例输出如下：
示例1：
{"D11":{"overtime_hours":20,"total_hours":120}, "A12":{"overtime_hours":6,"total_hours":14}, "B13":{"overtime_hours":1,"total_hours":10}}
示例2：
{"D11":{"overtime_hours":20,"total_hours":120}, "A12":{"overtime_hours":6,"total_hours":14}}

2025-05-20 10:58:26,949 - INFO - user_prompt：## 工作表: 江爱林

| A | B | C | D | E | F | G | H | I | J | 
|  --- | --- | --- | --- | --- | --- | --- | --- | --- | --- |
| 重庆延锋安道拓 | <- | 上海睿励信息技术有限公司 工时记录表 | <- | <- | <- | <- | <- | <- | <- | 
| ^ | ^<- | 供应商 |  | <- | <- | <- | <- | <- | <- | 
| 工程师 | 江爱林 | <- | 负责人 | 陈伟 | 电话 | 15823573500 | <- | <- | <- | 
| 日期 | 项目名称 | 开始工作时间 | 工作结束时间 | 加班时间 | 总工作时间 | 备注 | <- | <- | <- | 
| 2025-04-01 | T9M-2 | 09:00:00 | 20:00:00 | 2.5 | 10.5 | 整椅数据整理 | <- | <- | <- | 
| 2025-04-02 | T9M-2 | 09:00:00 | 19:30:00 | 2.0 | 10.0 | T9M LAYOUT图纸 | <- | <- | <- | 
| 2025-04-03 | T9M-2 | 09:00:00 | 18:00:00 | 0.5 | 8.5 | T9M LAYOUT图纸  | <- | <- | <- | 
| 2025-04-04 | T9M-2 |  |  |  |  |  | <- | <- | <- | 
| 2025-04-05 | T9M-2 |  |  |  |  |  | <- | <- | <- | 
| 2025-04-06 | T9M-2 |  |  |  |  |  | <- | <- | <- | 
| 2025-04-07 | T9M-2 | 09:00:00 | 19:00:00 | 1.5 | 9.5 | T9M LAYOUT图纸 | <- | <- | <- | 
| 2025-04-08 | T9M-2 | 09:00:00 | 21:30:00 | 4.0 | 12.0 | 客户整椅图纸 | <- | <- | <- | 
| 2025-04-09 | T9M-2 | 09:00:00 | 22:00:00 | 4.5 | 12.5 | plm 数据上传 | <- | <- | <- | 
| 2025-04-10 | T9M-2 | 09:00:00 | 23:30:00 | 6.0 | 14.0 | 客户整椅图纸 | <- | <- | <- | 
| 2025-04-11 | T9M-2 | 09:00:00 | 21:00:00 | 3.5 | 11.5 | 客户整椅图纸 | <- | <- | <- | 
| 2025-04-12 | T9M-2 |  |  |  |  |  | <- | <- | <- | 
| 2025-04-13 | T9M-2 |  |  |  |  |  | <- | <- | <- | 
| 2025-04-14 | T9M-2 | 09:00:00 | 20:00:00 | 2.5 | 10.5 | plm 数据上传 | <- | <- | <- | 
| 2025-04-15 | T9M-2 | 09:00:00 | 20:00:00 | 2.5 | 10.5 | plm 数据上传 | <- | <- | <- | 
| 2025-04-16 | T9M-2 | 09:00:00 | 20:00:00 | 2.5 | 10.5 | plm 数据上传 | <- | <- | <- | 
| 2025-04-17 | T9M-2 | 09:00:00 | 20:00:00 | 2.5 | 10.5 | 问题清单关闭 | <- | <- | <- | 
| 2025-04-18 | T9M-2 | 09:00:00 | 20:00:00 | 2.5 | 10.5 | 问题清单关闭 | <- | <- | <- | 
| 2025-04-19 | T9M-2 |  |  |  |  |  | <- | <- | <- | 
| 2025-04-20 | T9M-2 |  |  |  |  |  | <- | <- | <- | 
| 2025-04-21 | T9M-2 | 09:00:00 | 19:30:00 | 2.0 | 10.0 | 整椅数据整理 | <- | <- | <- | 
| 2025-04-22 | T9M-2 | 09:00:00 | 20:30:00 | 3.0 | 11.0 | 客户整椅图纸 | <- | <- | <- | 
| 2025-04-23 | T9M-2 | 09:00:00 | 21:00:00 | 3.5 | 11.5 | 整椅数据搭建 | <- | <- | <- | 
| 2025-04-24 | T9M-2 | 09:00:00 | 21:30:00 | 4.0 | 12.0 | 客户整椅图纸 | <- | <- | <- | 
| 2025-04-25 | T9M-2 | 09:00:00 | 20:30:00 | 3.0 | 11.0 | PLM整椅数据整理 | <- | <- | <- | 
| 2025-04-26 | T9M-2 | 12:30:00 | 21:00:00 | 8.5 | 8.5 | PLM整椅数据整理 | <- | <- | <- | 
| 2025-04-27 | T9M-2 | 08:30:00 | 20:00:00 | 3.0 | 11.0 | PLM整椅数据整理 | <- | <- | <- | 
| 2025-04-28 | T9M-2 | 09:00:00 | 20:30:00 | 3.0 | 11.0 | PLM整椅数据整理 | <- | <- | <- | 
| 2025-04-29 | T9M-2 | 09:00:00 | 20:00:00 | 2.5 | 10.5 | 客户整椅图纸 | <- | <- | <- | 
| 2025-04-30 | T9M-2 | 09:00:00 | 20:00:00 | 2.5 | 10.5 | 客户整椅图纸 | <- | <- | <- | 
| 2025-05-01 | T9M-2 |  |  |  |  |  | <- | <- | <- | 
| 2025-05-02 | T9M-2 |  |  |  |  |  | <- | <- | <- | 
| 工时统计 | 项目名称 | 项目编号 | 加班 | <- | 工时 | 项目工程师签字 | <- | <- | <- | 
| ^ | T9M-2 |  | 72.0 | <- | 248.0 |  | <- | <- | <- | 
| ^ |  |  |  | <- |  |  | <- | <- | <- | 
| ^ |  |  |  | <- |  |  | <- | <- | <- | 
| ^ |  |  |  | <- |  |  | <- | <- | <- | 
| 总计工时 | 248.00 | <- | 经理签字： | <- | <- |  | <- | <- | <- | 


## 工作表: Sheet1

| A | B | C | D | E | F | 
|  --- | --- | --- | --- | --- | --- |
|  |  |  | 一年调整一次，请勿随意删除 | <- | <- | 
|  |  |  | 2025 | <- | <- | 
| 年 | 月 |  | 节假日 | 调休加班日 |  | 
| 1905-07-17 | 4 |  | 45658 | 45683 |  | 
|  |  |  | 45685 | 45696 |  | 
|  |  |  | 45686 | 45774 |  | 
|  |  |  | 45687 | 45928 |  | 
|  |  |  | 45688 | 45941 |  | 
|  |  |  | 45689 |  |  | 
|  |  |  | 45690 |  |  | 
|  |  |  | 45691 |  |  | 
|  |  |  | 45692 |  |  | 
|  |  |  | 45751 |  |  | 
|  |  |  | 45752 |  |  | 
|  |  |  | 45753 |  |  | 
|  |  |  | 45778 |  |  | 
|  |  |  | 45779 |  |  | 
|  |  |  | 45780 |  |  | 
|  |  |  | 45781 |  |  | 
|  |  |  | 45782 |  |  | 
|  |  |  | 45808 |  |  | 
|  |  |  | 45809 |  |  | 
|  |  |  | 45810 |  |  | 
|  |  |  | 45931 |  |  | 
|  |  |  | 45932 |  |  | 
|  |  |  | 45933 |  |  | 
|  |  |  | 45934 |  |  | 
|  |  |  | 45935 |  |  | 
|  |  |  | 45936 |  |  | 
|  |  |  | 45937 |  |  | 
|  |  |  | 45938 |  |  | 



2025-05-20 10:58:29,038 - INFO - 请求成功，状态码: 200
2025-05-20 10:58:29,039 - INFO - 模型返回：
{"T9M-2":{"overtime_hours":72.0,"total_hours":248.0}}

2025-05-20 10:58:29,040 - INFO - 源数据表中的工时汇总数据：{'T9M-2': {'overtime_hours': 72.0, 'total_hours': 248.0}}
2025-05-20 10:58:29,040 - INFO - 文件处理进度：9 / 10
2025-05-20 10:58:29,040 - INFO - 开始处理工时文件：D:/sotos工作资料/test/2\皮江涛工时表-重庆安道拓-2025年04月.xlsx
2025-05-20 10:58:29,214 - INFO - Excel表格提取文本：
## 工作表: 皮江涛

| A | B | C | D | E | F | G | H | I | J | 
|  --- | --- | --- | --- | --- | --- | --- | --- | --- | --- |
| 重庆安道拓 | <- | 上海睿励信息技术有限公司 工时记录表 | <- | <- | <- | <- | <- | <- | <- | 
| ^ | ^<- | 供应商 |  | <- | <- | <- | <- | <- | <- | 
| 工程师 | 皮江涛 | <- | 负责人 | 王怀金 | 电话 | 15023246872 | <- | <- | <- | 
| 日期 | 项目名称 | 开始工作时间 | 工作结束时间 | 加班时间 | 总工作时间 | 备注 | <- | <- | <- | 
| 2025-04-01 | Alps-Blanc | 08:00:00 | 19:30:00 | 3.0 | 11.0 | 后排坐垫新开模方案数据设计 | <- | <- | <- | 
| 2025-04-02 | Alps-Blanc | 08:30:00 | 20:00:00 | 3.0 | 11.0 | 靠背数据匹配，后排坐垫新开模方案数据设计 | <- | <- | <- | 
| 2025-04-03 | Alps-Blanc | 08:30:00 | 20:00:00 | 3.0 | 11.0 | 新开模冻结数据设计 | <- | <- | <- | 
| 2025-04-04 |  |  |  |  |  |  | <- | <- | <- | 
| 2025-04-05 |  |  |  |  |  |  | <- | <- | <- | 
| 2025-04-06 |  |  |  |  |  |  | <- | <- | <- | 
| 2025-04-07 | Alps-Blanc | 08:30:00 | 20:30:00 | 3.5 | 11.5 | 新模具冻结数据 | <- | <- | <- | 
| 2025-04-08 | Alps-Blanc | 08:30:00 | 20:00:00 | 3.0 | 11.0 | 冻结数据发放 | <- | <- | <- | 
| 2025-04-09 | Alps-Blanc | 08:30:00 | 20:00:00 | 3.0 | 11.0 | 后排新模具冻结发放 | <- | <- | <- | 
| 2025-04-10 | Alps-Blanc | 08:30:00 | 20:00:00 | 3.0 | 11.0 | 中排质量、客户需求设变更改 | <- | <- | <- | 
| 2025-04-11 | Alps-Blanc | 08:30:00 | 19:00:00 | 2.0 | 10.0 | 中排航空坐垫设变、方案数据 | <- | <- | <- | 
| 2025-04-12 | Alps-Blanc | 11:00:00 | 15:00:00 | 3.5 | 3.5 | 中排航空坐垫设变、方案数据 | <- | <- | <- | 
| 2025-04-13 |  |  |  |  |  |  | <- | <- | <- | 
| 2025-04-14 | Alps-Blanc | 08:30:00 | 20:00:00 | 3.0 | 11.0 | 中排设变发放 | <- | <- | <- | 
| 2025-04-15 | Alps-Blanc | 08:30:00 | 19:30:00 | 2.5 | 10.5 | 6人座、7人座、五人座软泡设变更改 | <- | <- | <- | 
| 2025-04-16 | Alps-Blanc | 08:30:00 | 20:00:00 | 3.0 | 11.0 | 6人座 7人座软泡设变变更 | <- | <- | <- | 
| 2025-04-17 | Alps-Blanc | 08:30:00 | 20:30:00 | 3.5 | 11.5 | 7人座 设变 | <- | <- | <- | 
| 2025-04-18 | Alps-Blanc | 08:30:00 | 19:30:00 | 2.5 | 10.5 | 座舱2.0创新样件设计 | <- | <- | <- | 
| 2025-04-19 | Alps-Blanc | 09:00:00 | 17:00:00 | 7.5 | 7.5 | FY25 样件数据 | <- | <- | <- | 
| 2025-04-20 |  |  |  |  |  |  | <- | <- | <- | 
| 2025-04-21 | Alps-Blanc | 08:00:00 | 19:30:00 | 3.0 | 11.0 | 中排航空设变数据，套表 | <- | <- | <- | 
| 2025-04-22 | Alps-Blanc | 08:30:00 | 20:00:00 | 3.0 | 11.0 | 设变数据、FY25 样件数据优化 | <- | <- | <- | 
| 2025-04-23 | Alps-Blanc | 08:30:00 | 20:00:00 | 3.0 | 11.0 | 6人座、7人座设变数据 | <- | <- | <- | 
| 2025-04-24 | Alps-Blanc | 08:30:00 | 20:30:00 | 3.5 | 11.5 | 6人座U型钢丝变更套表，PLM系统数据维护 | <- | <- | <- | 
| 2025-04-25 | Alps-Blanc | 08:30:00 | 19:00:00 | 2.0 | 10.0 | 5人座设变数据修改 | <- | <- | <- | 
| 2025-04-26 |  |  |  |  |  |  | <- | <- | <- | 
| 2025-04-27 | Alps-Blanc | 08:30:00 | 21:30:00 | 4.5 | 12.5 | 6人座客户变更数据更改 | <- | <- | <- | 
| 2025-04-28 | Alps-Blanc | 08:30:00 | 22:00:00 | 5.0 | 13.0 | 6人座客户需求设变 | <- | <- | <- | 
| 2025-04-29 | Alps-Blanc | 08:00:00 | 21:30:00 | 5.0 | 13.0 | 6人座图纸，PLM系统维护，CR发放 | <- | <- | <- | 
| 2025-04-30 | Alps-Blanc | 08:00:00 | 17:30:00 | 1.0 | 9.0 | 5人座、7人座设变数据修改 | <- | <- | <- | 
| 工时统计 | 项目名称 | 项目编号 | 加班 | <- | 工时 | 项目工程师签字 | <- | <- | <- | 
| ^ | Alps-Blanc |  | 79.0 | <- | 255.0 |  | <- | <- | <- | 
| ^ |  |  |  | <- |  |  | <- | <- | <- | 
| ^ |  |  |  | <- |  |  | <- | <- | <- | 
| ^ |  |  |  | <- |  |  | <- | <- | <- | 
| 总计工时 | 255.00 | <- | 经理签字： | <- | <- |  | <- | <- | <- | 


## 工作表: Sheet1

| A | B | C | D | E | F | 
|  --- | --- | --- | --- | --- | --- |
|  |  |  | 一年调整一次，请勿随意删除 | <- | <- | 
|  |  |  | 2025 | <- | <- | 
| 年 | 月 |  | 节假日 | 调休加班日 |  | 
| 1905-07-17 | 4 |  | 45658 | 45683 |  | 
|  |  |  | 45685 | 45696 |  | 
|  |  |  | 45686 | 45774 |  | 
|  |  |  | 45687 | 45928 |  | 
|  |  |  | 45688 | 45941 |  | 
|  |  |  | 45689 |  |  | 
|  |  |  | 45690 |  |  | 
|  |  |  | 45691 |  |  | 
|  |  |  | 45692 |  |  | 
|  |  |  | 45751 |  |  | 
|  |  |  | 45752 |  |  | 
|  |  |  | 45753 |  |  | 
|  |  |  | 45778 |  |  | 
|  |  |  | 45779 |  |  | 
|  |  |  | 45780 |  |  | 
|  |  |  | 45781 |  |  | 
|  |  |  | 45782 |  |  | 
|  |  |  | 45808 |  |  | 
|  |  |  | 45809 |  |  | 
|  |  |  | 45810 |  |  | 
|  |  |  | 45931 |  |  | 
|  |  |  | 45932 |  |  | 
|  |  |  | 45933 |  |  | 
|  |  |  | 45934 |  |  | 
|  |  |  | 45935 |  |  | 
|  |  |  | 45936 |  |  | 
|  |  |  | 45937 |  |  | 
|  |  |  | 45938 |  |  | 



2025-05-20 10:58:29,227 - INFO - 从表格文本中，提取员工姓名和公司名称...
2025-05-20 10:58:29,228 - INFO - 发送请求到模型API...
2025-05-20 10:58:29,228 - INFO - system_prompt：
你是一个专业的表格信息提取助手。用户会提供给你一份Excel工时表，已转换为Markdown格式。你需要提取出表格包含的员工姓名`employee_name`和公司名称`company_name`。以JSON格式输出结果，包含`employee_name`和`company_name`两个字段。如果无法提取到员工姓名和公司名称，请返回空字符串。

markdown格式的表格中合并单元格表示法：
   - "^" 符号表示该单元格与上方单元格合并（纵向合并）
   - "<-" 符号表示该单元格与左侧单元格合并（横向合并）
   - "^<-" 符号表示该单元格同时与上方和左侧单元格合并（纵横合并）

比如：{"employee_name":"张三", "company_name":"XXX公司"}
注意：直接返回结果，不要包含任何解释或说明。

2025-05-20 10:58:29,230 - INFO - user_prompt：## 工作表: 皮江涛

| A | B | C | D | E | F | G | H | I | J | 
|  --- | --- | --- | --- | --- | --- | --- | --- | --- | --- |
| 重庆安道拓 | <- | 上海睿励信息技术有限公司 工时记录表 | <- | <- | <- | <- | <- | <- | <- | 
| ^ | ^<- | 供应商 |  | <- | <- | <- | <- | <- | <- | 
| 工程师 | 皮江涛 | <- | 负责人 | 王怀金 | 电话 | 15023246872 | <- | <- | <- | 
| 日期 | 项目名称 | 开始工作时间 | 工作结束时间 | 加班时间 | 总工作时间 | 备注 | <- | <- | <- | 
| 2025-04-01 | Alps-Blanc | 08:00:00 | 19:30:00 | 3.0 | 11.0 | 后排坐垫新开模方案数据设计 | <- | <- | <- | 
| 2025-04-02 | Alps-Blanc | 08:30:00 | 20:00:00 | 3.0 | 11.0 | 靠背数据匹配，后排坐垫新开模方案数据设计 | <- | <- | <- | 
| 2025-04-03 | Alps-Blanc | 08:30:00 | 20:00:00 | 3.0 | 11.0 | 新开模冻结数据设计 | <- | <- | <- | 
| 2025-04-04 |  |  |  |  |  |  | <- | <- | <- | 
| 2025-04-05 |  |  |  |  |  |  | <- | <- | <- | 
| 2025-04-06 |  |  |  |  |  |  | <- | <- | <- | 
| 2025-04-07 | Alps-Blanc | 08:30:00 | 20:30:00 | 3.5 | 11.5 | 新模具冻结数据 | <- | <- | <- | 
| 2025-04-08 | Alps-Blanc | 08:30:00 | 20:00:00 | 3.0 | 11.0 | 冻结数据发放 | <- | <- | <- | 
| 2025-04-09 | Alps-Blanc | 08:30:00 | 20:00:00 | 3.0 | 11.0 | 后排新模具冻结发放 | <- | <- | <- | 
| 2025-04-10 | Alps-Blanc | 08:30:00 | 20:00:00 | 3.0 | 11.0 | 中排质量、客户需求设变更改 | <- | <- | <- | 
| 2025-04-11 | Alps-Blanc | 08:30:00 | 19:00:00 | 2.0 | 10.0 | 中排航空坐垫设变、方案数据 | <- | <- | <- | 
| 2025-04-12 | Alps-Blanc | 11:00:00 | 15:00:00 | 3.5 | 3.5 | 中排航空坐垫设变、方案数据 | <- | <- | <- | 
| 2025-04-13 |  |  |  |  |  |  | <- | <- | <- | 
| 2025-04-14 | Alps-Blanc | 08:30:00 | 20:00:00 | 3.0 | 11.0 | 中排设变发放 | <- | <- | <- | 
| 2025-04-15 | Alps-Blanc | 08:30:00 | 19:30:00 | 2.5 | 10.5 | 6人座、7人座、五人座软泡设变更改 | <- | <- | <- | 
| 2025-04-16 | Alps-Blanc | 08:30:00 | 20:00:00 | 3.0 | 11.0 | 6人座 7人座软泡设变变更 | <- | <- | <- | 
| 2025-04-17 | Alps-Blanc | 08:30:00 | 20:30:00 | 3.5 | 11.5 | 7人座 设变 | <- | <- | <- | 
| 2025-04-18 | Alps-Blanc | 08:30:00 | 19:30:00 | 2.5 | 10.5 | 座舱2.0创新样件设计 | <- | <- | <- | 
| 2025-04-19 | Alps-Blanc | 09:00:00 | 17:00:00 | 7.5 | 7.5 | FY25 样件数据 | <- | <- | <- | 
| 2025-04-20 |  |  |  |  |  |  | <- | <- | <- | 
| 2025-04-21 | Alps-Blanc | 08:00:00 | 19:30:00 | 3.0 | 11.0 | 中排航空设变数据，套表 | <- | <- | <- | 
| 2025-04-22 | Alps-Blanc | 08:30:00 | 20:00:00 | 3.0 | 11.0 | 设变数据、FY25 样件数据优化 | <- | <- | <- | 
| 2025-04-23 | Alps-Blanc | 08:30:00 | 20:00:00 | 3.0 | 11.0 | 6人座、7人座设变数据 | <- | <- | <- | 
| 2025-04-24 | Alps-Blanc | 08:30:00 | 20:30:00 | 3.5 | 11.5 | 6人座U型钢丝变更套表，PLM系统数据维护 | <- | <- | <- | 
| 2025-04-25 | Alps-Blanc | 08:30:00 | 19:00:00 | 2.0 | 10.0 | 5人座设变数据修改 | <- | <- | <- | 
| 2025-04-26 |  |  |  |  |  |  | <- | <- | <- | 
| 2025-04-27 | Alps-Blanc | 08:30:00 | 21:30:00 | 4.5 | 12.5 | 6人座客户变更数据更改 | <- | <- | <- | 
| 2025-04-28 | Alps-Blanc | 08:30:00 | 22:00:00 | 5.0 | 13.0 | 6人座客户需求设变 | <- | <- | <- | 
| 2025-04-29 | Alps-Blanc | 08:00:00 | 21:30:00 | 5.0 | 13.0 | 6人座图纸，PLM系统维护，CR发放 | <- | <- | <- | 
| 2025-04-30 | Alps-Blanc | 08:00:00 | 17:30:00 | 1.0 | 9.0 | 5人座、7人座设变数据修改 | <- | <- | <- | 
| 工时统计 | 项目名称 | 项目编号 | 加班 | <- | 工时 | 项目工程师签字 | <- | <- | <- | 
| ^ | Alps-Blanc |  | 79.0 | <- | 255.0 |  | <- | <- | <- | 
| ^ |  |  |  | <- |  |  | <- | <- | <- | 
| ^ |  |  |  | <- |  |  | <- | <- | <- | 
| ^ |  |  |  | <- |  |  | <- | <- | <- | 
| 总计工时 | 255.00 | <- | 经理签字： | <- | <- |  | <- | <- | <- | 


## 工作表: Sheet1

| A | B | C | D | E | F | 
|  --- | --- | --- | --- | --- | --- |
|  |  |  | 一年调整一次，请勿随意删除 | <- | <- | 
|  |  |  | 2025 | <- | <- | 
| 年 | 月 |  | 节假日 | 调休加班日 |  | 
| 1905-07-17 | 4 |  | 45658 | 45683 |  | 
|  |  |  | 45685 | 45696 |  | 
|  |  |  | 45686 | 45774 |  | 
|  |  |  | 45687 | 45928 |  | 
|  |  |  | 45688 | 45941 |  | 
|  |  |  | 45689 |  |  | 
|  |  |  | 45690 |  |  | 
|  |  |  | 45691 |  |  | 
|  |  |  | 45692 |  |  | 
|  |  |  | 45751 |  |  | 
|  |  |  | 45752 |  |  | 
|  |  |  | 45753 |  |  | 
|  |  |  | 45778 |  |  | 
|  |  |  | 45779 |  |  | 
|  |  |  | 45780 |  |  | 
|  |  |  | 45781 |  |  | 
|  |  |  | 45782 |  |  | 
|  |  |  | 45808 |  |  | 
|  |  |  | 45809 |  |  | 
|  |  |  | 45810 |  |  | 
|  |  |  | 45931 |  |  | 
|  |  |  | 45932 |  |  | 
|  |  |  | 45933 |  |  | 
|  |  |  | 45934 |  |  | 
|  |  |  | 45935 |  |  | 
|  |  |  | 45936 |  |  | 
|  |  |  | 45937 |  |  | 
|  |  |  | 45938 |  |  | 



2025-05-20 10:58:31,035 - INFO - 请求成功，状态码: 200
2025-05-20 10:58:31,036 - INFO - 模型返回：{"employee_name":"皮江涛", "company_name":"重庆安道拓"}

2025-05-20 10:58:31,037 - INFO - 解析模型返回：
 - 员工姓名：皮江涛,  - 公司名称：重庆安道拓
2025-05-20 10:58:31,037 - INFO - 

从表格文本中，提取汇总数据...
2025-05-20 10:58:31,038 - INFO - 发送请求到模型API...
2025-05-20 10:58:31,038 - INFO - system_prompt：
你是一个专业的工时数据提取助手。用户会提供给你一份Excel工时表，已转换为Markdown格式。你需要提取出表格中的按照项目做统计的工时汇总数据。将提取结果以JSON格式输出。以项目名称作为key为项目名称，value为包含加班和工时的字典。

markdown格式的表格中合并单元格表示法：
   - "^" 符号表示该单元格与上方单元格合并（纵向合并）
   - "<-" 符号表示该单元格与左侧单元格合并（横向合并）
   - "^<-" 符号表示该单元格同时与上方和左侧单元格合并（纵横合并）

你可以按照以下步骤进行分析：
1. 首先，定位表格中工时统计汇总数据，通常在表格的下方。
2. 读取工时统计汇总数据，包含项目名称、项目编号、加班、工时等。项目编号可能为空。
3. 整理所有数据，以JSON格式输。key为项目名称，value为包含加班`overtime_hours`和工时`total_hours`的字典。

注意：
1.直接返回结果，不要包含任何解释或说明。
2.输出结果必须严格按照无语法错误的JSON格式输出，不能有任何其他格式。

以JSON格式输出结果，示例输出如下：
示例1：
{"D11":{"overtime_hours":20,"total_hours":120}, "A12":{"overtime_hours":6,"total_hours":14}, "B13":{"overtime_hours":1,"total_hours":10}}
示例2：
{"D11":{"overtime_hours":20,"total_hours":120}, "A12":{"overtime_hours":6,"total_hours":14}}

2025-05-20 10:58:31,042 - INFO - user_prompt：## 工作表: 皮江涛

| A | B | C | D | E | F | G | H | I | J | 
|  --- | --- | --- | --- | --- | --- | --- | --- | --- | --- |
| 重庆安道拓 | <- | 上海睿励信息技术有限公司 工时记录表 | <- | <- | <- | <- | <- | <- | <- | 
| ^ | ^<- | 供应商 |  | <- | <- | <- | <- | <- | <- | 
| 工程师 | 皮江涛 | <- | 负责人 | 王怀金 | 电话 | 15023246872 | <- | <- | <- | 
| 日期 | 项目名称 | 开始工作时间 | 工作结束时间 | 加班时间 | 总工作时间 | 备注 | <- | <- | <- | 
| 2025-04-01 | Alps-Blanc | 08:00:00 | 19:30:00 | 3.0 | 11.0 | 后排坐垫新开模方案数据设计 | <- | <- | <- | 
| 2025-04-02 | Alps-Blanc | 08:30:00 | 20:00:00 | 3.0 | 11.0 | 靠背数据匹配，后排坐垫新开模方案数据设计 | <- | <- | <- | 
| 2025-04-03 | Alps-Blanc | 08:30:00 | 20:00:00 | 3.0 | 11.0 | 新开模冻结数据设计 | <- | <- | <- | 
| 2025-04-04 |  |  |  |  |  |  | <- | <- | <- | 
| 2025-04-05 |  |  |  |  |  |  | <- | <- | <- | 
| 2025-04-06 |  |  |  |  |  |  | <- | <- | <- | 
| 2025-04-07 | Alps-Blanc | 08:30:00 | 20:30:00 | 3.5 | 11.5 | 新模具冻结数据 | <- | <- | <- | 
| 2025-04-08 | Alps-Blanc | 08:30:00 | 20:00:00 | 3.0 | 11.0 | 冻结数据发放 | <- | <- | <- | 
| 2025-04-09 | Alps-Blanc | 08:30:00 | 20:00:00 | 3.0 | 11.0 | 后排新模具冻结发放 | <- | <- | <- | 
| 2025-04-10 | Alps-Blanc | 08:30:00 | 20:00:00 | 3.0 | 11.0 | 中排质量、客户需求设变更改 | <- | <- | <- | 
| 2025-04-11 | Alps-Blanc | 08:30:00 | 19:00:00 | 2.0 | 10.0 | 中排航空坐垫设变、方案数据 | <- | <- | <- | 
| 2025-04-12 | Alps-Blanc | 11:00:00 | 15:00:00 | 3.5 | 3.5 | 中排航空坐垫设变、方案数据 | <- | <- | <- | 
| 2025-04-13 |  |  |  |  |  |  | <- | <- | <- | 
| 2025-04-14 | Alps-Blanc | 08:30:00 | 20:00:00 | 3.0 | 11.0 | 中排设变发放 | <- | <- | <- | 
| 2025-04-15 | Alps-Blanc | 08:30:00 | 19:30:00 | 2.5 | 10.5 | 6人座、7人座、五人座软泡设变更改 | <- | <- | <- | 
| 2025-04-16 | Alps-Blanc | 08:30:00 | 20:00:00 | 3.0 | 11.0 | 6人座 7人座软泡设变变更 | <- | <- | <- | 
| 2025-04-17 | Alps-Blanc | 08:30:00 | 20:30:00 | 3.5 | 11.5 | 7人座 设变 | <- | <- | <- | 
| 2025-04-18 | Alps-Blanc | 08:30:00 | 19:30:00 | 2.5 | 10.5 | 座舱2.0创新样件设计 | <- | <- | <- | 
| 2025-04-19 | Alps-Blanc | 09:00:00 | 17:00:00 | 7.5 | 7.5 | FY25 样件数据 | <- | <- | <- | 
| 2025-04-20 |  |  |  |  |  |  | <- | <- | <- | 
| 2025-04-21 | Alps-Blanc | 08:00:00 | 19:30:00 | 3.0 | 11.0 | 中排航空设变数据，套表 | <- | <- | <- | 
| 2025-04-22 | Alps-Blanc | 08:30:00 | 20:00:00 | 3.0 | 11.0 | 设变数据、FY25 样件数据优化 | <- | <- | <- | 
| 2025-04-23 | Alps-Blanc | 08:30:00 | 20:00:00 | 3.0 | 11.0 | 6人座、7人座设变数据 | <- | <- | <- | 
| 2025-04-24 | Alps-Blanc | 08:30:00 | 20:30:00 | 3.5 | 11.5 | 6人座U型钢丝变更套表，PLM系统数据维护 | <- | <- | <- | 
| 2025-04-25 | Alps-Blanc | 08:30:00 | 19:00:00 | 2.0 | 10.0 | 5人座设变数据修改 | <- | <- | <- | 
| 2025-04-26 |  |  |  |  |  |  | <- | <- | <- | 
| 2025-04-27 | Alps-Blanc | 08:30:00 | 21:30:00 | 4.5 | 12.5 | 6人座客户变更数据更改 | <- | <- | <- | 
| 2025-04-28 | Alps-Blanc | 08:30:00 | 22:00:00 | 5.0 | 13.0 | 6人座客户需求设变 | <- | <- | <- | 
| 2025-04-29 | Alps-Blanc | 08:00:00 | 21:30:00 | 5.0 | 13.0 | 6人座图纸，PLM系统维护，CR发放 | <- | <- | <- | 
| 2025-04-30 | Alps-Blanc | 08:00:00 | 17:30:00 | 1.0 | 9.0 | 5人座、7人座设变数据修改 | <- | <- | <- | 
| 工时统计 | 项目名称 | 项目编号 | 加班 | <- | 工时 | 项目工程师签字 | <- | <- | <- | 
| ^ | Alps-Blanc |  | 79.0 | <- | 255.0 |  | <- | <- | <- | 
| ^ |  |  |  | <- |  |  | <- | <- | <- | 
| ^ |  |  |  | <- |  |  | <- | <- | <- | 
| ^ |  |  |  | <- |  |  | <- | <- | <- | 
| 总计工时 | 255.00 | <- | 经理签字： | <- | <- |  | <- | <- | <- | 


## 工作表: Sheet1

| A | B | C | D | E | F | 
|  --- | --- | --- | --- | --- | --- |
|  |  |  | 一年调整一次，请勿随意删除 | <- | <- | 
|  |  |  | 2025 | <- | <- | 
| 年 | 月 |  | 节假日 | 调休加班日 |  | 
| 1905-07-17 | 4 |  | 45658 | 45683 |  | 
|  |  |  | 45685 | 45696 |  | 
|  |  |  | 45686 | 45774 |  | 
|  |  |  | 45687 | 45928 |  | 
|  |  |  | 45688 | 45941 |  | 
|  |  |  | 45689 |  |  | 
|  |  |  | 45690 |  |  | 
|  |  |  | 45691 |  |  | 
|  |  |  | 45692 |  |  | 
|  |  |  | 45751 |  |  | 
|  |  |  | 45752 |  |  | 
|  |  |  | 45753 |  |  | 
|  |  |  | 45778 |  |  | 
|  |  |  | 45779 |  |  | 
|  |  |  | 45780 |  |  | 
|  |  |  | 45781 |  |  | 
|  |  |  | 45782 |  |  | 
|  |  |  | 45808 |  |  | 
|  |  |  | 45809 |  |  | 
|  |  |  | 45810 |  |  | 
|  |  |  | 45931 |  |  | 
|  |  |  | 45932 |  |  | 
|  |  |  | 45933 |  |  | 
|  |  |  | 45934 |  |  | 
|  |  |  | 45935 |  |  | 
|  |  |  | 45936 |  |  | 
|  |  |  | 45937 |  |  | 
|  |  |  | 45938 |  |  | 



2025-05-20 10:58:33,125 - INFO - 请求成功，状态码: 200
2025-05-20 10:58:33,126 - INFO - 模型返回：
{"Alps-Blanc":{"overtime_hours":79.0,"total_hours":255.0}}

2025-05-20 10:58:33,127 - INFO - 源数据表中的工时汇总数据：{'Alps-Blanc': {'overtime_hours': 79.0, 'total_hours': 255.0}}
2025-05-20 10:58:33,127 - INFO - 文件处理进度：10 / 10
2025-05-20 10:58:33,127 - INFO - 开始处理工时文件：D:/sotos工作资料/test/2\黄力升工时表-重庆安道拓-2025年04月.xlsx
2025-05-20 10:58:33,277 - INFO - Excel表格提取文本：
## 工作表: 黄力升

| A | B | C | D | E | F | G | H | I | J | 
|  --- | --- | --- | --- | --- | --- | --- | --- | --- | --- |
| 重庆延锋安道拓 | <- | 上海睿励信息技术有限公司 工时记录表 | <- | <- | <- | <- | <- | <- | <- | 
| ^ | ^<- | 供应商 |  | <- | <- | <- | <- | <- | <- | 
| 工程师 | 黄力升 | <- | 负责人 | 刘雪成 | 电话 | 13452166684 | <- | <- | <- | 
| 日期 | 项目名称 | 开始工作时间 | 工作结束时间 | 加班时间 | 总工作时间 | 备注 | <- | <- | <- | 
| 2025-04-01 | V446K | 08:30:00 | 20:00:00 | 3.0 | 11.0 | 整椅设变 样椅拆装 | <- | <- | <- | 
| 2025-04-02 | V446K | 08:30:00 | 20:00:00 | 3.0 | 11.0 | 设变资料 设变发放 | <- | <- | <- | 
| 2025-04-03 | V446K | 08:30:00 | 19:00:00 | 2.0 | 10.0 | 整椅设变 | <- | <- | <- | 
| 2025-04-04 |  |  |  |  |  |  | <- | <- | <- | 
| 2025-04-05 | V446K | 10:00:00 | 16:00:00 | 5.5 | 5.5 | ESER资料 | <- | <- | <- | 
| 2025-04-06 |  |  |  |  |  |  | <- | <- | <- | 
| 2025-04-07 | V446K | 08:30:00 | 20:00:00 | 3.0 | 11.0 | 消音布图纸 设变资料 DVP发放 | <- | <- | <- | 
| 2025-04-08 | V446K | 08:30:00 | 20:30:00 | 3.5 | 11.5 | 客户图纸 座椅重量 | <- | <- | <- | 
| 2025-04-09 | V446K | 08:30:00 | 20:00:00 | 3.0 | 11.0 | lims试验更新 MBON更新 客户图纸更改 设变发放 | <- | <- | <- | 
| 2025-04-10 | V446K | 09:00:00 | 20:30:00 | 3.0 | 11.0 | 设变发放 座椅对标 实验更新 | <- | <- | <- | 
| 2025-04-11 | V446K | 08:30:00 | 21:00:00 | 4.0 | 12.0 | 座椅打样 实验报告 | <- | <- | <- | 
| 2025-04-12 | V446K | 10:00:00 | 17:00:00 | 6.5 | 6.5 | 报告整理 | <- | <- | <- | 
| 2025-04-13 |  |  |  |  |  |  | <- | <- | <- | 
| 2025-04-14 | V446K | 08:30:00 | 20:00:00 | 3.0 | 11.0 | 样椅增加钢丝验证 钢丝防错方案 | <- | <- | <- | 
| 2025-04-15 | V446K | 08:30:00 | 20:00:00 | 3.0 | 11.0 | 变更对比 变更资料 | <- | <- | <- | 
| 2025-04-16 | V446K | 08:30:00 | 20:00:00 | 3.0 | 11.0 | 设变对比 数据发放 | <- | <- | <- | 
| 2025-04-17 | V446K | 08:30:00 | 20:30:00 | 3.5 | 11.5 | 气囊失效座椅分析 设变发放 | <- | <- | <- | 
| 2025-04-18 | V446K | 08:30:00 | 17:00:00 | 0.0 | 8.0 | ESER资料 样椅腿托安装 | <- | <- | <- | 
| 2025-04-19 | V446K | 10:00:00 | 14:00:00 | 3.5 | 3.5 | ESER资料 | <- | <- | <- | 
| 2025-04-20 |  |  |  |  |  |  | <- | <- | <- | 
| 2025-04-21 | V446K | 08:30:00 | 20:30:00 | 3.5 | 11.5 | 设变资料 报告整理 样椅打样 | <- | <- | <- | 
| 2025-04-22 | V446K | 08:30:00 | 19:30:00 | 2.5 | 10.5 | 设变发放 实验报告 | <- | <- | <- | 
| 2025-04-23 | V446K | 08:30:00 | 20:00:00 | 3.0 | 11.0 | 变更说明 客户图纸 | <- | <- | <- | 
| 2025-04-24 | V446K | 08:30:00 | 19:30:00 | 2.5 | 10.5 | ESER资料 CCC资料 | <- | <- | <- | 
| 2025-04-25 | V446K | 08:30:00 | 17:00:00 | 0.0 | 8.0 | 实验报告号整理 CCSC审核 | <- | <- | <- | 
| 2025-04-26 |  |  |  |  |  |  | <- | <- | <- | 
| 2025-04-27 | V446K | 08:30:00 | 20:00:00 | 3.0 | 11.0 | 腿托快速样件安装 图纸更改 | <- | <- | <- | 
| 2025-04-28 | V446K | 08:30:00 | 20:00:00 | 3.0 | 11.0 | 设变发放 | <- | <- | <- | 
| 2025-04-29 | V446K | 08:30:00 | 20:00:00 | 3.0 | 11.0 | 设变发放 | <- | <- | <- | 
| 2025-04-30 | V446K | 08:30:00 | 17:00:00 | 0.0 | 8.0 | 设变发放 | <- | <- | <- | 
| 工时统计 | 项目名称 | 项目编号 | 加班 | <- | 工时 | 项目工程师签字 | <- | <- | <- | 
| ^ | V446K |  | 73.0 | <- | 249.0 |  | <- | <- | <- | 
| ^ |  |  |  | <- |  |  | <- | <- | <- | 
| ^ |  |  |  | <- |  |  | <- | <- | <- | 
| ^ |  |  |  | <- |  |  | <- | <- | <- | 
| 总计工时 | 249.00 | <- | 经理签字： | <- | <- |  | <- | <- | <- | 


## 工作表: Sheet1

| A | B | C | D | E | F | 
|  --- | --- | --- | --- | --- | --- |
|  |  |  | 一年调整一次，请勿随意删除 | <- | <- | 
|  |  |  | 2025 | <- | <- | 
| 年 | 月 |  | 节假日 | 调休加班日 |  | 
| 1905-07-17 | 4 |  | 45658 | 45683 |  | 
|  |  |  | 45685 | 45696 |  | 
|  |  |  | 45686 | 45774 |  | 
|  |  |  | 45687 | 45928 |  | 
|  |  |  | 45688 | 45941 |  | 
|  |  |  | 45689 |  |  | 
|  |  |  | 45690 |  |  | 
|  |  |  | 45691 |  |  | 
|  |  |  | 45692 |  |  | 
|  |  |  | 45751 |  |  | 
|  |  |  | 45752 |  |  | 
|  |  |  | 45753 |  |  | 
|  |  |  | 45778 |  |  | 
|  |  |  | 45779 |  |  | 
|  |  |  | 45780 |  |  | 
|  |  |  | 45781 |  |  | 
|  |  |  | 45782 |  |  | 
|  |  |  | 45808 |  |  | 
|  |  |  | 45809 |  |  | 
|  |  |  | 45810 |  |  | 
|  |  |  | 45931 |  |  | 
|  |  |  | 45932 |  |  | 
|  |  |  | 45933 |  |  | 
|  |  |  | 45934 |  |  | 
|  |  |  | 45935 |  |  | 
|  |  |  | 45936 |  |  | 
|  |  |  | 45937 |  |  | 
|  |  |  | 45938 |  |  | 



2025-05-20 10:58:33,287 - INFO - 从表格文本中，提取员工姓名和公司名称...
2025-05-20 10:58:33,287 - INFO - 发送请求到模型API...
2025-05-20 10:58:33,288 - INFO - system_prompt：
你是一个专业的表格信息提取助手。用户会提供给你一份Excel工时表，已转换为Markdown格式。你需要提取出表格包含的员工姓名`employee_name`和公司名称`company_name`。以JSON格式输出结果，包含`employee_name`和`company_name`两个字段。如果无法提取到员工姓名和公司名称，请返回空字符串。

markdown格式的表格中合并单元格表示法：
   - "^" 符号表示该单元格与上方单元格合并（纵向合并）
   - "<-" 符号表示该单元格与左侧单元格合并（横向合并）
   - "^<-" 符号表示该单元格同时与上方和左侧单元格合并（纵横合并）

比如：{"employee_name":"张三", "company_name":"XXX公司"}
注意：直接返回结果，不要包含任何解释或说明。

2025-05-20 10:58:33,289 - INFO - user_prompt：## 工作表: 黄力升

| A | B | C | D | E | F | G | H | I | J | 
|  --- | --- | --- | --- | --- | --- | --- | --- | --- | --- |
| 重庆延锋安道拓 | <- | 上海睿励信息技术有限公司 工时记录表 | <- | <- | <- | <- | <- | <- | <- | 
| ^ | ^<- | 供应商 |  | <- | <- | <- | <- | <- | <- | 
| 工程师 | 黄力升 | <- | 负责人 | 刘雪成 | 电话 | 13452166684 | <- | <- | <- | 
| 日期 | 项目名称 | 开始工作时间 | 工作结束时间 | 加班时间 | 总工作时间 | 备注 | <- | <- | <- | 
| 2025-04-01 | V446K | 08:30:00 | 20:00:00 | 3.0 | 11.0 | 整椅设变 样椅拆装 | <- | <- | <- | 
| 2025-04-02 | V446K | 08:30:00 | 20:00:00 | 3.0 | 11.0 | 设变资料 设变发放 | <- | <- | <- | 
| 2025-04-03 | V446K | 08:30:00 | 19:00:00 | 2.0 | 10.0 | 整椅设变 | <- | <- | <- | 
| 2025-04-04 |  |  |  |  |  |  | <- | <- | <- | 
| 2025-04-05 | V446K | 10:00:00 | 16:00:00 | 5.5 | 5.5 | ESER资料 | <- | <- | <- | 
| 2025-04-06 |  |  |  |  |  |  | <- | <- | <- | 
| 2025-04-07 | V446K | 08:30:00 | 20:00:00 | 3.0 | 11.0 | 消音布图纸 设变资料 DVP发放 | <- | <- | <- | 
| 2025-04-08 | V446K | 08:30:00 | 20:30:00 | 3.5 | 11.5 | 客户图纸 座椅重量 | <- | <- | <- | 
| 2025-04-09 | V446K | 08:30:00 | 20:00:00 | 3.0 | 11.0 | lims试验更新 MBON更新 客户图纸更改 设变发放 | <- | <- | <- | 
| 2025-04-10 | V446K | 09:00:00 | 20:30:00 | 3.0 | 11.0 | 设变发放 座椅对标 实验更新 | <- | <- | <- | 
| 2025-04-11 | V446K | 08:30:00 | 21:00:00 | 4.0 | 12.0 | 座椅打样 实验报告 | <- | <- | <- | 
| 2025-04-12 | V446K | 10:00:00 | 17:00:00 | 6.5 | 6.5 | 报告整理 | <- | <- | <- | 
| 2025-04-13 |  |  |  |  |  |  | <- | <- | <- | 
| 2025-04-14 | V446K | 08:30:00 | 20:00:00 | 3.0 | 11.0 | 样椅增加钢丝验证 钢丝防错方案 | <- | <- | <- | 
| 2025-04-15 | V446K | 08:30:00 | 20:00:00 | 3.0 | 11.0 | 变更对比 变更资料 | <- | <- | <- | 
| 2025-04-16 | V446K | 08:30:00 | 20:00:00 | 3.0 | 11.0 | 设变对比 数据发放 | <- | <- | <- | 
| 2025-04-17 | V446K | 08:30:00 | 20:30:00 | 3.5 | 11.5 | 气囊失效座椅分析 设变发放 | <- | <- | <- | 
| 2025-04-18 | V446K | 08:30:00 | 17:00:00 | 0.0 | 8.0 | ESER资料 样椅腿托安装 | <- | <- | <- | 
| 2025-04-19 | V446K | 10:00:00 | 14:00:00 | 3.5 | 3.5 | ESER资料 | <- | <- | <- | 
| 2025-04-20 |  |  |  |  |  |  | <- | <- | <- | 
| 2025-04-21 | V446K | 08:30:00 | 20:30:00 | 3.5 | 11.5 | 设变资料 报告整理 样椅打样 | <- | <- | <- | 
| 2025-04-22 | V446K | 08:30:00 | 19:30:00 | 2.5 | 10.5 | 设变发放 实验报告 | <- | <- | <- | 
| 2025-04-23 | V446K | 08:30:00 | 20:00:00 | 3.0 | 11.0 | 变更说明 客户图纸 | <- | <- | <- | 
| 2025-04-24 | V446K | 08:30:00 | 19:30:00 | 2.5 | 10.5 | ESER资料 CCC资料 | <- | <- | <- | 
| 2025-04-25 | V446K | 08:30:00 | 17:00:00 | 0.0 | 8.0 | 实验报告号整理 CCSC审核 | <- | <- | <- | 
| 2025-04-26 |  |  |  |  |  |  | <- | <- | <- | 
| 2025-04-27 | V446K | 08:30:00 | 20:00:00 | 3.0 | 11.0 | 腿托快速样件安装 图纸更改 | <- | <- | <- | 
| 2025-04-28 | V446K | 08:30:00 | 20:00:00 | 3.0 | 11.0 | 设变发放 | <- | <- | <- | 
| 2025-04-29 | V446K | 08:30:00 | 20:00:00 | 3.0 | 11.0 | 设变发放 | <- | <- | <- | 
| 2025-04-30 | V446K | 08:30:00 | 17:00:00 | 0.0 | 8.0 | 设变发放 | <- | <- | <- | 
| 工时统计 | 项目名称 | 项目编号 | 加班 | <- | 工时 | 项目工程师签字 | <- | <- | <- | 
| ^ | V446K |  | 73.0 | <- | 249.0 |  | <- | <- | <- | 
| ^ |  |  |  | <- |  |  | <- | <- | <- | 
| ^ |  |  |  | <- |  |  | <- | <- | <- | 
| ^ |  |  |  | <- |  |  | <- | <- | <- | 
| 总计工时 | 249.00 | <- | 经理签字： | <- | <- |  | <- | <- | <- | 


## 工作表: Sheet1

| A | B | C | D | E | F | 
|  --- | --- | --- | --- | --- | --- |
|  |  |  | 一年调整一次，请勿随意删除 | <- | <- | 
|  |  |  | 2025 | <- | <- | 
| 年 | 月 |  | 节假日 | 调休加班日 |  | 
| 1905-07-17 | 4 |  | 45658 | 45683 |  | 
|  |  |  | 45685 | 45696 |  | 
|  |  |  | 45686 | 45774 |  | 
|  |  |  | 45687 | 45928 |  | 
|  |  |  | 45688 | 45941 |  | 
|  |  |  | 45689 |  |  | 
|  |  |  | 45690 |  |  | 
|  |  |  | 45691 |  |  | 
|  |  |  | 45692 |  |  | 
|  |  |  | 45751 |  |  | 
|  |  |  | 45752 |  |  | 
|  |  |  | 45753 |  |  | 
|  |  |  | 45778 |  |  | 
|  |  |  | 45779 |  |  | 
|  |  |  | 45780 |  |  | 
|  |  |  | 45781 |  |  | 
|  |  |  | 45782 |  |  | 
|  |  |  | 45808 |  |  | 
|  |  |  | 45809 |  |  | 
|  |  |  | 45810 |  |  | 
|  |  |  | 45931 |  |  | 
|  |  |  | 45932 |  |  | 
|  |  |  | 45933 |  |  | 
|  |  |  | 45934 |  |  | 
|  |  |  | 45935 |  |  | 
|  |  |  | 45936 |  |  | 
|  |  |  | 45937 |  |  | 
|  |  |  | 45938 |  |  | 



2025-05-20 10:58:35,235 - INFO - 请求成功，状态码: 200
2025-05-20 10:58:35,236 - INFO - 模型返回：{"employee_name":"黄力升", "company_name":"重庆延锋安道拓"}

2025-05-20 10:58:35,237 - INFO - 解析模型返回：
 - 员工姓名：黄力升,  - 公司名称：重庆延锋安道拓
2025-05-20 10:58:35,237 - INFO - 

从表格文本中，提取汇总数据...
2025-05-20 10:58:35,238 - INFO - 发送请求到模型API...
2025-05-20 10:58:35,238 - INFO - system_prompt：
你是一个专业的工时数据提取助手。用户会提供给你一份Excel工时表，已转换为Markdown格式。你需要提取出表格中的按照项目做统计的工时汇总数据。将提取结果以JSON格式输出。以项目名称作为key为项目名称，value为包含加班和工时的字典。

markdown格式的表格中合并单元格表示法：
   - "^" 符号表示该单元格与上方单元格合并（纵向合并）
   - "<-" 符号表示该单元格与左侧单元格合并（横向合并）
   - "^<-" 符号表示该单元格同时与上方和左侧单元格合并（纵横合并）

你可以按照以下步骤进行分析：
1. 首先，定位表格中工时统计汇总数据，通常在表格的下方。
2. 读取工时统计汇总数据，包含项目名称、项目编号、加班、工时等。项目编号可能为空。
3. 整理所有数据，以JSON格式输。key为项目名称，value为包含加班`overtime_hours`和工时`total_hours`的字典。

注意：
1.直接返回结果，不要包含任何解释或说明。
2.输出结果必须严格按照无语法错误的JSON格式输出，不能有任何其他格式。

以JSON格式输出结果，示例输出如下：
示例1：
{"D11":{"overtime_hours":20,"total_hours":120}, "A12":{"overtime_hours":6,"total_hours":14}, "B13":{"overtime_hours":1,"total_hours":10}}
示例2：
{"D11":{"overtime_hours":20,"total_hours":120}, "A12":{"overtime_hours":6,"total_hours":14}}

2025-05-20 10:58:35,240 - INFO - user_prompt：## 工作表: 黄力升

| A | B | C | D | E | F | G | H | I | J | 
|  --- | --- | --- | --- | --- | --- | --- | --- | --- | --- |
| 重庆延锋安道拓 | <- | 上海睿励信息技术有限公司 工时记录表 | <- | <- | <- | <- | <- | <- | <- | 
| ^ | ^<- | 供应商 |  | <- | <- | <- | <- | <- | <- | 
| 工程师 | 黄力升 | <- | 负责人 | 刘雪成 | 电话 | 13452166684 | <- | <- | <- | 
| 日期 | 项目名称 | 开始工作时间 | 工作结束时间 | 加班时间 | 总工作时间 | 备注 | <- | <- | <- | 
| 2025-04-01 | V446K | 08:30:00 | 20:00:00 | 3.0 | 11.0 | 整椅设变 样椅拆装 | <- | <- | <- | 
| 2025-04-02 | V446K | 08:30:00 | 20:00:00 | 3.0 | 11.0 | 设变资料 设变发放 | <- | <- | <- | 
| 2025-04-03 | V446K | 08:30:00 | 19:00:00 | 2.0 | 10.0 | 整椅设变 | <- | <- | <- | 
| 2025-04-04 |  |  |  |  |  |  | <- | <- | <- | 
| 2025-04-05 | V446K | 10:00:00 | 16:00:00 | 5.5 | 5.5 | ESER资料 | <- | <- | <- | 
| 2025-04-06 |  |  |  |  |  |  | <- | <- | <- | 
| 2025-04-07 | V446K | 08:30:00 | 20:00:00 | 3.0 | 11.0 | 消音布图纸 设变资料 DVP发放 | <- | <- | <- | 
| 2025-04-08 | V446K | 08:30:00 | 20:30:00 | 3.5 | 11.5 | 客户图纸 座椅重量 | <- | <- | <- | 
| 2025-04-09 | V446K | 08:30:00 | 20:00:00 | 3.0 | 11.0 | lims试验更新 MBON更新 客户图纸更改 设变发放 | <- | <- | <- | 
| 2025-04-10 | V446K | 09:00:00 | 20:30:00 | 3.0 | 11.0 | 设变发放 座椅对标 实验更新 | <- | <- | <- | 
| 2025-04-11 | V446K | 08:30:00 | 21:00:00 | 4.0 | 12.0 | 座椅打样 实验报告 | <- | <- | <- | 
| 2025-04-12 | V446K | 10:00:00 | 17:00:00 | 6.5 | 6.5 | 报告整理 | <- | <- | <- | 
| 2025-04-13 |  |  |  |  |  |  | <- | <- | <- | 
| 2025-04-14 | V446K | 08:30:00 | 20:00:00 | 3.0 | 11.0 | 样椅增加钢丝验证 钢丝防错方案 | <- | <- | <- | 
| 2025-04-15 | V446K | 08:30:00 | 20:00:00 | 3.0 | 11.0 | 变更对比 变更资料 | <- | <- | <- | 
| 2025-04-16 | V446K | 08:30:00 | 20:00:00 | 3.0 | 11.0 | 设变对比 数据发放 | <- | <- | <- | 
| 2025-04-17 | V446K | 08:30:00 | 20:30:00 | 3.5 | 11.5 | 气囊失效座椅分析 设变发放 | <- | <- | <- | 
| 2025-04-18 | V446K | 08:30:00 | 17:00:00 | 0.0 | 8.0 | ESER资料 样椅腿托安装 | <- | <- | <- | 
| 2025-04-19 | V446K | 10:00:00 | 14:00:00 | 3.5 | 3.5 | ESER资料 | <- | <- | <- | 
| 2025-04-20 |  |  |  |  |  |  | <- | <- | <- | 
| 2025-04-21 | V446K | 08:30:00 | 20:30:00 | 3.5 | 11.5 | 设变资料 报告整理 样椅打样 | <- | <- | <- | 
| 2025-04-22 | V446K | 08:30:00 | 19:30:00 | 2.5 | 10.5 | 设变发放 实验报告 | <- | <- | <- | 
| 2025-04-23 | V446K | 08:30:00 | 20:00:00 | 3.0 | 11.0 | 变更说明 客户图纸 | <- | <- | <- | 
| 2025-04-24 | V446K | 08:30:00 | 19:30:00 | 2.5 | 10.5 | ESER资料 CCC资料 | <- | <- | <- | 
| 2025-04-25 | V446K | 08:30:00 | 17:00:00 | 0.0 | 8.0 | 实验报告号整理 CCSC审核 | <- | <- | <- | 
| 2025-04-26 |  |  |  |  |  |  | <- | <- | <- | 
| 2025-04-27 | V446K | 08:30:00 | 20:00:00 | 3.0 | 11.0 | 腿托快速样件安装 图纸更改 | <- | <- | <- | 
| 2025-04-28 | V446K | 08:30:00 | 20:00:00 | 3.0 | 11.0 | 设变发放 | <- | <- | <- | 
| 2025-04-29 | V446K | 08:30:00 | 20:00:00 | 3.0 | 11.0 | 设变发放 | <- | <- | <- | 
| 2025-04-30 | V446K | 08:30:00 | 17:00:00 | 0.0 | 8.0 | 设变发放 | <- | <- | <- | 
| 工时统计 | 项目名称 | 项目编号 | 加班 | <- | 工时 | 项目工程师签字 | <- | <- | <- | 
| ^ | V446K |  | 73.0 | <- | 249.0 |  | <- | <- | <- | 
| ^ |  |  |  | <- |  |  | <- | <- | <- | 
| ^ |  |  |  | <- |  |  | <- | <- | <- | 
| ^ |  |  |  | <- |  |  | <- | <- | <- | 
| 总计工时 | 249.00 | <- | 经理签字： | <- | <- |  | <- | <- | <- | 


## 工作表: Sheet1

| A | B | C | D | E | F | 
|  --- | --- | --- | --- | --- | --- |
|  |  |  | 一年调整一次，请勿随意删除 | <- | <- | 
|  |  |  | 2025 | <- | <- | 
| 年 | 月 |  | 节假日 | 调休加班日 |  | 
| 1905-07-17 | 4 |  | 45658 | 45683 |  | 
|  |  |  | 45685 | 45696 |  | 
|  |  |  | 45686 | 45774 |  | 
|  |  |  | 45687 | 45928 |  | 
|  |  |  | 45688 | 45941 |  | 
|  |  |  | 45689 |  |  | 
|  |  |  | 45690 |  |  | 
|  |  |  | 45691 |  |  | 
|  |  |  | 45692 |  |  | 
|  |  |  | 45751 |  |  | 
|  |  |  | 45752 |  |  | 
|  |  |  | 45753 |  |  | 
|  |  |  | 45778 |  |  | 
|  |  |  | 45779 |  |  | 
|  |  |  | 45780 |  |  | 
|  |  |  | 45781 |  |  | 
|  |  |  | 45782 |  |  | 
|  |  |  | 45808 |  |  | 
|  |  |  | 45809 |  |  | 
|  |  |  | 45810 |  |  | 
|  |  |  | 45931 |  |  | 
|  |  |  | 45932 |  |  | 
|  |  |  | 45933 |  |  | 
|  |  |  | 45934 |  |  | 
|  |  |  | 45935 |  |  | 
|  |  |  | 45936 |  |  | 
|  |  |  | 45937 |  |  | 
|  |  |  | 45938 |  |  | 



2025-05-20 10:58:37,398 - INFO - 请求成功，状态码: 200
2025-05-20 10:58:37,400 - INFO - 模型返回：
{"V446K":{"overtime_hours":73.0,"total_hours":249.0}}

2025-05-20 10:58:37,401 - INFO - 源数据表中的工时汇总数据：{'V446K': {'overtime_hours': 73.0, 'total_hours': 249.0}}
2025-05-20 10:59:08,789 - INFO - 开始处理工时文件：C:/Users/admin/Desktop/工时测试数据/蔡爽工时表-重庆安道拓-2025年03月.xlsx
2025-05-20 10:59:08,907 - INFO - Excel表格提取文本：
## 工作表: 蔡爽

| A | B | C | D | E | F | G | H | I | J | K | L | M | N | O | P | Q | R | S | T | 
|  --- | --- | --- | --- | --- | --- | --- | --- | --- | --- | --- | --- | --- | --- | --- | --- | --- | --- | --- | --- |
| 重庆延锋安道拓 | <- | 上海睿励信息技术有限公司 工时记录表 | <- | <- | <- | <- | <- | <- | <- |  |  |  |  |  |  |  |  |  |  | 
| ^ | ^<- | 供应商 |  | <- | <- | <- | <- | <- | <- |  |  |  |  |  |  |  |  |  |  | 
| 工程师 | 蔡爽 | <- | 负责人 | 向阳 | 电话 | 15123462783 | <- | <- | <- |  |  |  |  |  |  |  |  |  |  | 
| 日期 | 项目名称 | 开始工作时间 | 工作结束时间 | 加班时间 | 总工作时间 | 备注 | <- | <- | <- |  |  |  |  |  |  |  |  |  |  | 
| 2025-03-01 |  |  |  |  |  |  | <- | <- | <- |  |  |  |  |  |  |  |  |  |  | 
| 2025-03-02 |  |  |  |  |  |  | <- | <- | <- |  |  |  |  |  |  |  |  |  |  | 
| 2025-03-03 | 660B | 08:30:00 | 20:00:00 | 3.0 | 11.0 | V540 数据图纸修改 | <- | <- | <- |  |  |  |  |  |  |  |  |  |  | 
| 2025-03-04 | 660B | 08:30:00 | 20:00:00 | 3.0 | 11.0 | V540 数据图纸修改 | <- | <- | <- |  |  |  |  |  |  |  |  |  |  | 
| 2025-03-05 | 660B | 08:30:00 | 20:30:00 | 3.5 | 11.5 | V540 数据图纸修改 | <- | <- | <- |  |  |  |  |  |  |  |  |  |  | 
| 2025-03-06 | 660B | 08:30:00 | 18:00:00 | 1.0 | 9.0 | V540 数据图纸修改 | <- | <- | <- |  |  |  |  |  |  |  |  |  |  | 
| 2025-03-07 | 660B | 08:30:00 | 17:00:00 | 0.0 | 8.0 | V540 数据图纸修改 | <- | <- | <- |  |  |  |  |  |  |  |  |  |  | 
| 2025-03-08 |  |  |  |  |  |  | <- | <- | <- |  |  |  |  |  |  |  |  |  |  | 
| 2025-03-09 |  |  |  |  |  |  | <- | <- | <- |  |  |  |  |  |  |  |  |  |             | 
| 2025-03-10 | 660B | 08:30:00 | 20:00:00 | 3.0 | 11.0 | V540 数据图纸修改 | <- | <- | <- |  |  |  |  |  |  |  |  |  |  | 
| 2025-03-11 | 660B | 08:30:00 | 20:00:00 | 3.0 | 11.0 | V540 数据图纸修改 | <- | <- | <- |  |  |  |  |  |  |  |  |  |  | 
| 2025-03-12 | 660B | 08:30:00 | 20:00:00 | 3.0 | 11.0 | V540 数据图纸修改 | <- | <- | <- |  |  |  |  |  |  |  |  |  |  | 
| 2025-03-13 | 660B | 08:30:00 | 20:00:00 | 3.0 | 11.0 | V540 数据图纸修改 | <- | <- | <- |  |  |  |  |  |  |  |  |  |  | 
| 2025-03-14 | 660B | 08:30:00 | 20:00:00 | 3.0 | 11.0 | V540 数据图纸修改 | <- | <- | <- |  |  |  |  |  |  |  |  |  |  | 
| 2025-03-15 |  |  |  |  |  |  | <- | <- | <- |  |  |  |  |  |  |  |  |  |  | 
| 2025-03-16 |  |  |  |  |  |  | <- | <- | <- |  |  |  |  |  |  |  |  |  |  | 
| 2025-03-17 | 660B | 08:30:00 | 20:00:00 | 3.0 | 11.0 | V540 数据图纸修改 | <- | <- | <- |  |  |  |  |  |  |  |  |  |  | 
| 2025-03-18 | 660B | 08:30:00 | 20:00:00 | 3.0 | 11.0 | V540 数据图纸修改 | <- | <- | <- |  |  |  |  |  |  |  |  |  |  | 
| 2025-03-19 | 660B | 08:30:00 | 20:30:00 | 3.5 | 11.5 | V540 数据图纸修改 | <- | <- | <- |  |  |  |  |  |  |  |  |  |  | 
| 2025-03-20 | 660B | 08:30:00 | 20:00:00 | 3.0 | 11.0 | V540 数据图纸修改 | <- | <- | <- |  |  |  |  |  |  |  |  |  |  | 
| 2025-03-21 | 660B | 08:30:00 | 20:00:00 | 3.0 | 11.0 | V540 数据图纸修改 | <- | <- | <- |  |  |  |  |  |  |  |  |  |  | 
| 2025-03-22 |  |  |  |  |  |  | <- | <- | <- |  |  |  |  |  |  |  |  |  |  | 
| 2025-03-23 |  |  |  |  |  |  | <- | <- | <- |  |  |  |  |  |  |  |  |  |  | 
| 2025-03-24 | 660B | 08:30:00 | 20:00:00 | 3.0 | 11.0 | V540 数据图纸修改 | <- | <- | <- |  |  |  |  |  |  |  |  |  |  | 
| 2025-03-25 | 660B | 08:30:00 | 20:00:00 | 3.0 | 11.0 | V540 数据图纸修改 | <- | <- | <- |  |  |  |  |  |  |  |  |  |  | 
| 2025-03-26 | 660B | 08:30:00 | 20:00:00 | 3.0 | 11.0 | V540 数据图纸修改 | <- | <- | <- |  |  |  |  |  |  |  |  |  |  | 
| 2025-03-27 | 660B | 08:30:00 | 20:00:00 | 3.0 | 11.0 | EF2H 3D数据 | <- | <- | <- |  |  |  |  |  |  |  |  |  |  | 
| 2025-03-28 | 660B | 08:30:00 | 20:00:00 | 3.0 | 11.0 | EF2H 3D数据 | <- | <- | <- |  |  |  |  |  |  |  |  |  |  | 
| 2025-03-29 | 660B | 10:00:00 | 12:00:00 | 1.5 | 1.5 | EF2H 3D数据 | <- | <- | <- |  |  |  |  |  |  |  |  |  |  | 
| 2025-03-30 |  |  |  |  |  |  | <- | <- | <- |  |  |  |  |  |  |  |  |  |  | 
| 2025-03-31 | 660B | 08:30:00 | 20:00:00 | 3.0 | 11.0 | EF2H 3D数据 | <- | <- | <- |  |  |  |  |  |  |  |  |  |  | 
| 2025-04-01 |  |  |  |  |  |  | <- | <- | <- |  |  |  |  |  |  |  |  |  |  | 
| 工时统计 | 项目名称 | 项目编号 | 加班 | <- | 工时 | 项目工程师签字 | <- | <- | <- |  |  |  |  |  |  |  |  |  |  | 
| ^ | 660B |  | 60.5 | <- | 228.5 |  | <- | <- | <- |  |  |  |  |  |  |  |  |  |  | 
| ^ |  |  |  | <- |  |  | <- | <- | <- |  |  |  |  |  |  |  |  |  |  | 
| ^ |  |  |  | <- |  |  | <- | <- | <- |  |  |  |  |  |  |  |  |  |  | 
| ^ |  |  |  | <- |  |  | <- | <- | <- |  |  |  |  |  |  |  |  |  |  | 
| 总计工时 | 228.50 | <- | 经理签字： | <- | <- |  | <- | <- | <- |  |  |  |  |  |  |  |  |  |  | 


## 工作表: Sheet1

| A | B | C | D | E | F | 
|  --- | --- | --- | --- | --- | --- |
|  |  |  | 一年调整一次，请勿随意删除 | <- | <- | 
|  |  |  | 2025 | <- | <- | 
| 年 | 月 |  | 节假日 | 调休加班日 |  | 
| 1905-07-17 | 3 |  | 45658 | 45683 |  | 
|  |  |  | 45685 | 45696 |  | 
|  |  |  | 45686 | 45774 |  | 
|  |  |  | 45687 | 45928 |  | 
|  |  |  | 45688 | 45941 |  | 
|  |  |  | 45689 |  |  | 
|  |  |  | 45690 |  |  | 
|  |  |  | 45691 |  |  | 
|  |  |  | 45692 |  |  | 
|  |  |  | 45751 |  |  | 
|  |  |  | 45752 |  |  | 
|  |  |  | 45753 |  |  | 
|  |  |  | 45778 |  |  | 
|  |  |  | 45779 |  |  | 
|  |  |  | 45780 |  |  | 
|  |  |  | 45781 |  |  | 
|  |  |  | 45782 |  |  | 
|  |  |  | 45808 |  |  | 
|  |  |  | 45809 |  |  | 
|  |  |  | 45810 |  |  | 
|  |  |  | 45931 |  |  | 
|  |  |  | 45932 |  |  | 
|  |  |  | 45933 |  |  | 
|  |  |  | 45934 |  |  | 
|  |  |  | 45935 |  |  | 
|  |  |  | 45936 |  |  | 
|  |  |  | 45937 |  |  | 
|  |  |  | 45938 |  |  | 



2025-05-20 10:59:08,917 - INFO - 从表格文本中，提取员工姓名和公司名称...
2025-05-20 10:59:08,918 - INFO - 发送请求到模型API...
2025-05-20 10:59:08,918 - INFO - system_prompt：
你是一个专业的表格信息提取助手。用户会提供给你一份Excel工时表，已转换为Markdown格式。你需要提取出表格包含的员工姓名`employee_name`和公司名称`company_name`。以JSON格式输出结果，包含`employee_name`和`company_name`两个字段。如果无法提取到员工姓名和公司名称，请返回空字符串。

markdown格式的表格中合并单元格表示法：
   - "^" 符号表示该单元格与上方单元格合并（纵向合并）
   - "<-" 符号表示该单元格与左侧单元格合并（横向合并）
   - "^<-" 符号表示该单元格同时与上方和左侧单元格合并（纵横合并）

比如：{"employee_name":"张三", "company_name":"XXX公司"}
注意：直接返回结果，不要包含任何解释或说明。

2025-05-20 10:59:08,919 - INFO - user_prompt：## 工作表: 蔡爽

| A | B | C | D | E | F | G | H | I | J | K | L | M | N | O | P | Q | R | S | T | 
|  --- | --- | --- | --- | --- | --- | --- | --- | --- | --- | --- | --- | --- | --- | --- | --- | --- | --- | --- | --- |
| 重庆延锋安道拓 | <- | 上海睿励信息技术有限公司 工时记录表 | <- | <- | <- | <- | <- | <- | <- |  |  |  |  |  |  |  |  |  |  | 
| ^ | ^<- | 供应商 |  | <- | <- | <- | <- | <- | <- |  |  |  |  |  |  |  |  |  |  | 
| 工程师 | 蔡爽 | <- | 负责人 | 向阳 | 电话 | 15123462783 | <- | <- | <- |  |  |  |  |  |  |  |  |  |  | 
| 日期 | 项目名称 | 开始工作时间 | 工作结束时间 | 加班时间 | 总工作时间 | 备注 | <- | <- | <- |  |  |  |  |  |  |  |  |  |  | 
| 2025-03-01 |  |  |  |  |  |  | <- | <- | <- |  |  |  |  |  |  |  |  |  |  | 
| 2025-03-02 |  |  |  |  |  |  | <- | <- | <- |  |  |  |  |  |  |  |  |  |  | 
| 2025-03-03 | 660B | 08:30:00 | 20:00:00 | 3.0 | 11.0 | V540 数据图纸修改 | <- | <- | <- |  |  |  |  |  |  |  |  |  |  | 
| 2025-03-04 | 660B | 08:30:00 | 20:00:00 | 3.0 | 11.0 | V540 数据图纸修改 | <- | <- | <- |  |  |  |  |  |  |  |  |  |  | 
| 2025-03-05 | 660B | 08:30:00 | 20:30:00 | 3.5 | 11.5 | V540 数据图纸修改 | <- | <- | <- |  |  |  |  |  |  |  |  |  |  | 
| 2025-03-06 | 660B | 08:30:00 | 18:00:00 | 1.0 | 9.0 | V540 数据图纸修改 | <- | <- | <- |  |  |  |  |  |  |  |  |  |  | 
| 2025-03-07 | 660B | 08:30:00 | 17:00:00 | 0.0 | 8.0 | V540 数据图纸修改 | <- | <- | <- |  |  |  |  |  |  |  |  |  |  | 
| 2025-03-08 |  |  |  |  |  |  | <- | <- | <- |  |  |  |  |  |  |  |  |  |  | 
| 2025-03-09 |  |  |  |  |  |  | <- | <- | <- |  |  |  |  |  |  |  |  |  |             | 
| 2025-03-10 | 660B | 08:30:00 | 20:00:00 | 3.0 | 11.0 | V540 数据图纸修改 | <- | <- | <- |  |  |  |  |  |  |  |  |  |  | 
| 2025-03-11 | 660B | 08:30:00 | 20:00:00 | 3.0 | 11.0 | V540 数据图纸修改 | <- | <- | <- |  |  |  |  |  |  |  |  |  |  | 
| 2025-03-12 | 660B | 08:30:00 | 20:00:00 | 3.0 | 11.0 | V540 数据图纸修改 | <- | <- | <- |  |  |  |  |  |  |  |  |  |  | 
| 2025-03-13 | 660B | 08:30:00 | 20:00:00 | 3.0 | 11.0 | V540 数据图纸修改 | <- | <- | <- |  |  |  |  |  |  |  |  |  |  | 
| 2025-03-14 | 660B | 08:30:00 | 20:00:00 | 3.0 | 11.0 | V540 数据图纸修改 | <- | <- | <- |  |  |  |  |  |  |  |  |  |  | 
| 2025-03-15 |  |  |  |  |  |  | <- | <- | <- |  |  |  |  |  |  |  |  |  |  | 
| 2025-03-16 |  |  |  |  |  |  | <- | <- | <- |  |  |  |  |  |  |  |  |  |  | 
| 2025-03-17 | 660B | 08:30:00 | 20:00:00 | 3.0 | 11.0 | V540 数据图纸修改 | <- | <- | <- |  |  |  |  |  |  |  |  |  |  | 
| 2025-03-18 | 660B | 08:30:00 | 20:00:00 | 3.0 | 11.0 | V540 数据图纸修改 | <- | <- | <- |  |  |  |  |  |  |  |  |  |  | 
| 2025-03-19 | 660B | 08:30:00 | 20:30:00 | 3.5 | 11.5 | V540 数据图纸修改 | <- | <- | <- |  |  |  |  |  |  |  |  |  |  | 
| 2025-03-20 | 660B | 08:30:00 | 20:00:00 | 3.0 | 11.0 | V540 数据图纸修改 | <- | <- | <- |  |  |  |  |  |  |  |  |  |  | 
| 2025-03-21 | 660B | 08:30:00 | 20:00:00 | 3.0 | 11.0 | V540 数据图纸修改 | <- | <- | <- |  |  |  |  |  |  |  |  |  |  | 
| 2025-03-22 |  |  |  |  |  |  | <- | <- | <- |  |  |  |  |  |  |  |  |  |  | 
| 2025-03-23 |  |  |  |  |  |  | <- | <- | <- |  |  |  |  |  |  |  |  |  |  | 
| 2025-03-24 | 660B | 08:30:00 | 20:00:00 | 3.0 | 11.0 | V540 数据图纸修改 | <- | <- | <- |  |  |  |  |  |  |  |  |  |  | 
| 2025-03-25 | 660B | 08:30:00 | 20:00:00 | 3.0 | 11.0 | V540 数据图纸修改 | <- | <- | <- |  |  |  |  |  |  |  |  |  |  | 
| 2025-03-26 | 660B | 08:30:00 | 20:00:00 | 3.0 | 11.0 | V540 数据图纸修改 | <- | <- | <- |  |  |  |  |  |  |  |  |  |  | 
| 2025-03-27 | 660B | 08:30:00 | 20:00:00 | 3.0 | 11.0 | EF2H 3D数据 | <- | <- | <- |  |  |  |  |  |  |  |  |  |  | 
| 2025-03-28 | 660B | 08:30:00 | 20:00:00 | 3.0 | 11.0 | EF2H 3D数据 | <- | <- | <- |  |  |  |  |  |  |  |  |  |  | 
| 2025-03-29 | 660B | 10:00:00 | 12:00:00 | 1.5 | 1.5 | EF2H 3D数据 | <- | <- | <- |  |  |  |  |  |  |  |  |  |  | 
| 2025-03-30 |  |  |  |  |  |  | <- | <- | <- |  |  |  |  |  |  |  |  |  |  | 
| 2025-03-31 | 660B | 08:30:00 | 20:00:00 | 3.0 | 11.0 | EF2H 3D数据 | <- | <- | <- |  |  |  |  |  |  |  |  |  |  | 
| 2025-04-01 |  |  |  |  |  |  | <- | <- | <- |  |  |  |  |  |  |  |  |  |  | 
| 工时统计 | 项目名称 | 项目编号 | 加班 | <- | 工时 | 项目工程师签字 | <- | <- | <- |  |  |  |  |  |  |  |  |  |  | 
| ^ | 660B |  | 60.5 | <- | 228.5 |  | <- | <- | <- |  |  |  |  |  |  |  |  |  |  | 
| ^ |  |  |  | <- |  |  | <- | <- | <- |  |  |  |  |  |  |  |  |  |  | 
| ^ |  |  |  | <- |  |  | <- | <- | <- |  |  |  |  |  |  |  |  |  |  | 
| ^ |  |  |  | <- |  |  | <- | <- | <- |  |  |  |  |  |  |  |  |  |  | 
| 总计工时 | 228.50 | <- | 经理签字： | <- | <- |  | <- | <- | <- |  |  |  |  |  |  |  |  |  |  | 


## 工作表: Sheet1

| A | B | C | D | E | F | 
|  --- | --- | --- | --- | --- | --- |
|  |  |  | 一年调整一次，请勿随意删除 | <- | <- | 
|  |  |  | 2025 | <- | <- | 
| 年 | 月 |  | 节假日 | 调休加班日 |  | 
| 1905-07-17 | 3 |  | 45658 | 45683 |  | 
|  |  |  | 45685 | 45696 |  | 
|  |  |  | 45686 | 45774 |  | 
|  |  |  | 45687 | 45928 |  | 
|  |  |  | 45688 | 45941 |  | 
|  |  |  | 45689 |  |  | 
|  |  |  | 45690 |  |  | 
|  |  |  | 45691 |  |  | 
|  |  |  | 45692 |  |  | 
|  |  |  | 45751 |  |  | 
|  |  |  | 45752 |  |  | 
|  |  |  | 45753 |  |  | 
|  |  |  | 45778 |  |  | 
|  |  |  | 45779 |  |  | 
|  |  |  | 45780 |  |  | 
|  |  |  | 45781 |  |  | 
|  |  |  | 45782 |  |  | 
|  |  |  | 45808 |  |  | 
|  |  |  | 45809 |  |  | 
|  |  |  | 45810 |  |  | 
|  |  |  | 45931 |  |  | 
|  |  |  | 45932 |  |  | 
|  |  |  | 45933 |  |  | 
|  |  |  | 45934 |  |  | 
|  |  |  | 45935 |  |  | 
|  |  |  | 45936 |  |  | 
|  |  |  | 45937 |  |  | 
|  |  |  | 45938 |  |  | 



2025-05-20 10:59:11,064 - INFO - 请求成功，状态码: 200
2025-05-20 10:59:11,065 - INFO - 模型返回：{"employee_name":"蔡爽", "company_name":"上海睿励信息技术有限公司"}

2025-05-20 10:59:11,066 - INFO - 解析模型返回：
 - 员工姓名：蔡爽,  - 公司名称：上海睿励信息技术有限公司
2025-05-20 10:59:11,066 - INFO - 

从表格文本中，提取汇总数据...
2025-05-20 10:59:11,067 - INFO - 发送请求到模型API...
2025-05-20 10:59:11,067 - INFO - system_prompt：
你是一个专业的工时数据提取助手。用户会提供给你一份Excel工时表，已转换为Markdown格式。你需要提取出表格中的按照项目做统计的工时汇总数据。将提取结果以JSON格式输出。以项目名称作为key为项目名称，value为包含加班和工时的字典。

markdown格式的表格中合并单元格表示法：
   - "^" 符号表示该单元格与上方单元格合并（纵向合并）
   - "<-" 符号表示该单元格与左侧单元格合并（横向合并）
   - "^<-" 符号表示该单元格同时与上方和左侧单元格合并（纵横合并）

你可以按照以下步骤进行分析：
1. 首先，定位表格中工时统计汇总数据，通常在表格的下方。
2. 读取工时统计汇总数据，包含项目名称、项目编号、加班、工时等。项目编号可能为空。
3. 整理所有数据，以JSON格式输。key为项目名称，value为包含加班`overtime_hours`和工时`total_hours`的字典。

注意：
1.直接返回结果，不要包含任何解释或说明。
2.输出结果必须严格按照无语法错误的JSON格式输出，不能有任何其他格式。

以JSON格式输出结果，示例输出如下：
示例1：
{"D11":{"overtime_hours":20,"total_hours":120}, "A12":{"overtime_hours":6,"total_hours":14}, "B13":{"overtime_hours":1,"total_hours":10}}
示例2：
{"D11":{"overtime_hours":20,"total_hours":120}, "A12":{"overtime_hours":6,"total_hours":14}}

2025-05-20 10:59:11,069 - INFO - user_prompt：## 工作表: 蔡爽

| A | B | C | D | E | F | G | H | I | J | K | L | M | N | O | P | Q | R | S | T | 
|  --- | --- | --- | --- | --- | --- | --- | --- | --- | --- | --- | --- | --- | --- | --- | --- | --- | --- | --- | --- |
| 重庆延锋安道拓 | <- | 上海睿励信息技术有限公司 工时记录表 | <- | <- | <- | <- | <- | <- | <- |  |  |  |  |  |  |  |  |  |  | 
| ^ | ^<- | 供应商 |  | <- | <- | <- | <- | <- | <- |  |  |  |  |  |  |  |  |  |  | 
| 工程师 | 蔡爽 | <- | 负责人 | 向阳 | 电话 | 15123462783 | <- | <- | <- |  |  |  |  |  |  |  |  |  |  | 
| 日期 | 项目名称 | 开始工作时间 | 工作结束时间 | 加班时间 | 总工作时间 | 备注 | <- | <- | <- |  |  |  |  |  |  |  |  |  |  | 
| 2025-03-01 |  |  |  |  |  |  | <- | <- | <- |  |  |  |  |  |  |  |  |  |  | 
| 2025-03-02 |  |  |  |  |  |  | <- | <- | <- |  |  |  |  |  |  |  |  |  |  | 
| 2025-03-03 | 660B | 08:30:00 | 20:00:00 | 3.0 | 11.0 | V540 数据图纸修改 | <- | <- | <- |  |  |  |  |  |  |  |  |  |  | 
| 2025-03-04 | 660B | 08:30:00 | 20:00:00 | 3.0 | 11.0 | V540 数据图纸修改 | <- | <- | <- |  |  |  |  |  |  |  |  |  |  | 
| 2025-03-05 | 660B | 08:30:00 | 20:30:00 | 3.5 | 11.5 | V540 数据图纸修改 | <- | <- | <- |  |  |  |  |  |  |  |  |  |  | 
| 2025-03-06 | 660B | 08:30:00 | 18:00:00 | 1.0 | 9.0 | V540 数据图纸修改 | <- | <- | <- |  |  |  |  |  |  |  |  |  |  | 
| 2025-03-07 | 660B | 08:30:00 | 17:00:00 | 0.0 | 8.0 | V540 数据图纸修改 | <- | <- | <- |  |  |  |  |  |  |  |  |  |  | 
| 2025-03-08 |  |  |  |  |  |  | <- | <- | <- |  |  |  |  |  |  |  |  |  |  | 
| 2025-03-09 |  |  |  |  |  |  | <- | <- | <- |  |  |  |  |  |  |  |  |  |             | 
| 2025-03-10 | 660B | 08:30:00 | 20:00:00 | 3.0 | 11.0 | V540 数据图纸修改 | <- | <- | <- |  |  |  |  |  |  |  |  |  |  | 
| 2025-03-11 | 660B | 08:30:00 | 20:00:00 | 3.0 | 11.0 | V540 数据图纸修改 | <- | <- | <- |  |  |  |  |  |  |  |  |  |  | 
| 2025-03-12 | 660B | 08:30:00 | 20:00:00 | 3.0 | 11.0 | V540 数据图纸修改 | <- | <- | <- |  |  |  |  |  |  |  |  |  |  | 
| 2025-03-13 | 660B | 08:30:00 | 20:00:00 | 3.0 | 11.0 | V540 数据图纸修改 | <- | <- | <- |  |  |  |  |  |  |  |  |  |  | 
| 2025-03-14 | 660B | 08:30:00 | 20:00:00 | 3.0 | 11.0 | V540 数据图纸修改 | <- | <- | <- |  |  |  |  |  |  |  |  |  |  | 
| 2025-03-15 |  |  |  |  |  |  | <- | <- | <- |  |  |  |  |  |  |  |  |  |  | 
| 2025-03-16 |  |  |  |  |  |  | <- | <- | <- |  |  |  |  |  |  |  |  |  |  | 
| 2025-03-17 | 660B | 08:30:00 | 20:00:00 | 3.0 | 11.0 | V540 数据图纸修改 | <- | <- | <- |  |  |  |  |  |  |  |  |  |  | 
| 2025-03-18 | 660B | 08:30:00 | 20:00:00 | 3.0 | 11.0 | V540 数据图纸修改 | <- | <- | <- |  |  |  |  |  |  |  |  |  |  | 
| 2025-03-19 | 660B | 08:30:00 | 20:30:00 | 3.5 | 11.5 | V540 数据图纸修改 | <- | <- | <- |  |  |  |  |  |  |  |  |  |  | 
| 2025-03-20 | 660B | 08:30:00 | 20:00:00 | 3.0 | 11.0 | V540 数据图纸修改 | <- | <- | <- |  |  |  |  |  |  |  |  |  |  | 
| 2025-03-21 | 660B | 08:30:00 | 20:00:00 | 3.0 | 11.0 | V540 数据图纸修改 | <- | <- | <- |  |  |  |  |  |  |  |  |  |  | 
| 2025-03-22 |  |  |  |  |  |  | <- | <- | <- |  |  |  |  |  |  |  |  |  |  | 
| 2025-03-23 |  |  |  |  |  |  | <- | <- | <- |  |  |  |  |  |  |  |  |  |  | 
| 2025-03-24 | 660B | 08:30:00 | 20:00:00 | 3.0 | 11.0 | V540 数据图纸修改 | <- | <- | <- |  |  |  |  |  |  |  |  |  |  | 
| 2025-03-25 | 660B | 08:30:00 | 20:00:00 | 3.0 | 11.0 | V540 数据图纸修改 | <- | <- | <- |  |  |  |  |  |  |  |  |  |  | 
| 2025-03-26 | 660B | 08:30:00 | 20:00:00 | 3.0 | 11.0 | V540 数据图纸修改 | <- | <- | <- |  |  |  |  |  |  |  |  |  |  | 
| 2025-03-27 | 660B | 08:30:00 | 20:00:00 | 3.0 | 11.0 | EF2H 3D数据 | <- | <- | <- |  |  |  |  |  |  |  |  |  |  | 
| 2025-03-28 | 660B | 08:30:00 | 20:00:00 | 3.0 | 11.0 | EF2H 3D数据 | <- | <- | <- |  |  |  |  |  |  |  |  |  |  | 
| 2025-03-29 | 660B | 10:00:00 | 12:00:00 | 1.5 | 1.5 | EF2H 3D数据 | <- | <- | <- |  |  |  |  |  |  |  |  |  |  | 
| 2025-03-30 |  |  |  |  |  |  | <- | <- | <- |  |  |  |  |  |  |  |  |  |  | 
| 2025-03-31 | 660B | 08:30:00 | 20:00:00 | 3.0 | 11.0 | EF2H 3D数据 | <- | <- | <- |  |  |  |  |  |  |  |  |  |  | 
| 2025-04-01 |  |  |  |  |  |  | <- | <- | <- |  |  |  |  |  |  |  |  |  |  | 
| 工时统计 | 项目名称 | 项目编号 | 加班 | <- | 工时 | 项目工程师签字 | <- | <- | <- |  |  |  |  |  |  |  |  |  |  | 
| ^ | 660B |  | 60.5 | <- | 228.5 |  | <- | <- | <- |  |  |  |  |  |  |  |  |  |  | 
| ^ |  |  |  | <- |  |  | <- | <- | <- |  |  |  |  |  |  |  |  |  |  | 
| ^ |  |  |  | <- |  |  | <- | <- | <- |  |  |  |  |  |  |  |  |  |  | 
| ^ |  |  |  | <- |  |  | <- | <- | <- |  |  |  |  |  |  |  |  |  |  | 
| 总计工时 | 228.50 | <- | 经理签字： | <- | <- |  | <- | <- | <- |  |  |  |  |  |  |  |  |  |  | 


## 工作表: Sheet1

| A | B | C | D | E | F | 
|  --- | --- | --- | --- | --- | --- |
|  |  |  | 一年调整一次，请勿随意删除 | <- | <- | 
|  |  |  | 2025 | <- | <- | 
| 年 | 月 |  | 节假日 | 调休加班日 |  | 
| 1905-07-17 | 3 |  | 45658 | 45683 |  | 
|  |  |  | 45685 | 45696 |  | 
|  |  |  | 45686 | 45774 |  | 
|  |  |  | 45687 | 45928 |  | 
|  |  |  | 45688 | 45941 |  | 
|  |  |  | 45689 |  |  | 
|  |  |  | 45690 |  |  | 
|  |  |  | 45691 |  |  | 
|  |  |  | 45692 |  |  | 
|  |  |  | 45751 |  |  | 
|  |  |  | 45752 |  |  | 
|  |  |  | 45753 |  |  | 
|  |  |  | 45778 |  |  | 
|  |  |  | 45779 |  |  | 
|  |  |  | 45780 |  |  | 
|  |  |  | 45781 |  |  | 
|  |  |  | 45782 |  |  | 
|  |  |  | 45808 |  |  | 
|  |  |  | 45809 |  |  | 
|  |  |  | 45810 |  |  | 
|  |  |  | 45931 |  |  | 
|  |  |  | 45932 |  |  | 
|  |  |  | 45933 |  |  | 
|  |  |  | 45934 |  |  | 
|  |  |  | 45935 |  |  | 
|  |  |  | 45936 |  |  | 
|  |  |  | 45937 |  |  | 
|  |  |  | 45938 |  |  | 



2025-05-20 10:59:16,346 - INFO - 请求成功，状态码: 200
2025-05-20 10:59:16,349 - INFO - 模型返回：
{"660B":{"overtime_hours":60.5,"total_hours":228.5}}

2025-05-20 10:59:16,349 - INFO - 源数据表中的工时汇总数据：{'660B': {'overtime_hours': 60.5, 'total_hours': 228.5}}
2025-05-20 10:59:16,353 - INFO - 上传文件: ['D:/sotos工作资料/test/1\\何欧工时表-重庆安道拓-2025年04月.xlsx', 'D:/sotos工作资料/test/1\\何玉年工时表-重庆安道拓-2025年04月.xlsx', 'D:/sotos工作资料/test/1\\侯登山工时表-重庆安道拓-2025年4月.xlsx', 'D:/sotos工作资料/test/1\\封华工时表-重庆安道拓-2025年04月.xlsx', 'D:/sotos工作资料/test/1\\蔡明东工时表-重庆安道拓-2025年04月.xlsx', 'D:/sotos工作资料/test/1\\蔡爽工时表-重庆安道拓-2025年04月.xlsx', 'D:/sotos工作资料/test/1\\邓光林工时表-重庆安道拓-2025年04月.xlsx', 'D:/sotos工作资料/test/1\\郝春婷工时表-重庆安道拓-2025年04月.xlsx', 'D:/sotos工作资料/test/1\\陈庆工时表-重庆安道拓-2025年04月.xlsx', 'D:/sotos工作资料/test/1\\高家琦工时表-重庆安道拓-2025年4月.xlsx']
2025-05-20 10:59:16,354 - INFO - 文件处理进度：1 / 10
2025-05-20 10:59:16,355 - INFO - 开始处理工时文件：D:/sotos工作资料/test/1\何欧工时表-重庆安道拓-2025年04月.xlsx
2025-05-20 10:59:16,529 - INFO - Excel表格提取文本：
## 工作表: 何欧

| A | B | C | D | E | F | G | H | I | J | 
|  --- | --- | --- | --- | --- | --- | --- | --- | --- | --- |
| 重庆安道拓 | <- | 上海睿励信息技术有限公司 工时记录表 | <- | <- | <- | <- | <- | <- | <- | 
| ^ | ^<- | 供应商 |  | <- | <- | <- | <- | <- | <- | 
| 工程师 | 何欧 | <- | 负责人 | 陈尧 | 电话 | 17774905424 | <- | <- | <- | 
| 日期 | 项目名称 | 开始工作时间 | 工作结束时间 | 加班时间 | 总工作时间 | 备注 | <- | <- | <- | 
| 2025-04-01 | D16 | 08:00:00 | 19:30:00 | 3.0 | 11.0 | 数据优化 | <- | <- | <- | 
| 2025-04-02 | D16 | 08:00:00 | 19:30:00 | 3.0 | 11.0 | 数据优化 | <- | <- | <- | 
| 2025-04-03 | D16 | 08:00:00 | 18:00:00 | 1.5 | 9.5 | 数据优化 | <- | <- | <- | 
| 2025-04-04 |  |  |  |  |  |  | <- | <- | <- | 
| 2025-04-05 |  |  |  |  |  |  | <- | <- | <- | 
| 2025-04-06 |  |  |  |  |  |  | <- | <- | <- | 
| 2025-04-07 | D16 | 08:00:00 | 19:30:00 | 3.0 | 11.0 | 数据优化 | <- | <- | <- | 
| 2025-04-08 | D16 | 08:00:00 | 19:30:00 | 3.0 | 11.0 | 数据优化 | <- | <- | <- | 
| 2025-04-09 | D16 | 08:00:00 | 19:30:00 | 3.0 | 11.0 | 数据优化 | <- | <- | <- | 
| 2025-04-10 | D16 | 08:00:00 | 20:00:00 | 3.5 | 11.5 | 数据优化 | <- | <- | <- | 
| 2025-04-11 | D16 | 08:00:00 | 18:00:00 | 1.5 | 9.5 | 数据优化 | <- | <- | <- | 
| 2025-04-12 | D16 | 09:30:00 | 15:00:00 | 5.0 | 5.0 | 数据优化 | <- | <- | <- | 
| 2025-04-13 |  |  |  |  |  |  | <- | <- | <- | 
| 2025-04-14 | D16 | 08:00:00 | 20:30:00 | 4.0 | 12.0 | 数据优化 | <- | <- | <- | 
| 2025-04-15 | D16 | 08:00:00 | 20:00:00 | 3.5 | 11.5 | 数据优化 | <- | <- | <- | 
| 2025-04-16 | D16 | 08:00:00 | 20:00:00 | 3.5 | 11.5 | 数据优化 | <- | <- | <- | 
| 2025-04-17 | D16 | 08:00:00 | 20:00:00 | 3.5 | 11.5 | 数据优化 | <- | <- | <- | 
| 2025-04-18 | D16 | 08:00:00 | 17:30:00 | 1.0 | 9.0 | 数据优化 | <- | <- | <- | 
| 2025-04-19 | D16 | 08:00:00 | 16:00:00 | 7.5 | 7.5 | 数据优化 | <- | <- | <- | 
| 2025-04-20 |  |  |  |  |  |  | <- | <- | <- | 
| 2025-04-21 | D16 | 08:00:00 | 20:00:00 | 3.5 | 11.5 | 数据优化 | <- | <- | <- | 
| 2025-04-22 | D16 | 08:00:00 | 19:30:00 | 3.0 | 11.0 | 数据优化 | <- | <- | <- | 
| 2025-04-23 | D16 | 08:00:00 | 21:00:00 | 4.5 | 12.5 | 数据优化 | <- | <- | <- | 
| 2025-04-24 | D16 | 08:00:00 | 22:30:00 | 6.0 | 14.0 | 数据优化 | <- | <- | <- | 
| 2025-04-25 | D16 | 08:00:00 | 16:30:00 | 0.0 | 8.0 | 数据优化 | <- | <- | <- | 
| 2025-04-26 | D16 | 10:00:00 | 16:00:00 | 5.5 | 5.5 | 数据优化 | <- | <- | <- | 
| 2025-04-27 | D16 | 08:00:00 | 17:00:00 | 0.5 | 8.5 | 数据优化 | <- | <- | <- | 
| 2025-04-28 | D16 | 08:00:00 | 18:00:00 | 1.5 | 9.5 | 数据优化 | <- | <- | <- | 
| 2025-04-29 | D16 | 08:00:00 | 19:00:00 | 2.5 | 10.5 | 数据优化 | <- | <- | <- | 
| 2025-04-30 | D16 | 08:00:00 | 18:00:00 | 1.5 | 9.5 | 数据优化 | <- | <- | <- | 
| 工时统计 | 项目名称 | 项目编号 | 加班 | <- | 工时 | 项目工程师签字 | <- | <- | <- | 
| ^ | D16 |  | 78.0 | <- | 254.0 |  | <- | <- | <- | 
| ^ |  |  |  | <- |  |  | <- | <- | <- | 
| ^ |  |  |  | <- |  |  | <- | <- | <- | 
| ^ |  |  |  | <- |  |  | <- | <- | <- | 
| 总计工时 | 254.00 | <- | 经理签字： | <- | <- |  | <- | <- | <- | 


## 工作表: Sheet1

| A | B | C | D | E | F | 
|  --- | --- | --- | --- | --- | --- |
|  |  |  | 一年调整一次，请勿随意删除 | <- | <- | 
|  |  |  | 2025 | <- | <- | 
| 年 | 月 |  | 节假日 | 调休加班日 |  | 
| 1905-07-17 | 4 |  | 45658 | 45683 |  | 
|  |  |  | 45685 | 45696 |  | 
|  |  |  | 45686 | 45774 |  | 
|  |  |  | 45687 | 45928 |  | 
|  |  |  | 45688 | 45941 |  | 
|  |  |  | 45689 |  |  | 
|  |  |  | 45690 |  |  | 
|  |  |  | 45691 |  |  | 
|  |  |  | 45692 |  |  | 
|  |  |  | 45751 |  |  | 
|  |  |  | 45752 |  |  | 
|  |  |  | 45753 |  |  | 
|  |  |  | 45778 |  |  | 
|  |  |  | 45779 |  |  | 
|  |  |  | 45780 |  |  | 
|  |  |  | 45781 |  |  | 
|  |  |  | 45782 |  |  | 
|  |  |  | 45808 |  |  | 
|  |  |  | 45809 |  |  | 
|  |  |  | 45810 |  |  | 
|  |  |  | 45931 |  |  | 
|  |  |  | 45932 |  |  | 
|  |  |  | 45933 |  |  | 
|  |  |  | 45934 |  |  | 
|  |  |  | 45935 |  |  | 
|  |  |  | 45936 |  |  | 
|  |  |  | 45937 |  |  | 
|  |  |  | 45938 |  |  | 



2025-05-20 10:59:16,544 - INFO - 从表格文本中，提取员工姓名和公司名称...
2025-05-20 10:59:16,544 - INFO - 发送请求到模型API...
2025-05-20 10:59:16,545 - INFO - system_prompt：
你是一个专业的表格信息提取助手。用户会提供给你一份Excel工时表，已转换为Markdown格式。你需要提取出表格包含的员工姓名`employee_name`和公司名称`company_name`。以JSON格式输出结果，包含`employee_name`和`company_name`两个字段。如果无法提取到员工姓名和公司名称，请返回空字符串。

markdown格式的表格中合并单元格表示法：
   - "^" 符号表示该单元格与上方单元格合并（纵向合并）
   - "<-" 符号表示该单元格与左侧单元格合并（横向合并）
   - "^<-" 符号表示该单元格同时与上方和左侧单元格合并（纵横合并）

比如：{"employee_name":"张三", "company_name":"XXX公司"}
注意：直接返回结果，不要包含任何解释或说明。

2025-05-20 10:59:16,547 - INFO - user_prompt：## 工作表: 何欧

| A | B | C | D | E | F | G | H | I | J | 
|  --- | --- | --- | --- | --- | --- | --- | --- | --- | --- |
| 重庆安道拓 | <- | 上海睿励信息技术有限公司 工时记录表 | <- | <- | <- | <- | <- | <- | <- | 
| ^ | ^<- | 供应商 |  | <- | <- | <- | <- | <- | <- | 
| 工程师 | 何欧 | <- | 负责人 | 陈尧 | 电话 | 17774905424 | <- | <- | <- | 
| 日期 | 项目名称 | 开始工作时间 | 工作结束时间 | 加班时间 | 总工作时间 | 备注 | <- | <- | <- | 
| 2025-04-01 | D16 | 08:00:00 | 19:30:00 | 3.0 | 11.0 | 数据优化 | <- | <- | <- | 
| 2025-04-02 | D16 | 08:00:00 | 19:30:00 | 3.0 | 11.0 | 数据优化 | <- | <- | <- | 
| 2025-04-03 | D16 | 08:00:00 | 18:00:00 | 1.5 | 9.5 | 数据优化 | <- | <- | <- | 
| 2025-04-04 |  |  |  |  |  |  | <- | <- | <- | 
| 2025-04-05 |  |  |  |  |  |  | <- | <- | <- | 
| 2025-04-06 |  |  |  |  |  |  | <- | <- | <- | 
| 2025-04-07 | D16 | 08:00:00 | 19:30:00 | 3.0 | 11.0 | 数据优化 | <- | <- | <- | 
| 2025-04-08 | D16 | 08:00:00 | 19:30:00 | 3.0 | 11.0 | 数据优化 | <- | <- | <- | 
| 2025-04-09 | D16 | 08:00:00 | 19:30:00 | 3.0 | 11.0 | 数据优化 | <- | <- | <- | 
| 2025-04-10 | D16 | 08:00:00 | 20:00:00 | 3.5 | 11.5 | 数据优化 | <- | <- | <- | 
| 2025-04-11 | D16 | 08:00:00 | 18:00:00 | 1.5 | 9.5 | 数据优化 | <- | <- | <- | 
| 2025-04-12 | D16 | 09:30:00 | 15:00:00 | 5.0 | 5.0 | 数据优化 | <- | <- | <- | 
| 2025-04-13 |  |  |  |  |  |  | <- | <- | <- | 
| 2025-04-14 | D16 | 08:00:00 | 20:30:00 | 4.0 | 12.0 | 数据优化 | <- | <- | <- | 
| 2025-04-15 | D16 | 08:00:00 | 20:00:00 | 3.5 | 11.5 | 数据优化 | <- | <- | <- | 
| 2025-04-16 | D16 | 08:00:00 | 20:00:00 | 3.5 | 11.5 | 数据优化 | <- | <- | <- | 
| 2025-04-17 | D16 | 08:00:00 | 20:00:00 | 3.5 | 11.5 | 数据优化 | <- | <- | <- | 
| 2025-04-18 | D16 | 08:00:00 | 17:30:00 | 1.0 | 9.0 | 数据优化 | <- | <- | <- | 
| 2025-04-19 | D16 | 08:00:00 | 16:00:00 | 7.5 | 7.5 | 数据优化 | <- | <- | <- | 
| 2025-04-20 |  |  |  |  |  |  | <- | <- | <- | 
| 2025-04-21 | D16 | 08:00:00 | 20:00:00 | 3.5 | 11.5 | 数据优化 | <- | <- | <- | 
| 2025-04-22 | D16 | 08:00:00 | 19:30:00 | 3.0 | 11.0 | 数据优化 | <- | <- | <- | 
| 2025-04-23 | D16 | 08:00:00 | 21:00:00 | 4.5 | 12.5 | 数据优化 | <- | <- | <- | 
| 2025-04-24 | D16 | 08:00:00 | 22:30:00 | 6.0 | 14.0 | 数据优化 | <- | <- | <- | 
| 2025-04-25 | D16 | 08:00:00 | 16:30:00 | 0.0 | 8.0 | 数据优化 | <- | <- | <- | 
| 2025-04-26 | D16 | 10:00:00 | 16:00:00 | 5.5 | 5.5 | 数据优化 | <- | <- | <- | 
| 2025-04-27 | D16 | 08:00:00 | 17:00:00 | 0.5 | 8.5 | 数据优化 | <- | <- | <- | 
| 2025-04-28 | D16 | 08:00:00 | 18:00:00 | 1.5 | 9.5 | 数据优化 | <- | <- | <- | 
| 2025-04-29 | D16 | 08:00:00 | 19:00:00 | 2.5 | 10.5 | 数据优化 | <- | <- | <- | 
| 2025-04-30 | D16 | 08:00:00 | 18:00:00 | 1.5 | 9.5 | 数据优化 | <- | <- | <- | 
| 工时统计 | 项目名称 | 项目编号 | 加班 | <- | 工时 | 项目工程师签字 | <- | <- | <- | 
| ^ | D16 |  | 78.0 | <- | 254.0 |  | <- | <- | <- | 
| ^ |  |  |  | <- |  |  | <- | <- | <- | 
| ^ |  |  |  | <- |  |  | <- | <- | <- | 
| ^ |  |  |  | <- |  |  | <- | <- | <- | 
| 总计工时 | 254.00 | <- | 经理签字： | <- | <- |  | <- | <- | <- | 


## 工作表: Sheet1

| A | B | C | D | E | F | 
|  --- | --- | --- | --- | --- | --- |
|  |  |  | 一年调整一次，请勿随意删除 | <- | <- | 
|  |  |  | 2025 | <- | <- | 
| 年 | 月 |  | 节假日 | 调休加班日 |  | 
| 1905-07-17 | 4 |  | 45658 | 45683 |  | 
|  |  |  | 45685 | 45696 |  | 
|  |  |  | 45686 | 45774 |  | 
|  |  |  | 45687 | 45928 |  | 
|  |  |  | 45688 | 45941 |  | 
|  |  |  | 45689 |  |  | 
|  |  |  | 45690 |  |  | 
|  |  |  | 45691 |  |  | 
|  |  |  | 45692 |  |  | 
|  |  |  | 45751 |  |  | 
|  |  |  | 45752 |  |  | 
|  |  |  | 45753 |  |  | 
|  |  |  | 45778 |  |  | 
|  |  |  | 45779 |  |  | 
|  |  |  | 45780 |  |  | 
|  |  |  | 45781 |  |  | 
|  |  |  | 45782 |  |  | 
|  |  |  | 45808 |  |  | 
|  |  |  | 45809 |  |  | 
|  |  |  | 45810 |  |  | 
|  |  |  | 45931 |  |  | 
|  |  |  | 45932 |  |  | 
|  |  |  | 45933 |  |  | 
|  |  |  | 45934 |  |  | 
|  |  |  | 45935 |  |  | 
|  |  |  | 45936 |  |  | 
|  |  |  | 45937 |  |  | 
|  |  |  | 45938 |  |  | 



2025-05-20 10:59:18,509 - INFO - 请求成功，状态码: 200
2025-05-20 10:59:18,511 - INFO - 模型返回：{"employee_name":"何欧", "company_name":"上海睿励信息技术有限公司"}

2025-05-20 10:59:18,511 - INFO - 解析模型返回：
 - 员工姓名：何欧,  - 公司名称：上海睿励信息技术有限公司
2025-05-20 10:59:18,512 - INFO - 

从表格文本中，提取汇总数据...
2025-05-20 10:59:18,513 - INFO - 发送请求到模型API...
2025-05-20 10:59:18,513 - INFO - system_prompt：
你是一个专业的工时数据提取助手。用户会提供给你一份Excel工时表，已转换为Markdown格式。你需要提取出表格中的按照项目做统计的工时汇总数据。将提取结果以JSON格式输出。以项目名称作为key为项目名称，value为包含加班和工时的字典。

markdown格式的表格中合并单元格表示法：
   - "^" 符号表示该单元格与上方单元格合并（纵向合并）
   - "<-" 符号表示该单元格与左侧单元格合并（横向合并）
   - "^<-" 符号表示该单元格同时与上方和左侧单元格合并（纵横合并）

你可以按照以下步骤进行分析：
1. 首先，定位表格中工时统计汇总数据，通常在表格的下方。
2. 读取工时统计汇总数据，包含项目名称、项目编号、加班、工时等。项目编号可能为空。
3. 整理所有数据，以JSON格式输。key为项目名称，value为包含加班`overtime_hours`和工时`total_hours`的字典。

注意：
1.直接返回结果，不要包含任何解释或说明。
2.输出结果必须严格按照无语法错误的JSON格式输出，不能有任何其他格式。

以JSON格式输出结果，示例输出如下：
示例1：
{"D11":{"overtime_hours":20,"total_hours":120}, "A12":{"overtime_hours":6,"total_hours":14}, "B13":{"overtime_hours":1,"total_hours":10}}
示例2：
{"D11":{"overtime_hours":20,"total_hours":120}, "A12":{"overtime_hours":6,"total_hours":14}}

2025-05-20 10:59:18,517 - INFO - user_prompt：## 工作表: 何欧

| A | B | C | D | E | F | G | H | I | J | 
|  --- | --- | --- | --- | --- | --- | --- | --- | --- | --- |
| 重庆安道拓 | <- | 上海睿励信息技术有限公司 工时记录表 | <- | <- | <- | <- | <- | <- | <- | 
| ^ | ^<- | 供应商 |  | <- | <- | <- | <- | <- | <- | 
| 工程师 | 何欧 | <- | 负责人 | 陈尧 | 电话 | 17774905424 | <- | <- | <- | 
| 日期 | 项目名称 | 开始工作时间 | 工作结束时间 | 加班时间 | 总工作时间 | 备注 | <- | <- | <- | 
| 2025-04-01 | D16 | 08:00:00 | 19:30:00 | 3.0 | 11.0 | 数据优化 | <- | <- | <- | 
| 2025-04-02 | D16 | 08:00:00 | 19:30:00 | 3.0 | 11.0 | 数据优化 | <- | <- | <- | 
| 2025-04-03 | D16 | 08:00:00 | 18:00:00 | 1.5 | 9.5 | 数据优化 | <- | <- | <- | 
| 2025-04-04 |  |  |  |  |  |  | <- | <- | <- | 
| 2025-04-05 |  |  |  |  |  |  | <- | <- | <- | 
| 2025-04-06 |  |  |  |  |  |  | <- | <- | <- | 
| 2025-04-07 | D16 | 08:00:00 | 19:30:00 | 3.0 | 11.0 | 数据优化 | <- | <- | <- | 
| 2025-04-08 | D16 | 08:00:00 | 19:30:00 | 3.0 | 11.0 | 数据优化 | <- | <- | <- | 
| 2025-04-09 | D16 | 08:00:00 | 19:30:00 | 3.0 | 11.0 | 数据优化 | <- | <- | <- | 
| 2025-04-10 | D16 | 08:00:00 | 20:00:00 | 3.5 | 11.5 | 数据优化 | <- | <- | <- | 
| 2025-04-11 | D16 | 08:00:00 | 18:00:00 | 1.5 | 9.5 | 数据优化 | <- | <- | <- | 
| 2025-04-12 | D16 | 09:30:00 | 15:00:00 | 5.0 | 5.0 | 数据优化 | <- | <- | <- | 
| 2025-04-13 |  |  |  |  |  |  | <- | <- | <- | 
| 2025-04-14 | D16 | 08:00:00 | 20:30:00 | 4.0 | 12.0 | 数据优化 | <- | <- | <- | 
| 2025-04-15 | D16 | 08:00:00 | 20:00:00 | 3.5 | 11.5 | 数据优化 | <- | <- | <- | 
| 2025-04-16 | D16 | 08:00:00 | 20:00:00 | 3.5 | 11.5 | 数据优化 | <- | <- | <- | 
| 2025-04-17 | D16 | 08:00:00 | 20:00:00 | 3.5 | 11.5 | 数据优化 | <- | <- | <- | 
| 2025-04-18 | D16 | 08:00:00 | 17:30:00 | 1.0 | 9.0 | 数据优化 | <- | <- | <- | 
| 2025-04-19 | D16 | 08:00:00 | 16:00:00 | 7.5 | 7.5 | 数据优化 | <- | <- | <- | 
| 2025-04-20 |  |  |  |  |  |  | <- | <- | <- | 
| 2025-04-21 | D16 | 08:00:00 | 20:00:00 | 3.5 | 11.5 | 数据优化 | <- | <- | <- | 
| 2025-04-22 | D16 | 08:00:00 | 19:30:00 | 3.0 | 11.0 | 数据优化 | <- | <- | <- | 
| 2025-04-23 | D16 | 08:00:00 | 21:00:00 | 4.5 | 12.5 | 数据优化 | <- | <- | <- | 
| 2025-04-24 | D16 | 08:00:00 | 22:30:00 | 6.0 | 14.0 | 数据优化 | <- | <- | <- | 
| 2025-04-25 | D16 | 08:00:00 | 16:30:00 | 0.0 | 8.0 | 数据优化 | <- | <- | <- | 
| 2025-04-26 | D16 | 10:00:00 | 16:00:00 | 5.5 | 5.5 | 数据优化 | <- | <- | <- | 
| 2025-04-27 | D16 | 08:00:00 | 17:00:00 | 0.5 | 8.5 | 数据优化 | <- | <- | <- | 
| 2025-04-28 | D16 | 08:00:00 | 18:00:00 | 1.5 | 9.5 | 数据优化 | <- | <- | <- | 
| 2025-04-29 | D16 | 08:00:00 | 19:00:00 | 2.5 | 10.5 | 数据优化 | <- | <- | <- | 
| 2025-04-30 | D16 | 08:00:00 | 18:00:00 | 1.5 | 9.5 | 数据优化 | <- | <- | <- | 
| 工时统计 | 项目名称 | 项目编号 | 加班 | <- | 工时 | 项目工程师签字 | <- | <- | <- | 
| ^ | D16 |  | 78.0 | <- | 254.0 |  | <- | <- | <- | 
| ^ |  |  |  | <- |  |  | <- | <- | <- | 
| ^ |  |  |  | <- |  |  | <- | <- | <- | 
| ^ |  |  |  | <- |  |  | <- | <- | <- | 
| 总计工时 | 254.00 | <- | 经理签字： | <- | <- |  | <- | <- | <- | 


## 工作表: Sheet1

| A | B | C | D | E | F | 
|  --- | --- | --- | --- | --- | --- |
|  |  |  | 一年调整一次，请勿随意删除 | <- | <- | 
|  |  |  | 2025 | <- | <- | 
| 年 | 月 |  | 节假日 | 调休加班日 |  | 
| 1905-07-17 | 4 |  | 45658 | 45683 |  | 
|  |  |  | 45685 | 45696 |  | 
|  |  |  | 45686 | 45774 |  | 
|  |  |  | 45687 | 45928 |  | 
|  |  |  | 45688 | 45941 |  | 
|  |  |  | 45689 |  |  | 
|  |  |  | 45690 |  |  | 
|  |  |  | 45691 |  |  | 
|  |  |  | 45692 |  |  | 
|  |  |  | 45751 |  |  | 
|  |  |  | 45752 |  |  | 
|  |  |  | 45753 |  |  | 
|  |  |  | 45778 |  |  | 
|  |  |  | 45779 |  |  | 
|  |  |  | 45780 |  |  | 
|  |  |  | 45781 |  |  | 
|  |  |  | 45782 |  |  | 
|  |  |  | 45808 |  |  | 
|  |  |  | 45809 |  |  | 
|  |  |  | 45810 |  |  | 
|  |  |  | 45931 |  |  | 
|  |  |  | 45932 |  |  | 
|  |  |  | 45933 |  |  | 
|  |  |  | 45934 |  |  | 
|  |  |  | 45935 |  |  | 
|  |  |  | 45936 |  |  | 
|  |  |  | 45937 |  |  | 
|  |  |  | 45938 |  |  | 



2025-05-20 10:59:20,413 - INFO - 请求成功，状态码: 200
2025-05-20 10:59:20,414 - INFO - 模型返回：
{"D16":{"overtime_hours":78.0,"total_hours":254.0}}

2025-05-20 10:59:20,415 - INFO - 源数据表中的工时汇总数据：{'D16': {'overtime_hours': 78.0, 'total_hours': 254.0}}
2025-05-20 10:59:20,415 - INFO - 文件处理进度：2 / 10
2025-05-20 10:59:20,415 - INFO - 开始处理工时文件：D:/sotos工作资料/test/1\何玉年工时表-重庆安道拓-2025年04月.xlsx
2025-05-20 10:59:20,528 - INFO - Excel表格提取文本：
## 工作表: 何玉年

| A | B | C | D | E | F | G | H | I | J | 
|  --- | --- | --- | --- | --- | --- | --- | --- | --- | --- |
| 重庆延锋安道拓 | <- | 上海睿励信息技术有限公司 工时记录表 | <- | <- | <- | <- | <- | <- | <- | 
| ^ | ^<- | 供应商 |  | <- | <- | <- | <- | <- | <- | 
| 工程师 | 何玉年 | <- | 负责人 | 饶有平 | 电话 | 15823167370 | <- | <- | <- | 
| 日期 | 项目名称 | 开始工作时间 | 工作结束时间 | 加班时间 | 总工作时间 | 备注 | <- | <- | <- | 
| 2025-04-01 | Blanc | 08:30:00 | 21:00:00 | 4.0 | 12.0 | 前排小桌板及对标座椅装配准备专家组织评审；装配耐久后座椅拆解调节异响研究；前中排整椅3C标识图纸更新 | <- | <- | <- | 
| 2025-04-02 | Blanc | 08:30:00 | 20:30:00 | 3.5 | 11.5 | 前排静态鞭打测试座椅改制及试验跟进；前中排整椅设变流程推进；中排挂接钢丝设变流程推进 | <- | <- | <- | 
| 2025-04-03 | Blanc | 08:30:00 | 18:30:00 | 1.5 | 9.5 | 前排地图袋松紧带验证样件改制；前中排整椅设变图纸与专家评审；中排腿托运行噪音试验沟通；中排扶手耐久样件更换阻尼器 | <- | <- | <- | 
| 2025-04-04 | Blanc |  |  |  |  |  | <- | <- | <- | 
| 2025-04-05 | Blanc |  |  |  |  |  | <- | <- | <- | 
| 2025-04-06 | Blanc |  |  |  |  |  | <- | <- | <- | 
| 2025-04-07 | Blanc | 08:30:00 | 20:30:00 | 3.5 | 11.5 | 前排VOC试验座椅进箱前拆解处理准备；前中排机器人进出样件更换加热垫及软泡；前排整椅发放签批资料整理 | <- | <- | <- | 
| 2025-04-08 | Blanc | 08:30:00 | 20:30:00 | 3.5 | 11.5 | 中排扶手刚度测试样件更换扶手阻尼器；前排主副驾短期耐热样件更换SBR及背板小桌板；前排小桌板模态对比试验更换桌板及试验跟进 | <- | <- | <- | 
| 2025-04-09 | Blanc | 08:30:00 | 20:00:00 | 3.0 | 11.0 | 前排更换带Easy fix背板并测试操作力验证；前排拆解客户耐久车座椅研究通风孔是否塌陷；前排舒适性需求坐垫悬簧设变发放 | <- | <- | <- | 
| 2025-04-10 | Blanc | 08:30:00 | 20:30:00 | 3.5 | 11.5 | 前排高温长周期座椅更换背板重新试验；中排扶手耐久试验更换阻尼器并验证操作力；前排背板及地图袋设变流程推进 | <- | <- | <- | 
| 2025-04-11 | Blanc | 08:30:00 | 18:30:00 | 1.5 | 9.5 | 前排VOC座椅装配及打包准备发实验机构实验；前中排面料及裁片标样发放；前排整椅图纸问题更改 | <- | <- | <- | 
| 2025-04-12 | Blanc | 11:00:00 | 16:00:00 | 4.5 | 4.5 | 早上2小时培训；前排最新CCSC及技术要求整椅图纸更新；DOM腿托面料重物久压验证 | <- | <- | <- | 
| 2025-04-13 | Blanc |  |  |  |  |  | <- | <- | <- | 
| 2025-04-14 | Blanc | 08:30:00 | 20:00:00 | 3.0 | 11.0 | 前排背板及地图袋设变流程发放，DOM坐垫久压起泡样件验证；前中排包装袋及消音布图纸更新 | <- | <- | <- | 
| 2025-04-15 | Blanc | 08:30:00 | 20:00:00 | 3.0 | 11.0 | 前排长周期耐热背板检查是否实验失效；前排主副驾鞭打座椅确认实验样件状态；中排整椅图纸技术要求更新； | <- | <- | <- | 
| 2025-04-16 | Blanc | 08:30:00 | 20:00:00 | 3.0 | 11.0 | 前排短期耐热实验样件准备及协调实验；前中排耐久异响座椅与供应商现场研究；前排客户ESO资料准备 | <- | <- | <- | 
| 2025-04-17 | Blanc | 08:30:00 | 20:30:00 | 3.5 | 11.5 | 前排BSR震动实验样件改制及实验跟进；前排鞭打主副驾实验座椅改制；前排后横管粘贴毛毡DA发放 | <- | <- | <- | 
| 2025-04-18 | Blanc | 08:30:00 | 18:30:00 | 1.5 | 9.5 | 中排左侧鞭打座椅样件改制并跟进实验；中排左右侧VOC座椅包装处理发运；前排副驾鞭打实验跟进 | <- | <- | <- | 
| 2025-04-19 | Blanc | 09:00:00 | 16:30:00 | 7.0 | 7.0 | 中排左侧鞭打座椅样件改制并跟进实验和发运；前排坐垫维修样件更换软泡加热垫；前排客户ESO资料编制 | <- | <- | <- | 
| 2025-04-20 | Blanc |  |  |  |  |  | <- | <- | <- | 
| 2025-04-21 | Blanc | 08:30:00 | 21:00:00 | 4.0 | 12.0 | 前排主驾鞭打座椅更换座靠泡沫面套总成；前排副驾鞭打座椅安装小桌板等零件；中排鞭打座椅样件改制；前排整椅图纸技术要求更新 | <- | <- | <- | 
| 2025-04-22 | Blanc | 08:30:00 | 21:00:00 | 4.0 | 12.0 | 前排气囊点爆样件改制进行实验；中排中汽研实验样件改制进行实验；前排整椅图纸更新 | <- | <- | <- | 
| 2025-04-23 | Blanc | 08:30:00 | 18:00:00 | 1.0 | 9.0 | 前排中排中保研座椅检查装配发运；前排整椅图纸更新；前排客户ESO资料整理 | <- | <- | <- | 
| 2025-04-24 | 年假 |  |  |  |  | 年休假    | <- | <- | <- | 
| 2025-04-25 | 年假 |  |  |  |  | 年休假  | <- | <- | <- | 
| 2025-04-26 | Blanc |  |  |  |  |  | <- | <- | <- | 
| 2025-04-27 | Blanc | 09:00:00 | 20:00:00 | 2.5 | 10.5 | 前排机器人导入导出样件拆解检查失效加热垫；前排背板环境实验样件沟通实验入库；前排整椅图纸更新 | <- | <- | <- | 
| 2025-04-28 | Blanc | 08:30:00 | 20:30:00 | 3.5 | 11.5 | 前中排整椅图纸与整椅专家评审更改；前排背板环境试验样件与时间协调；中排扶手设变流程推进 | <- | <- | <- | 
| 2025-04-29 | Blanc | 08:30:00 | 21:30:00 | 4.5 | 12.5 | 前中后排整椅设变流程推进；中排扶手设变流程推进；中排塑料件设变流程推进；前中后排泡沫设变流程推进 | <- | <- | <- | 
| 2025-04-30 | Blanc | 08:30:00 | 17:00:00 | 0.0 | 8.0 | 中排杯托设变流程推进；前中后排泡沫设变数据发放；中排扶手设变数据发放 | <- | <- | <- | 
| 工时统计 | 项目名称 | 项目编号 | 加班 | <- | 工时 | 项目工程师签字 | <- | <- | <- | 
| ^ | Blanc |  | 69.0 | <- | 229.0 |  | <- | <- | <- | 
| ^ |  |  |  | <- |  |  | <- | <- | <- | 
| ^ |  |  |  | <- |  |  | <- | <- | <- | 
| ^ |  |  |  | <- |  |  | <- | <- | <- | 
| 总计工时 | 229.00 | <- | 经理签字： | <- | <- |  | <- | <- | <- | 


## 工作表: Sheet1

| A | B | C | D | E | F | 
|  --- | --- | --- | --- | --- | --- |
|  |  |  | 一年调整一次，请勿随意删除 | <- | <- | 
|  |  |  | 2025 | <- | <- | 
| 年 | 月 |  | 节假日 | 调休加班日 |  | 
| 1905-07-17 | 4 |  | 45658 | 45683 |  | 
|  |  |  | 45685 | 45696 |  | 
|  |  |  | 45686 | 45774 |  | 
|  |  |  | 45687 | 45928 |  | 
|  |  |  | 45688 | 45941 |  | 
|  |  |  | 45689 |  |  | 
|  |  |  | 45690 |  |  | 
|  |  |  | 45691 |  |  | 
|  |  |  | 45692 |  |  | 
|  |  |  | 45751 |  |  | 
|  |  |  | 45752 |  |  | 
|  |  |  | 45753 |  |  | 
|  |  |  | 45778 |  |  | 
|  |  |  | 45779 |  |  | 
|  |  |  | 45780 |  |  | 
|  |  |  | 45781 |  |  | 
|  |  |  | 45782 |  |  | 
|  |  |  | 45808 |  |  | 
|  |  |  | 45809 |  |  | 
|  |  |  | 45810 |  |  | 
|  |  |  | 45931 |  |  | 
|  |  |  | 45932 |  |  | 
|  |  |  | 45933 |  |  | 
|  |  |  | 45934 |  |  | 
|  |  |  | 45935 |  |  | 
|  |  |  | 45936 |  |  | 
|  |  |  | 45937 |  |  | 
|  |  |  | 45938 |  |  | 



2025-05-20 10:59:20,539 - INFO - 从表格文本中，提取员工姓名和公司名称...
2025-05-20 10:59:20,539 - INFO - 发送请求到模型API...
2025-05-20 10:59:20,540 - INFO - system_prompt：
你是一个专业的表格信息提取助手。用户会提供给你一份Excel工时表，已转换为Markdown格式。你需要提取出表格包含的员工姓名`employee_name`和公司名称`company_name`。以JSON格式输出结果，包含`employee_name`和`company_name`两个字段。如果无法提取到员工姓名和公司名称，请返回空字符串。

markdown格式的表格中合并单元格表示法：
   - "^" 符号表示该单元格与上方单元格合并（纵向合并）
   - "<-" 符号表示该单元格与左侧单元格合并（横向合并）
   - "^<-" 符号表示该单元格同时与上方和左侧单元格合并（纵横合并）

比如：{"employee_name":"张三", "company_name":"XXX公司"}
注意：直接返回结果，不要包含任何解释或说明。

2025-05-20 10:59:20,541 - INFO - user_prompt：## 工作表: 何玉年

| A | B | C | D | E | F | G | H | I | J | 
|  --- | --- | --- | --- | --- | --- | --- | --- | --- | --- |
| 重庆延锋安道拓 | <- | 上海睿励信息技术有限公司 工时记录表 | <- | <- | <- | <- | <- | <- | <- | 
| ^ | ^<- | 供应商 |  | <- | <- | <- | <- | <- | <- | 
| 工程师 | 何玉年 | <- | 负责人 | 饶有平 | 电话 | 15823167370 | <- | <- | <- | 
| 日期 | 项目名称 | 开始工作时间 | 工作结束时间 | 加班时间 | 总工作时间 | 备注 | <- | <- | <- | 
| 2025-04-01 | Blanc | 08:30:00 | 21:00:00 | 4.0 | 12.0 | 前排小桌板及对标座椅装配准备专家组织评审；装配耐久后座椅拆解调节异响研究；前中排整椅3C标识图纸更新 | <- | <- | <- | 
| 2025-04-02 | Blanc | 08:30:00 | 20:30:00 | 3.5 | 11.5 | 前排静态鞭打测试座椅改制及试验跟进；前中排整椅设变流程推进；中排挂接钢丝设变流程推进 | <- | <- | <- | 
| 2025-04-03 | Blanc | 08:30:00 | 18:30:00 | 1.5 | 9.5 | 前排地图袋松紧带验证样件改制；前中排整椅设变图纸与专家评审；中排腿托运行噪音试验沟通；中排扶手耐久样件更换阻尼器 | <- | <- | <- | 
| 2025-04-04 | Blanc |  |  |  |  |  | <- | <- | <- | 
| 2025-04-05 | Blanc |  |  |  |  |  | <- | <- | <- | 
| 2025-04-06 | Blanc |  |  |  |  |  | <- | <- | <- | 
| 2025-04-07 | Blanc | 08:30:00 | 20:30:00 | 3.5 | 11.5 | 前排VOC试验座椅进箱前拆解处理准备；前中排机器人进出样件更换加热垫及软泡；前排整椅发放签批资料整理 | <- | <- | <- | 
| 2025-04-08 | Blanc | 08:30:00 | 20:30:00 | 3.5 | 11.5 | 中排扶手刚度测试样件更换扶手阻尼器；前排主副驾短期耐热样件更换SBR及背板小桌板；前排小桌板模态对比试验更换桌板及试验跟进 | <- | <- | <- | 
| 2025-04-09 | Blanc | 08:30:00 | 20:00:00 | 3.0 | 11.0 | 前排更换带Easy fix背板并测试操作力验证；前排拆解客户耐久车座椅研究通风孔是否塌陷；前排舒适性需求坐垫悬簧设变发放 | <- | <- | <- | 
| 2025-04-10 | Blanc | 08:30:00 | 20:30:00 | 3.5 | 11.5 | 前排高温长周期座椅更换背板重新试验；中排扶手耐久试验更换阻尼器并验证操作力；前排背板及地图袋设变流程推进 | <- | <- | <- | 
| 2025-04-11 | Blanc | 08:30:00 | 18:30:00 | 1.5 | 9.5 | 前排VOC座椅装配及打包准备发实验机构实验；前中排面料及裁片标样发放；前排整椅图纸问题更改 | <- | <- | <- | 
| 2025-04-12 | Blanc | 11:00:00 | 16:00:00 | 4.5 | 4.5 | 早上2小时培训；前排最新CCSC及技术要求整椅图纸更新；DOM腿托面料重物久压验证 | <- | <- | <- | 
| 2025-04-13 | Blanc |  |  |  |  |  | <- | <- | <- | 
| 2025-04-14 | Blanc | 08:30:00 | 20:00:00 | 3.0 | 11.0 | 前排背板及地图袋设变流程发放，DOM坐垫久压起泡样件验证；前中排包装袋及消音布图纸更新 | <- | <- | <- | 
| 2025-04-15 | Blanc | 08:30:00 | 20:00:00 | 3.0 | 11.0 | 前排长周期耐热背板检查是否实验失效；前排主副驾鞭打座椅确认实验样件状态；中排整椅图纸技术要求更新； | <- | <- | <- | 
| 2025-04-16 | Blanc | 08:30:00 | 20:00:00 | 3.0 | 11.0 | 前排短期耐热实验样件准备及协调实验；前中排耐久异响座椅与供应商现场研究；前排客户ESO资料准备 | <- | <- | <- | 
| 2025-04-17 | Blanc | 08:30:00 | 20:30:00 | 3.5 | 11.5 | 前排BSR震动实验样件改制及实验跟进；前排鞭打主副驾实验座椅改制；前排后横管粘贴毛毡DA发放 | <- | <- | <- | 
| 2025-04-18 | Blanc | 08:30:00 | 18:30:00 | 1.5 | 9.5 | 中排左侧鞭打座椅样件改制并跟进实验；中排左右侧VOC座椅包装处理发运；前排副驾鞭打实验跟进 | <- | <- | <- | 
| 2025-04-19 | Blanc | 09:00:00 | 16:30:00 | 7.0 | 7.0 | 中排左侧鞭打座椅样件改制并跟进实验和发运；前排坐垫维修样件更换软泡加热垫；前排客户ESO资料编制 | <- | <- | <- | 
| 2025-04-20 | Blanc |  |  |  |  |  | <- | <- | <- | 
| 2025-04-21 | Blanc | 08:30:00 | 21:00:00 | 4.0 | 12.0 | 前排主驾鞭打座椅更换座靠泡沫面套总成；前排副驾鞭打座椅安装小桌板等零件；中排鞭打座椅样件改制；前排整椅图纸技术要求更新 | <- | <- | <- | 
| 2025-04-22 | Blanc | 08:30:00 | 21:00:00 | 4.0 | 12.0 | 前排气囊点爆样件改制进行实验；中排中汽研实验样件改制进行实验；前排整椅图纸更新 | <- | <- | <- | 
| 2025-04-23 | Blanc | 08:30:00 | 18:00:00 | 1.0 | 9.0 | 前排中排中保研座椅检查装配发运；前排整椅图纸更新；前排客户ESO资料整理 | <- | <- | <- | 
| 2025-04-24 | 年假 |  |  |  |  | 年休假    | <- | <- | <- | 
| 2025-04-25 | 年假 |  |  |  |  | 年休假  | <- | <- | <- | 
| 2025-04-26 | Blanc |  |  |  |  |  | <- | <- | <- | 
| 2025-04-27 | Blanc | 09:00:00 | 20:00:00 | 2.5 | 10.5 | 前排机器人导入导出样件拆解检查失效加热垫；前排背板环境实验样件沟通实验入库；前排整椅图纸更新 | <- | <- | <- | 
| 2025-04-28 | Blanc | 08:30:00 | 20:30:00 | 3.5 | 11.5 | 前中排整椅图纸与整椅专家评审更改；前排背板环境试验样件与时间协调；中排扶手设变流程推进 | <- | <- | <- | 
| 2025-04-29 | Blanc | 08:30:00 | 21:30:00 | 4.5 | 12.5 | 前中后排整椅设变流程推进；中排扶手设变流程推进；中排塑料件设变流程推进；前中后排泡沫设变流程推进 | <- | <- | <- | 
| 2025-04-30 | Blanc | 08:30:00 | 17:00:00 | 0.0 | 8.0 | 中排杯托设变流程推进；前中后排泡沫设变数据发放；中排扶手设变数据发放 | <- | <- | <- | 
| 工时统计 | 项目名称 | 项目编号 | 加班 | <- | 工时 | 项目工程师签字 | <- | <- | <- | 
| ^ | Blanc |  | 69.0 | <- | 229.0 |  | <- | <- | <- | 
| ^ |  |  |  | <- |  |  | <- | <- | <- | 
| ^ |  |  |  | <- |  |  | <- | <- | <- | 
| ^ |  |  |  | <- |  |  | <- | <- | <- | 
| 总计工时 | 229.00 | <- | 经理签字： | <- | <- |  | <- | <- | <- | 


## 工作表: Sheet1

| A | B | C | D | E | F | 
|  --- | --- | --- | --- | --- | --- |
|  |  |  | 一年调整一次，请勿随意删除 | <- | <- | 
|  |  |  | 2025 | <- | <- | 
| 年 | 月 |  | 节假日 | 调休加班日 |  | 
| 1905-07-17 | 4 |  | 45658 | 45683 |  | 
|  |  |  | 45685 | 45696 |  | 
|  |  |  | 45686 | 45774 |  | 
|  |  |  | 45687 | 45928 |  | 
|  |  |  | 45688 | 45941 |  | 
|  |  |  | 45689 |  |  | 
|  |  |  | 45690 |  |  | 
|  |  |  | 45691 |  |  | 
|  |  |  | 45692 |  |  | 
|  |  |  | 45751 |  |  | 
|  |  |  | 45752 |  |  | 
|  |  |  | 45753 |  |  | 
|  |  |  | 45778 |  |  | 
|  |  |  | 45779 |  |  | 
|  |  |  | 45780 |  |  | 
|  |  |  | 45781 |  |  | 
|  |  |  | 45782 |  |  | 
|  |  |  | 45808 |  |  | 
|  |  |  | 45809 |  |  | 
|  |  |  | 45810 |  |  | 
|  |  |  | 45931 |  |  | 
|  |  |  | 45932 |  |  | 
|  |  |  | 45933 |  |  | 
|  |  |  | 45934 |  |  | 
|  |  |  | 45935 |  |  | 
|  |  |  | 45936 |  |  | 
|  |  |  | 45937 |  |  | 
|  |  |  | 45938 |  |  | 



2025-05-20 10:59:22,571 - INFO - 请求成功，状态码: 200
2025-05-20 10:59:22,572 - INFO - 模型返回：{"employee_name":"何玉年", "company_name":"重庆延锋安道拓"}

2025-05-20 10:59:22,572 - INFO - 解析模型返回：
 - 员工姓名：何玉年,  - 公司名称：重庆延锋安道拓
2025-05-20 10:59:22,572 - INFO - 

从表格文本中，提取汇总数据...
2025-05-20 10:59:22,573 - INFO - 发送请求到模型API...
2025-05-20 10:59:22,573 - INFO - system_prompt：
你是一个专业的工时数据提取助手。用户会提供给你一份Excel工时表，已转换为Markdown格式。你需要提取出表格中的按照项目做统计的工时汇总数据。将提取结果以JSON格式输出。以项目名称作为key为项目名称，value为包含加班和工时的字典。

markdown格式的表格中合并单元格表示法：
   - "^" 符号表示该单元格与上方单元格合并（纵向合并）
   - "<-" 符号表示该单元格与左侧单元格合并（横向合并）
   - "^<-" 符号表示该单元格同时与上方和左侧单元格合并（纵横合并）

你可以按照以下步骤进行分析：
1. 首先，定位表格中工时统计汇总数据，通常在表格的下方。
2. 读取工时统计汇总数据，包含项目名称、项目编号、加班、工时等。项目编号可能为空。
3. 整理所有数据，以JSON格式输。key为项目名称，value为包含加班`overtime_hours`和工时`total_hours`的字典。

注意：
1.直接返回结果，不要包含任何解释或说明。
2.输出结果必须严格按照无语法错误的JSON格式输出，不能有任何其他格式。

以JSON格式输出结果，示例输出如下：
示例1：
{"D11":{"overtime_hours":20,"total_hours":120}, "A12":{"overtime_hours":6,"total_hours":14}, "B13":{"overtime_hours":1,"total_hours":10}}
示例2：
{"D11":{"overtime_hours":20,"total_hours":120}, "A12":{"overtime_hours":6,"total_hours":14}}

2025-05-20 10:59:22,575 - INFO - user_prompt：## 工作表: 何玉年

| A | B | C | D | E | F | G | H | I | J | 
|  --- | --- | --- | --- | --- | --- | --- | --- | --- | --- |
| 重庆延锋安道拓 | <- | 上海睿励信息技术有限公司 工时记录表 | <- | <- | <- | <- | <- | <- | <- | 
| ^ | ^<- | 供应商 |  | <- | <- | <- | <- | <- | <- | 
| 工程师 | 何玉年 | <- | 负责人 | 饶有平 | 电话 | 15823167370 | <- | <- | <- | 
| 日期 | 项目名称 | 开始工作时间 | 工作结束时间 | 加班时间 | 总工作时间 | 备注 | <- | <- | <- | 
| 2025-04-01 | Blanc | 08:30:00 | 21:00:00 | 4.0 | 12.0 | 前排小桌板及对标座椅装配准备专家组织评审；装配耐久后座椅拆解调节异响研究；前中排整椅3C标识图纸更新 | <- | <- | <- | 
| 2025-04-02 | Blanc | 08:30:00 | 20:30:00 | 3.5 | 11.5 | 前排静态鞭打测试座椅改制及试验跟进；前中排整椅设变流程推进；中排挂接钢丝设变流程推进 | <- | <- | <- | 
| 2025-04-03 | Blanc | 08:30:00 | 18:30:00 | 1.5 | 9.5 | 前排地图袋松紧带验证样件改制；前中排整椅设变图纸与专家评审；中排腿托运行噪音试验沟通；中排扶手耐久样件更换阻尼器 | <- | <- | <- | 
| 2025-04-04 | Blanc |  |  |  |  |  | <- | <- | <- | 
| 2025-04-05 | Blanc |  |  |  |  |  | <- | <- | <- | 
| 2025-04-06 | Blanc |  |  |  |  |  | <- | <- | <- | 
| 2025-04-07 | Blanc | 08:30:00 | 20:30:00 | 3.5 | 11.5 | 前排VOC试验座椅进箱前拆解处理准备；前中排机器人进出样件更换加热垫及软泡；前排整椅发放签批资料整理 | <- | <- | <- | 
| 2025-04-08 | Blanc | 08:30:00 | 20:30:00 | 3.5 | 11.5 | 中排扶手刚度测试样件更换扶手阻尼器；前排主副驾短期耐热样件更换SBR及背板小桌板；前排小桌板模态对比试验更换桌板及试验跟进 | <- | <- | <- | 
| 2025-04-09 | Blanc | 08:30:00 | 20:00:00 | 3.0 | 11.0 | 前排更换带Easy fix背板并测试操作力验证；前排拆解客户耐久车座椅研究通风孔是否塌陷；前排舒适性需求坐垫悬簧设变发放 | <- | <- | <- | 
| 2025-04-10 | Blanc | 08:30:00 | 20:30:00 | 3.5 | 11.5 | 前排高温长周期座椅更换背板重新试验；中排扶手耐久试验更换阻尼器并验证操作力；前排背板及地图袋设变流程推进 | <- | <- | <- | 
| 2025-04-11 | Blanc | 08:30:00 | 18:30:00 | 1.5 | 9.5 | 前排VOC座椅装配及打包准备发实验机构实验；前中排面料及裁片标样发放；前排整椅图纸问题更改 | <- | <- | <- | 
| 2025-04-12 | Blanc | 11:00:00 | 16:00:00 | 4.5 | 4.5 | 早上2小时培训；前排最新CCSC及技术要求整椅图纸更新；DOM腿托面料重物久压验证 | <- | <- | <- | 
| 2025-04-13 | Blanc |  |  |  |  |  | <- | <- | <- | 
| 2025-04-14 | Blanc | 08:30:00 | 20:00:00 | 3.0 | 11.0 | 前排背板及地图袋设变流程发放，DOM坐垫久压起泡样件验证；前中排包装袋及消音布图纸更新 | <- | <- | <- | 
| 2025-04-15 | Blanc | 08:30:00 | 20:00:00 | 3.0 | 11.0 | 前排长周期耐热背板检查是否实验失效；前排主副驾鞭打座椅确认实验样件状态；中排整椅图纸技术要求更新； | <- | <- | <- | 
| 2025-04-16 | Blanc | 08:30:00 | 20:00:00 | 3.0 | 11.0 | 前排短期耐热实验样件准备及协调实验；前中排耐久异响座椅与供应商现场研究；前排客户ESO资料准备 | <- | <- | <- | 
| 2025-04-17 | Blanc | 08:30:00 | 20:30:00 | 3.5 | 11.5 | 前排BSR震动实验样件改制及实验跟进；前排鞭打主副驾实验座椅改制；前排后横管粘贴毛毡DA发放 | <- | <- | <- | 
| 2025-04-18 | Blanc | 08:30:00 | 18:30:00 | 1.5 | 9.5 | 中排左侧鞭打座椅样件改制并跟进实验；中排左右侧VOC座椅包装处理发运；前排副驾鞭打实验跟进 | <- | <- | <- | 
| 2025-04-19 | Blanc | 09:00:00 | 16:30:00 | 7.0 | 7.0 | 中排左侧鞭打座椅样件改制并跟进实验和发运；前排坐垫维修样件更换软泡加热垫；前排客户ESO资料编制 | <- | <- | <- | 
| 2025-04-20 | Blanc |  |  |  |  |  | <- | <- | <- | 
| 2025-04-21 | Blanc | 08:30:00 | 21:00:00 | 4.0 | 12.0 | 前排主驾鞭打座椅更换座靠泡沫面套总成；前排副驾鞭打座椅安装小桌板等零件；中排鞭打座椅样件改制；前排整椅图纸技术要求更新 | <- | <- | <- | 
| 2025-04-22 | Blanc | 08:30:00 | 21:00:00 | 4.0 | 12.0 | 前排气囊点爆样件改制进行实验；中排中汽研实验样件改制进行实验；前排整椅图纸更新 | <- | <- | <- | 
| 2025-04-23 | Blanc | 08:30:00 | 18:00:00 | 1.0 | 9.0 | 前排中排中保研座椅检查装配发运；前排整椅图纸更新；前排客户ESO资料整理 | <- | <- | <- | 
| 2025-04-24 | 年假 |  |  |  |  | 年休假    | <- | <- | <- | 
| 2025-04-25 | 年假 |  |  |  |  | 年休假  | <- | <- | <- | 
| 2025-04-26 | Blanc |  |  |  |  |  | <- | <- | <- | 
| 2025-04-27 | Blanc | 09:00:00 | 20:00:00 | 2.5 | 10.5 | 前排机器人导入导出样件拆解检查失效加热垫；前排背板环境实验样件沟通实验入库；前排整椅图纸更新 | <- | <- | <- | 
| 2025-04-28 | Blanc | 08:30:00 | 20:30:00 | 3.5 | 11.5 | 前中排整椅图纸与整椅专家评审更改；前排背板环境试验样件与时间协调；中排扶手设变流程推进 | <- | <- | <- | 
| 2025-04-29 | Blanc | 08:30:00 | 21:30:00 | 4.5 | 12.5 | 前中后排整椅设变流程推进；中排扶手设变流程推进；中排塑料件设变流程推进；前中后排泡沫设变流程推进 | <- | <- | <- | 
| 2025-04-30 | Blanc | 08:30:00 | 17:00:00 | 0.0 | 8.0 | 中排杯托设变流程推进；前中后排泡沫设变数据发放；中排扶手设变数据发放 | <- | <- | <- | 
| 工时统计 | 项目名称 | 项目编号 | 加班 | <- | 工时 | 项目工程师签字 | <- | <- | <- | 
| ^ | Blanc |  | 69.0 | <- | 229.0 |  | <- | <- | <- | 
| ^ |  |  |  | <- |  |  | <- | <- | <- | 
| ^ |  |  |  | <- |  |  | <- | <- | <- | 
| ^ |  |  |  | <- |  |  | <- | <- | <- | 
| 总计工时 | 229.00 | <- | 经理签字： | <- | <- |  | <- | <- | <- | 


## 工作表: Sheet1

| A | B | C | D | E | F | 
|  --- | --- | --- | --- | --- | --- |
|  |  |  | 一年调整一次，请勿随意删除 | <- | <- | 
|  |  |  | 2025 | <- | <- | 
| 年 | 月 |  | 节假日 | 调休加班日 |  | 
| 1905-07-17 | 4 |  | 45658 | 45683 |  | 
|  |  |  | 45685 | 45696 |  | 
|  |  |  | 45686 | 45774 |  | 
|  |  |  | 45687 | 45928 |  | 
|  |  |  | 45688 | 45941 |  | 
|  |  |  | 45689 |  |  | 
|  |  |  | 45690 |  |  | 
|  |  |  | 45691 |  |  | 
|  |  |  | 45692 |  |  | 
|  |  |  | 45751 |  |  | 
|  |  |  | 45752 |  |  | 
|  |  |  | 45753 |  |  | 
|  |  |  | 45778 |  |  | 
|  |  |  | 45779 |  |  | 
|  |  |  | 45780 |  |  | 
|  |  |  | 45781 |  |  | 
|  |  |  | 45782 |  |  | 
|  |  |  | 45808 |  |  | 
|  |  |  | 45809 |  |  | 
|  |  |  | 45810 |  |  | 
|  |  |  | 45931 |  |  | 
|  |  |  | 45932 |  |  | 
|  |  |  | 45933 |  |  | 
|  |  |  | 45934 |  |  | 
|  |  |  | 45935 |  |  | 
|  |  |  | 45936 |  |  | 
|  |  |  | 45937 |  |  | 
|  |  |  | 45938 |  |  | 



2025-05-20 10:59:24,682 - INFO - 请求成功，状态码: 200
2025-05-20 10:59:24,683 - INFO - 模型返回：
{"Blanc":{"overtime_hours":69.0,"total_hours":229.0}}

2025-05-20 10:59:24,684 - INFO - 源数据表中的工时汇总数据：{'Blanc': {'overtime_hours': 69.0, 'total_hours': 229.0}}
2025-05-20 10:59:24,684 - INFO - 文件处理进度：3 / 10
2025-05-20 10:59:24,685 - INFO - 开始处理工时文件：D:/sotos工作资料/test/1\侯登山工时表-重庆安道拓-2025年4月.xlsx
2025-05-20 10:59:24,840 - INFO - Excel表格提取文本：
## 工作表: 侯登山

| A | B | C | D | E | F | G | H | I | J | K | L | M | N | O | P | Q | R | S | 
|  --- | --- | --- | --- | --- | --- | --- | --- | --- | --- | --- | --- | --- | --- | --- | --- | --- | --- | --- |
| 重庆延锋安道拓 | <- | 上海睿励信息技术有限公司 工时记录表 | <- | <- | <- | <- | <- | <- | <- |  | 早退 | 每日工作完成率 | 请假（详细说明请假事由，时间） | 迟到 | 数据质量问题发生率 | 加班出勤率 | 玩手机和睡觉 | 脱岗 | 
| ^ | ^<- | 供应商 |  | <- | <- | <- | <- | <- | <- | ^ | ^ | ^ | ^ | ^ | ^ | ^ | ^ | ^ | 
| 工程师 | 侯登山 | <- | 负责人 | 吴军 | 电话 | 13996310716 | <- | <- | <- | ^ | ^ | ^ | ^ | ^ | ^ | ^ | ^ | ^ | 
| 日期 | 项目名称 | 开始工作时间 | 工作结束时间 | 加班时间 | 总工作时间 | 备注 | <- | <- | <- | ^ | ^ | ^ | ^ | ^ | ^ | ^ | ^ | ^ | 
| 2025-04-01 | D16 | 08:30:00 | 20:30:00 | 3.5 | 11.5 | 前挡板、内衬件结构优化，安全带罩盖工程面制作 | <- | <- | <- |  |  |  |  |  |  |  |  |  | 
| 2025-04-02 | D16 | 08:30:00 | 22:30:00 | 5.5 | 13.5 | 安全带通道方案数据，背板安装点调整，内衬件方案 | <- | <- | <- |  |  |  |  |  |  |  |  |  | 
| 2025-04-03 | D16 | 08:30:00 | 21:00:00 | 4.0 | 12.0 | 安全带通道结构设计，内衬件方案，部分背板方案，工程面及其断面反馈 | <- | <- | <- |  |  |  |  |  |  |  |  |  | 
| 2025-04-04 | D16 | 10:00:00 | 19:30:00 | 9.0 | 9.0 | 安全带通道结构设计 | <- | <- | <- |  |  |  |  |  |  |  |  |  | 
| 2025-04-05 |  |  |  |  |  |  | <- | <- | <- |  |  |  |  |  |  |  |  |  | 
| 2025-04-06 | D16 | 11:00:00 | 17:00:00 | 5.5 | 5.5 | EBOM更新反馈，安全带通道结构设计，背板结构优化 | <- | <- | <- |  |  |  |  |  |  |  |  |  | 
| 2025-04-07 | D16 | 08:30:00 | 20:00:00 | 3.0 | 11.0 | 内衬件更新反馈，背板结构优化 | <- | <- | <- |  |  |  |  |  |  |  |  |  | 
| 2025-04-08 | D16 | 08:00:00 | 21:00:00 | 4.5 | 12.5 | 安全带通道结构优化，内衬件方案沟通 | <- | <- | <- |  |  |  |  |  |  |  |  |  | 
| 2025-04-09 | D16 | 08:30:00 | 21:30:00 | 4.5 | 12.5 | 前挡板遮蔽件结构方案设计，新CAS校核反馈，核对 | <- | <- | <- |  |  |  |  |  |  |  |  |  | 
| 2025-04-10 | D16 | 08:30:00 | 19:00:00 | 2.0 | 10.0 | 背板工程面限制面制作，尾帘方案，骨架更改进度跟踪 | <- | <- | <- |  |  |  |  |  |  |  |  |  | 
| 2025-04-11 | D16 | 08:30:00 | 19:00:00 | 2.0 | 10.0 | 背板结构优化，系统数据更新发放 | <- | <- | <- |  |  |  |  |  |  |  |  |  | 
| 2025-04-12 | D16 | 09:30:00 | 18:00:00 | 8.0 | 8.0 | 新CAS校核反馈，骨架问题跟踪 | <- | <- | <- |  |  |  |  |  |  |  |  |  | 
| 2025-04-13 |  |  |  |  |  |  | <- | <- | <- |  |  |  |  |  |  |  |  |  | 
| 2025-04-14 | D16 | 08:30:00 | 21:30:00 | 4.5 | 12.5 | 右座椅前挡板遮蔽件结构优化，配合骨架冻结匹配 | <- | <- | <- |  |  |  |  |  |  |  |  |  | 
| 2025-04-15 | D16 | 08:30:00 | 20:00:00 | 3.0 | 11.0 | 背板结构优化，骨架冻结匹配，行冲结构方案 | <- | <- | <- |  |  |  |  |  |  |  |  |  | 
| 2025-04-16 | D16 | 08:30:00 | 20:00:00 | 3.0 | 11.0 | 新CAS校核反馈，安全带通道结构优化 | <- | <- | <- |  |  |  |  |  |  |  |  |  | 
| 2025-04-17 | D16 | 08:30:00 | 20:00:00 | 3.0 | 11.0 | 背板结构数据制作，新CAS问题反馈 | <- | <- | <- |  |  |  |  |  |  |  |  |  | 
| 2025-04-18 | D16 | 08:30:00 | 18:00:00 | 1.0 | 9.0 | 安全带通道结构设计优化，背板安装点方案分析 | <- | <- | <- |  |  |  |  |  |  |  |  |  | 
| 2025-04-19 | D16 | 08:30:00 | 18:30:00 | 9.5 | 9.5 | 背板结构设计，降本方案结构优化 | <- | <- | <- |  |  |  |  |  |  |  |  |  | 
| 2025-04-20 |  |  |  |  |  |  | <- | <- | <- |  |  |  |  |  |  |  |  |  | 
| 2025-04-21 | D16 | 08:00:00 | 21:00:00 | 4.5 | 12.5 | 背板结构设计，内衬件结构优化 | <- | <- | <- |  |  |  |  |  |  |  |  |  | 
| 2025-04-22 | D16 | 08:30:00 | 22:00:00 | 5.0 | 13.0 | 背板结构设计，前挡板结构方案设计，部分安装方案设计 | <- | <- | <- |  |  |  |  |  |  |  |  |  | 
| 2025-04-23 | D16 | 08:30:00 | 21:30:00 | 4.5 | 12.5 | 背板安装方案设计，安全带通道结构优化 | <- | <- | <- |  |  |  |  |  |  |  |  |  | 
| 2025-04-24 | D16 | 08:30:00 | 19:30:00 | 2.5 | 10.5 | 背板、安全带通道支撑方案，内衬件方案数据制作 | <- | <- | <- |  |  |  |  |  |  |  |  |  | 
| 2025-04-25 | D16 | 08:30:00 | 20:30:00 | 3.5 | 11.5 | 背板结构优化，INS饰板，镀铬饰条结构优化 | <- | <- | <- |  |  |  |  |  |  |  |  |  | 
| 2025-04-26 | D16 | 09:00:00 | 15:30:00 | 6.0 | 6.0 | 安全带通道结构设计 | <- | <- | <- |  |  |  |  |  |  |  |  |  | 
| 2025-04-27 | D16 | 08:30:00 | 21:00:00 | 4.0 | 12.0 | 安全带通道结构设计，负责模块件号层级搭建 | <- | <- | <- |  |  |  |  |  |  |  |  |  | 
| 2025-04-28 | D16 | 08:30:00 | 21:00:00 | 4.0 | 12.0 | 安全带通道结构细化，前挡板结构调整 | <- | <- | <- |  |  |  |  |  |  |  |  |  | 
| 2025-04-29 | D16 | 09:00:00 | 19:30:00 | 2.0 | 10.0 | 内衬件部分结构优化，安全带通道结构优化 | <- | <- | <- |  |  |  |  |  |  |  |  |  | 
| 2025-04-30 | D16 | 08:30:00 | 19:00:00 | 2.0 | 10.0 | 背板结构优化，安全带通道结构优化 | <- | <- | <- |  |  |  |  |  |  |  |  |  | 
|  |  |  |  |  |  |  | <- | <- | <- |  |  |  |  |  |  |  |  |  | 
| 工时统计 | 项目名称 | 项目编号 | 加班 | <- | 工时 | 项目工程师签字 | <- | <- | <- | 总计 | 0 | 0 | 0 | 0 | 0 | 0 | 0 | 0 | 
| ^ | D16 | D16 | 113.5 | <- | 289.5 |  | <- | <- | <- |  |  |  |  |  |  |  |  |  | 
| ^ |  |  |  | <- |  |  | <- | <- | <- |  |  |  |  |  |  |  |  |  | 
| ^ |  |  |  | <- |  |  | <- | <- | <- |  |  |  |  |  |  |  |  |  | 
| ^ |  |  |  | <- |  |  | <- | <- | <- |  |  |  |  |  |  |  |  |  | 
| 总计工时 | 289.50 | <- | 经理签字： | <- | <- |  | <- | <- | <- |  |  |  |  |  |  |  |  |  | 


## 工作表: 考核说明

| A | B | C | D | E | F | G | H | I | 
|  --- | --- | --- | --- | --- | --- | --- | --- | --- |
|  | 纪律要求 | <- | <- | <- | <- | 责任心 | <- | 配合度要求 | 
|  | 迟到 | 早退 | 工作时间玩手机和睡觉 | 脱岗 | 请假 | 每日工作完成率 | 数据问题发生率 | 加班出勤率 | 
| 规则 | 1.正常上班时间（9：00-18：00）未到岗的
2.约定加班时间未到岗的 | 1.正常上班时间（9：00-18：00）提前离岗的2.工作未完成离岗的 | 1.工作时间睡觉的
2.工作时间发现玩手机与工作无关的 | 1.工作时间里脱岗时间超过20分钟未报备的
2.晚餐时间（17：00-18：00）后，18：00未到岗的 | 1.请假需发正式邮件说明请假事由和时间（抄送：外服公司HR，老板，安道拓对应工程师，对应工程师领导）
2.每一次请假都会被统计
3.临时请假也需补发邮件
4.有工作交付的请假，需自己协调替代人员
5.重大交付节点原则上不接受请假 | 1.每日工作内容需要工程师确认后可以离开，无故离开判定为未完成
2.多日任务，最后未完成的，这几天工作被判定未完成 | 1.方案已定的零件，重复问题发生2次及以上的
2.整体数据提交，发生干涉，版本不对（老数据）等低级错误的
以零件个数进行统计（有几个就写几个） | 1.非工作日安排加班，有事未出勤的需自己协调人员顶替
2.临时安排加班 | 
| 计分 | 被判定迟到的计：-1分 | 被判定早退的计：-1分 | 被判定玩手机和睡觉的计：-1分/次 | 被判定脱岗的计：-1分/次 | 请假扣除请假工时，影响工作交付计：-2分，未影响计：0分，特殊情况由领导商议免除扣分 | 未完成的计：-1分 | 每次按照零件数量统计：-1*n | 出勤计：+2未出勤计：-1 | 
| 说明 | 1.每月的记录，根据扣分情况进行工时加减，工程师签字确认外服最终工时，将每月得分情况抄送外服HR和老板
2.每月的记录上传共享盘，供下一个项目工程师选人参考
3.每月的记录作为外服公司每月/每年评优评先，加薪升职，绩效参考
4.特殊情况请约上外服领导和安道拓领导商议决定 | <- | <- | <- | <- | <- | <- | <- | 
| ^ | ^ | ^<- | ^<- | ^<- | ^<- | ^<- | ^<- | ^<- | 


## 工作表: Sheet1

| A | B | C | D | E | F | 
|  --- | --- | --- | --- | --- | --- |
|  |  |  | 一年调整一次，请勿随意删除 | <- | <- | 
|  |  |  | 2025 | <- | <- | 
| 年 | 月 |  | 节假日 | 调休加班日 |  | 
| 1905-07-17 | 4 |  | 45658 | 45683 |  | 
|  |  |  | 45685 | 45696 |  | 
|  |  |  | 45686 | 45774 |  | 
|  |  |  | 45687 | 45928 |  | 
|  |  |  | 45688 | 45941 |  | 
|  |  |  | 45689 |  |  | 
|  |  |  | 45690 |  |  | 
|  |  |  | 45691 |  |  | 
|  |  |  | 45692 |  |  | 
|  |  |  | 45751 |  |  | 
|  |  |  | 45752 |  |  | 
|  |  |  | 45753 |  |  | 
|  |  |  | 45778 |  |  | 
|  |  |  | 45779 |  |  | 
|  |  |  | 45780 |  |  | 
|  |  |  | 45781 |  |  | 
|  |  |  | 45782 |  |  | 
|  |  |  | 45808 |  |  | 
|  |  |  | 45809 |  |  | 
|  |  |  | 45810 |  |  | 
|  |  |  | 45931 |  |  | 
|  |  |  | 45932 |  |  | 
|  |  |  | 45933 |  |  | 
|  |  |  | 45934 |  |  | 
|  |  |  | 45935 |  |  | 
|  |  |  | 45936 |  |  | 
|  |  |  | 45937 |  |  | 
|  |  |  | 45938 |  |  | 



2025-05-20 10:59:24,856 - INFO - 从表格文本中，提取员工姓名和公司名称...
2025-05-20 10:59:24,856 - INFO - 发送请求到模型API...
2025-05-20 10:59:24,857 - INFO - system_prompt：
你是一个专业的表格信息提取助手。用户会提供给你一份Excel工时表，已转换为Markdown格式。你需要提取出表格包含的员工姓名`employee_name`和公司名称`company_name`。以JSON格式输出结果，包含`employee_name`和`company_name`两个字段。如果无法提取到员工姓名和公司名称，请返回空字符串。

markdown格式的表格中合并单元格表示法：
   - "^" 符号表示该单元格与上方单元格合并（纵向合并）
   - "<-" 符号表示该单元格与左侧单元格合并（横向合并）
   - "^<-" 符号表示该单元格同时与上方和左侧单元格合并（纵横合并）

比如：{"employee_name":"张三", "company_name":"XXX公司"}
注意：直接返回结果，不要包含任何解释或说明。

2025-05-20 10:59:24,859 - INFO - user_prompt：## 工作表: 侯登山

| A | B | C | D | E | F | G | H | I | J | K | L | M | N | O | P | Q | R | S | 
|  --- | --- | --- | --- | --- | --- | --- | --- | --- | --- | --- | --- | --- | --- | --- | --- | --- | --- | --- |
| 重庆延锋安道拓 | <- | 上海睿励信息技术有限公司 工时记录表 | <- | <- | <- | <- | <- | <- | <- |  | 早退 | 每日工作完成率 | 请假（详细说明请假事由，时间） | 迟到 | 数据质量问题发生率 | 加班出勤率 | 玩手机和睡觉 | 脱岗 | 
| ^ | ^<- | 供应商 |  | <- | <- | <- | <- | <- | <- | ^ | ^ | ^ | ^ | ^ | ^ | ^ | ^ | ^ | 
| 工程师 | 侯登山 | <- | 负责人 | 吴军 | 电话 | 13996310716 | <- | <- | <- | ^ | ^ | ^ | ^ | ^ | ^ | ^ | ^ | ^ | 
| 日期 | 项目名称 | 开始工作时间 | 工作结束时间 | 加班时间 | 总工作时间 | 备注 | <- | <- | <- | ^ | ^ | ^ | ^ | ^ | ^ | ^ | ^ | ^ | 
| 2025-04-01 | D16 | 08:30:00 | 20:30:00 | 3.5 | 11.5 | 前挡板、内衬件结构优化，安全带罩盖工程面制作 | <- | <- | <- |  |  |  |  |  |  |  |  |  | 
| 2025-04-02 | D16 | 08:30:00 | 22:30:00 | 5.5 | 13.5 | 安全带通道方案数据，背板安装点调整，内衬件方案 | <- | <- | <- |  |  |  |  |  |  |  |  |  | 
| 2025-04-03 | D16 | 08:30:00 | 21:00:00 | 4.0 | 12.0 | 安全带通道结构设计，内衬件方案，部分背板方案，工程面及其断面反馈 | <- | <- | <- |  |  |  |  |  |  |  |  |  | 
| 2025-04-04 | D16 | 10:00:00 | 19:30:00 | 9.0 | 9.0 | 安全带通道结构设计 | <- | <- | <- |  |  |  |  |  |  |  |  |  | 
| 2025-04-05 |  |  |  |  |  |  | <- | <- | <- |  |  |  |  |  |  |  |  |  | 
| 2025-04-06 | D16 | 11:00:00 | 17:00:00 | 5.5 | 5.5 | EBOM更新反馈，安全带通道结构设计，背板结构优化 | <- | <- | <- |  |  |  |  |  |  |  |  |  | 
| 2025-04-07 | D16 | 08:30:00 | 20:00:00 | 3.0 | 11.0 | 内衬件更新反馈，背板结构优化 | <- | <- | <- |  |  |  |  |  |  |  |  |  | 
| 2025-04-08 | D16 | 08:00:00 | 21:00:00 | 4.5 | 12.5 | 安全带通道结构优化，内衬件方案沟通 | <- | <- | <- |  |  |  |  |  |  |  |  |  | 
| 2025-04-09 | D16 | 08:30:00 | 21:30:00 | 4.5 | 12.5 | 前挡板遮蔽件结构方案设计，新CAS校核反馈，核对 | <- | <- | <- |  |  |  |  |  |  |  |  |  | 
| 2025-04-10 | D16 | 08:30:00 | 19:00:00 | 2.0 | 10.0 | 背板工程面限制面制作，尾帘方案，骨架更改进度跟踪 | <- | <- | <- |  |  |  |  |  |  |  |  |  | 
| 2025-04-11 | D16 | 08:30:00 | 19:00:00 | 2.0 | 10.0 | 背板结构优化，系统数据更新发放 | <- | <- | <- |  |  |  |  |  |  |  |  |  | 
| 2025-04-12 | D16 | 09:30:00 | 18:00:00 | 8.0 | 8.0 | 新CAS校核反馈，骨架问题跟踪 | <- | <- | <- |  |  |  |  |  |  |  |  |  | 
| 2025-04-13 |  |  |  |  |  |  | <- | <- | <- |  |  |  |  |  |  |  |  |  | 
| 2025-04-14 | D16 | 08:30:00 | 21:30:00 | 4.5 | 12.5 | 右座椅前挡板遮蔽件结构优化，配合骨架冻结匹配 | <- | <- | <- |  |  |  |  |  |  |  |  |  | 
| 2025-04-15 | D16 | 08:30:00 | 20:00:00 | 3.0 | 11.0 | 背板结构优化，骨架冻结匹配，行冲结构方案 | <- | <- | <- |  |  |  |  |  |  |  |  |  | 
| 2025-04-16 | D16 | 08:30:00 | 20:00:00 | 3.0 | 11.0 | 新CAS校核反馈，安全带通道结构优化 | <- | <- | <- |  |  |  |  |  |  |  |  |  | 
| 2025-04-17 | D16 | 08:30:00 | 20:00:00 | 3.0 | 11.0 | 背板结构数据制作，新CAS问题反馈 | <- | <- | <- |  |  |  |  |  |  |  |  |  | 
| 2025-04-18 | D16 | 08:30:00 | 18:00:00 | 1.0 | 9.0 | 安全带通道结构设计优化，背板安装点方案分析 | <- | <- | <- |  |  |  |  |  |  |  |  |  | 
| 2025-04-19 | D16 | 08:30:00 | 18:30:00 | 9.5 | 9.5 | 背板结构设计，降本方案结构优化 | <- | <- | <- |  |  |  |  |  |  |  |  |  | 
| 2025-04-20 |  |  |  |  |  |  | <- | <- | <- |  |  |  |  |  |  |  |  |  | 
| 2025-04-21 | D16 | 08:00:00 | 21:00:00 | 4.5 | 12.5 | 背板结构设计，内衬件结构优化 | <- | <- | <- |  |  |  |  |  |  |  |  |  | 
| 2025-04-22 | D16 | 08:30:00 | 22:00:00 | 5.0 | 13.0 | 背板结构设计，前挡板结构方案设计，部分安装方案设计 | <- | <- | <- |  |  |  |  |  |  |  |  |  | 
| 2025-04-23 | D16 | 08:30:00 | 21:30:00 | 4.5 | 12.5 | 背板安装方案设计，安全带通道结构优化 | <- | <- | <- |  |  |  |  |  |  |  |  |  | 
| 2025-04-24 | D16 | 08:30:00 | 19:30:00 | 2.5 | 10.5 | 背板、安全带通道支撑方案，内衬件方案数据制作 | <- | <- | <- |  |  |  |  |  |  |  |  |  | 
| 2025-04-25 | D16 | 08:30:00 | 20:30:00 | 3.5 | 11.5 | 背板结构优化，INS饰板，镀铬饰条结构优化 | <- | <- | <- |  |  |  |  |  |  |  |  |  | 
| 2025-04-26 | D16 | 09:00:00 | 15:30:00 | 6.0 | 6.0 | 安全带通道结构设计 | <- | <- | <- |  |  |  |  |  |  |  |  |  | 
| 2025-04-27 | D16 | 08:30:00 | 21:00:00 | 4.0 | 12.0 | 安全带通道结构设计，负责模块件号层级搭建 | <- | <- | <- |  |  |  |  |  |  |  |  |  | 
| 2025-04-28 | D16 | 08:30:00 | 21:00:00 | 4.0 | 12.0 | 安全带通道结构细化，前挡板结构调整 | <- | <- | <- |  |  |  |  |  |  |  |  |  | 
| 2025-04-29 | D16 | 09:00:00 | 19:30:00 | 2.0 | 10.0 | 内衬件部分结构优化，安全带通道结构优化 | <- | <- | <- |  |  |  |  |  |  |  |  |  | 
| 2025-04-30 | D16 | 08:30:00 | 19:00:00 | 2.0 | 10.0 | 背板结构优化，安全带通道结构优化 | <- | <- | <- |  |  |  |  |  |  |  |  |  | 
|  |  |  |  |  |  |  | <- | <- | <- |  |  |  |  |  |  |  |  |  | 
| 工时统计 | 项目名称 | 项目编号 | 加班 | <- | 工时 | 项目工程师签字 | <- | <- | <- | 总计 | 0 | 0 | 0 | 0 | 0 | 0 | 0 | 0 | 
| ^ | D16 | D16 | 113.5 | <- | 289.5 |  | <- | <- | <- |  |  |  |  |  |  |  |  |  | 
| ^ |  |  |  | <- |  |  | <- | <- | <- |  |  |  |  |  |  |  |  |  | 
| ^ |  |  |  | <- |  |  | <- | <- | <- |  |  |  |  |  |  |  |  |  | 
| ^ |  |  |  | <- |  |  | <- | <- | <- |  |  |  |  |  |  |  |  |  | 
| 总计工时 | 289.50 | <- | 经理签字： | <- | <- |  | <- | <- | <- |  |  |  |  |  |  |  |  |  | 


## 工作表: 考核说明

| A | B | C | D | E | F | G | H | I | 
|  --- | --- | --- | --- | --- | --- | --- | --- | --- |
|  | 纪律要求 | <- | <- | <- | <- | 责任心 | <- | 配合度要求 | 
|  | 迟到 | 早退 | 工作时间玩手机和睡觉 | 脱岗 | 请假 | 每日工作完成率 | 数据问题发生率 | 加班出勤率 | 
| 规则 | 1.正常上班时间（9：00-18：00）未到岗的
2.约定加班时间未到岗的 | 1.正常上班时间（9：00-18：00）提前离岗的2.工作未完成离岗的 | 1.工作时间睡觉的
2.工作时间发现玩手机与工作无关的 | 1.工作时间里脱岗时间超过20分钟未报备的
2.晚餐时间（17：00-18：00）后，18：00未到岗的 | 1.请假需发正式邮件说明请假事由和时间（抄送：外服公司HR，老板，安道拓对应工程师，对应工程师领导）
2.每一次请假都会被统计
3.临时请假也需补发邮件
4.有工作交付的请假，需自己协调替代人员
5.重大交付节点原则上不接受请假 | 1.每日工作内容需要工程师确认后可以离开，无故离开判定为未完成
2.多日任务，最后未完成的，这几天工作被判定未完成 | 1.方案已定的零件，重复问题发生2次及以上的
2.整体数据提交，发生干涉，版本不对（老数据）等低级错误的
以零件个数进行统计（有几个就写几个） | 1.非工作日安排加班，有事未出勤的需自己协调人员顶替
2.临时安排加班 | 
| 计分 | 被判定迟到的计：-1分 | 被判定早退的计：-1分 | 被判定玩手机和睡觉的计：-1分/次 | 被判定脱岗的计：-1分/次 | 请假扣除请假工时，影响工作交付计：-2分，未影响计：0分，特殊情况由领导商议免除扣分 | 未完成的计：-1分 | 每次按照零件数量统计：-1*n | 出勤计：+2未出勤计：-1 | 
| 说明 | 1.每月的记录，根据扣分情况进行工时加减，工程师签字确认外服最终工时，将每月得分情况抄送外服HR和老板
2.每月的记录上传共享盘，供下一个项目工程师选人参考
3.每月的记录作为外服公司每月/每年评优评先，加薪升职，绩效参考
4.特殊情况请约上外服领导和安道拓领导商议决定 | <- | <- | <- | <- | <- | <- | <- | 
| ^ | ^ | ^<- | ^<- | ^<- | ^<- | ^<- | ^<- | ^<- | 


## 工作表: Sheet1

| A | B | C | D | E | F | 
|  --- | --- | --- | --- | --- | --- |
|  |  |  | 一年调整一次，请勿随意删除 | <- | <- | 
|  |  |  | 2025 | <- | <- | 
| 年 | 月 |  | 节假日 | 调休加班日 |  | 
| 1905-07-17 | 4 |  | 45658 | 45683 |  | 
|  |  |  | 45685 | 45696 |  | 
|  |  |  | 45686 | 45774 |  | 
|  |  |  | 45687 | 45928 |  | 
|  |  |  | 45688 | 45941 |  | 
|  |  |  | 45689 |  |  | 
|  |  |  | 45690 |  |  | 
|  |  |  | 45691 |  |  | 
|  |  |  | 45692 |  |  | 
|  |  |  | 45751 |  |  | 
|  |  |  | 45752 |  |  | 
|  |  |  | 45753 |  |  | 
|  |  |  | 45778 |  |  | 
|  |  |  | 45779 |  |  | 
|  |  |  | 45780 |  |  | 
|  |  |  | 45781 |  |  | 
|  |  |  | 45782 |  |  | 
|  |  |  | 45808 |  |  | 
|  |  |  | 45809 |  |  | 
|  |  |  | 45810 |  |  | 
|  |  |  | 45931 |  |  | 
|  |  |  | 45932 |  |  | 
|  |  |  | 45933 |  |  | 
|  |  |  | 45934 |  |  | 
|  |  |  | 45935 |  |  | 
|  |  |  | 45936 |  |  | 
|  |  |  | 45937 |  |  | 
|  |  |  | 45938 |  |  | 



2025-05-20 10:59:27,352 - INFO - 请求成功，状态码: 200
2025-05-20 10:59:27,353 - INFO - 模型返回：{"employee_name":"侯登山", "company_name":"重庆延锋安道拓"}

2025-05-20 10:59:27,353 - INFO - 解析模型返回：
 - 员工姓名：侯登山,  - 公司名称：重庆延锋安道拓
2025-05-20 10:59:27,354 - INFO - 

从表格文本中，提取汇总数据...
2025-05-20 10:59:27,354 - INFO - 发送请求到模型API...
2025-05-20 10:59:27,355 - INFO - system_prompt：
你是一个专业的工时数据提取助手。用户会提供给你一份Excel工时表，已转换为Markdown格式。你需要提取出表格中的按照项目做统计的工时汇总数据。将提取结果以JSON格式输出。以项目名称作为key为项目名称，value为包含加班和工时的字典。

markdown格式的表格中合并单元格表示法：
   - "^" 符号表示该单元格与上方单元格合并（纵向合并）
   - "<-" 符号表示该单元格与左侧单元格合并（横向合并）
   - "^<-" 符号表示该单元格同时与上方和左侧单元格合并（纵横合并）

你可以按照以下步骤进行分析：
1. 首先，定位表格中工时统计汇总数据，通常在表格的下方。
2. 读取工时统计汇总数据，包含项目名称、项目编号、加班、工时等。项目编号可能为空。
3. 整理所有数据，以JSON格式输。key为项目名称，value为包含加班`overtime_hours`和工时`total_hours`的字典。

注意：
1.直接返回结果，不要包含任何解释或说明。
2.输出结果必须严格按照无语法错误的JSON格式输出，不能有任何其他格式。

以JSON格式输出结果，示例输出如下：
示例1：
{"D11":{"overtime_hours":20,"total_hours":120}, "A12":{"overtime_hours":6,"total_hours":14}, "B13":{"overtime_hours":1,"total_hours":10}}
示例2：
{"D11":{"overtime_hours":20,"total_hours":120}, "A12":{"overtime_hours":6,"total_hours":14}}

2025-05-20 10:59:27,358 - INFO - user_prompt：## 工作表: 侯登山

| A | B | C | D | E | F | G | H | I | J | K | L | M | N | O | P | Q | R | S | 
|  --- | --- | --- | --- | --- | --- | --- | --- | --- | --- | --- | --- | --- | --- | --- | --- | --- | --- | --- |
| 重庆延锋安道拓 | <- | 上海睿励信息技术有限公司 工时记录表 | <- | <- | <- | <- | <- | <- | <- |  | 早退 | 每日工作完成率 | 请假（详细说明请假事由，时间） | 迟到 | 数据质量问题发生率 | 加班出勤率 | 玩手机和睡觉 | 脱岗 | 
| ^ | ^<- | 供应商 |  | <- | <- | <- | <- | <- | <- | ^ | ^ | ^ | ^ | ^ | ^ | ^ | ^ | ^ | 
| 工程师 | 侯登山 | <- | 负责人 | 吴军 | 电话 | 13996310716 | <- | <- | <- | ^ | ^ | ^ | ^ | ^ | ^ | ^ | ^ | ^ | 
| 日期 | 项目名称 | 开始工作时间 | 工作结束时间 | 加班时间 | 总工作时间 | 备注 | <- | <- | <- | ^ | ^ | ^ | ^ | ^ | ^ | ^ | ^ | ^ | 
| 2025-04-01 | D16 | 08:30:00 | 20:30:00 | 3.5 | 11.5 | 前挡板、内衬件结构优化，安全带罩盖工程面制作 | <- | <- | <- |  |  |  |  |  |  |  |  |  | 
| 2025-04-02 | D16 | 08:30:00 | 22:30:00 | 5.5 | 13.5 | 安全带通道方案数据，背板安装点调整，内衬件方案 | <- | <- | <- |  |  |  |  |  |  |  |  |  | 
| 2025-04-03 | D16 | 08:30:00 | 21:00:00 | 4.0 | 12.0 | 安全带通道结构设计，内衬件方案，部分背板方案，工程面及其断面反馈 | <- | <- | <- |  |  |  |  |  |  |  |  |  | 
| 2025-04-04 | D16 | 10:00:00 | 19:30:00 | 9.0 | 9.0 | 安全带通道结构设计 | <- | <- | <- |  |  |  |  |  |  |  |  |  | 
| 2025-04-05 |  |  |  |  |  |  | <- | <- | <- |  |  |  |  |  |  |  |  |  | 
| 2025-04-06 | D16 | 11:00:00 | 17:00:00 | 5.5 | 5.5 | EBOM更新反馈，安全带通道结构设计，背板结构优化 | <- | <- | <- |  |  |  |  |  |  |  |  |  | 
| 2025-04-07 | D16 | 08:30:00 | 20:00:00 | 3.0 | 11.0 | 内衬件更新反馈，背板结构优化 | <- | <- | <- |  |  |  |  |  |  |  |  |  | 
| 2025-04-08 | D16 | 08:00:00 | 21:00:00 | 4.5 | 12.5 | 安全带通道结构优化，内衬件方案沟通 | <- | <- | <- |  |  |  |  |  |  |  |  |  | 
| 2025-04-09 | D16 | 08:30:00 | 21:30:00 | 4.5 | 12.5 | 前挡板遮蔽件结构方案设计，新CAS校核反馈，核对 | <- | <- | <- |  |  |  |  |  |  |  |  |  | 
| 2025-04-10 | D16 | 08:30:00 | 19:00:00 | 2.0 | 10.0 | 背板工程面限制面制作，尾帘方案，骨架更改进度跟踪 | <- | <- | <- |  |  |  |  |  |  |  |  |  | 
| 2025-04-11 | D16 | 08:30:00 | 19:00:00 | 2.0 | 10.0 | 背板结构优化，系统数据更新发放 | <- | <- | <- |  |  |  |  |  |  |  |  |  | 
| 2025-04-12 | D16 | 09:30:00 | 18:00:00 | 8.0 | 8.0 | 新CAS校核反馈，骨架问题跟踪 | <- | <- | <- |  |  |  |  |  |  |  |  |  | 
| 2025-04-13 |  |  |  |  |  |  | <- | <- | <- |  |  |  |  |  |  |  |  |  | 
| 2025-04-14 | D16 | 08:30:00 | 21:30:00 | 4.5 | 12.5 | 右座椅前挡板遮蔽件结构优化，配合骨架冻结匹配 | <- | <- | <- |  |  |  |  |  |  |  |  |  | 
| 2025-04-15 | D16 | 08:30:00 | 20:00:00 | 3.0 | 11.0 | 背板结构优化，骨架冻结匹配，行冲结构方案 | <- | <- | <- |  |  |  |  |  |  |  |  |  | 
| 2025-04-16 | D16 | 08:30:00 | 20:00:00 | 3.0 | 11.0 | 新CAS校核反馈，安全带通道结构优化 | <- | <- | <- |  |  |  |  |  |  |  |  |  | 
| 2025-04-17 | D16 | 08:30:00 | 20:00:00 | 3.0 | 11.0 | 背板结构数据制作，新CAS问题反馈 | <- | <- | <- |  |  |  |  |  |  |  |  |  | 
| 2025-04-18 | D16 | 08:30:00 | 18:00:00 | 1.0 | 9.0 | 安全带通道结构设计优化，背板安装点方案分析 | <- | <- | <- |  |  |  |  |  |  |  |  |  | 
| 2025-04-19 | D16 | 08:30:00 | 18:30:00 | 9.5 | 9.5 | 背板结构设计，降本方案结构优化 | <- | <- | <- |  |  |  |  |  |  |  |  |  | 
| 2025-04-20 |  |  |  |  |  |  | <- | <- | <- |  |  |  |  |  |  |  |  |  | 
| 2025-04-21 | D16 | 08:00:00 | 21:00:00 | 4.5 | 12.5 | 背板结构设计，内衬件结构优化 | <- | <- | <- |  |  |  |  |  |  |  |  |  | 
| 2025-04-22 | D16 | 08:30:00 | 22:00:00 | 5.0 | 13.0 | 背板结构设计，前挡板结构方案设计，部分安装方案设计 | <- | <- | <- |  |  |  |  |  |  |  |  |  | 
| 2025-04-23 | D16 | 08:30:00 | 21:30:00 | 4.5 | 12.5 | 背板安装方案设计，安全带通道结构优化 | <- | <- | <- |  |  |  |  |  |  |  |  |  | 
| 2025-04-24 | D16 | 08:30:00 | 19:30:00 | 2.5 | 10.5 | 背板、安全带通道支撑方案，内衬件方案数据制作 | <- | <- | <- |  |  |  |  |  |  |  |  |  | 
| 2025-04-25 | D16 | 08:30:00 | 20:30:00 | 3.5 | 11.5 | 背板结构优化，INS饰板，镀铬饰条结构优化 | <- | <- | <- |  |  |  |  |  |  |  |  |  | 
| 2025-04-26 | D16 | 09:00:00 | 15:30:00 | 6.0 | 6.0 | 安全带通道结构设计 | <- | <- | <- |  |  |  |  |  |  |  |  |  | 
| 2025-04-27 | D16 | 08:30:00 | 21:00:00 | 4.0 | 12.0 | 安全带通道结构设计，负责模块件号层级搭建 | <- | <- | <- |  |  |  |  |  |  |  |  |  | 
| 2025-04-28 | D16 | 08:30:00 | 21:00:00 | 4.0 | 12.0 | 安全带通道结构细化，前挡板结构调整 | <- | <- | <- |  |  |  |  |  |  |  |  |  | 
| 2025-04-29 | D16 | 09:00:00 | 19:30:00 | 2.0 | 10.0 | 内衬件部分结构优化，安全带通道结构优化 | <- | <- | <- |  |  |  |  |  |  |  |  |  | 
| 2025-04-30 | D16 | 08:30:00 | 19:00:00 | 2.0 | 10.0 | 背板结构优化，安全带通道结构优化 | <- | <- | <- |  |  |  |  |  |  |  |  |  | 
|  |  |  |  |  |  |  | <- | <- | <- |  |  |  |  |  |  |  |  |  | 
| 工时统计 | 项目名称 | 项目编号 | 加班 | <- | 工时 | 项目工程师签字 | <- | <- | <- | 总计 | 0 | 0 | 0 | 0 | 0 | 0 | 0 | 0 | 
| ^ | D16 | D16 | 113.5 | <- | 289.5 |  | <- | <- | <- |  |  |  |  |  |  |  |  |  | 
| ^ |  |  |  | <- |  |  | <- | <- | <- |  |  |  |  |  |  |  |  |  | 
| ^ |  |  |  | <- |  |  | <- | <- | <- |  |  |  |  |  |  |  |  |  | 
| ^ |  |  |  | <- |  |  | <- | <- | <- |  |  |  |  |  |  |  |  |  | 
| 总计工时 | 289.50 | <- | 经理签字： | <- | <- |  | <- | <- | <- |  |  |  |  |  |  |  |  |  | 


## 工作表: 考核说明

| A | B | C | D | E | F | G | H | I | 
|  --- | --- | --- | --- | --- | --- | --- | --- | --- |
|  | 纪律要求 | <- | <- | <- | <- | 责任心 | <- | 配合度要求 | 
|  | 迟到 | 早退 | 工作时间玩手机和睡觉 | 脱岗 | 请假 | 每日工作完成率 | 数据问题发生率 | 加班出勤率 | 
| 规则 | 1.正常上班时间（9：00-18：00）未到岗的
2.约定加班时间未到岗的 | 1.正常上班时间（9：00-18：00）提前离岗的2.工作未完成离岗的 | 1.工作时间睡觉的
2.工作时间发现玩手机与工作无关的 | 1.工作时间里脱岗时间超过20分钟未报备的
2.晚餐时间（17：00-18：00）后，18：00未到岗的 | 1.请假需发正式邮件说明请假事由和时间（抄送：外服公司HR，老板，安道拓对应工程师，对应工程师领导）
2.每一次请假都会被统计
3.临时请假也需补发邮件
4.有工作交付的请假，需自己协调替代人员
5.重大交付节点原则上不接受请假 | 1.每日工作内容需要工程师确认后可以离开，无故离开判定为未完成
2.多日任务，最后未完成的，这几天工作被判定未完成 | 1.方案已定的零件，重复问题发生2次及以上的
2.整体数据提交，发生干涉，版本不对（老数据）等低级错误的
以零件个数进行统计（有几个就写几个） | 1.非工作日安排加班，有事未出勤的需自己协调人员顶替
2.临时安排加班 | 
| 计分 | 被判定迟到的计：-1分 | 被判定早退的计：-1分 | 被判定玩手机和睡觉的计：-1分/次 | 被判定脱岗的计：-1分/次 | 请假扣除请假工时，影响工作交付计：-2分，未影响计：0分，特殊情况由领导商议免除扣分 | 未完成的计：-1分 | 每次按照零件数量统计：-1*n | 出勤计：+2未出勤计：-1 | 
| 说明 | 1.每月的记录，根据扣分情况进行工时加减，工程师签字确认外服最终工时，将每月得分情况抄送外服HR和老板
2.每月的记录上传共享盘，供下一个项目工程师选人参考
3.每月的记录作为外服公司每月/每年评优评先，加薪升职，绩效参考
4.特殊情况请约上外服领导和安道拓领导商议决定 | <- | <- | <- | <- | <- | <- | <- | 
| ^ | ^ | ^<- | ^<- | ^<- | ^<- | ^<- | ^<- | ^<- | 


## 工作表: Sheet1

| A | B | C | D | E | F | 
|  --- | --- | --- | --- | --- | --- |
|  |  |  | 一年调整一次，请勿随意删除 | <- | <- | 
|  |  |  | 2025 | <- | <- | 
| 年 | 月 |  | 节假日 | 调休加班日 |  | 
| 1905-07-17 | 4 |  | 45658 | 45683 |  | 
|  |  |  | 45685 | 45696 |  | 
|  |  |  | 45686 | 45774 |  | 
|  |  |  | 45687 | 45928 |  | 
|  |  |  | 45688 | 45941 |  | 
|  |  |  | 45689 |  |  | 
|  |  |  | 45690 |  |  | 
|  |  |  | 45691 |  |  | 
|  |  |  | 45692 |  |  | 
|  |  |  | 45751 |  |  | 
|  |  |  | 45752 |  |  | 
|  |  |  | 45753 |  |  | 
|  |  |  | 45778 |  |  | 
|  |  |  | 45779 |  |  | 
|  |  |  | 45780 |  |  | 
|  |  |  | 45781 |  |  | 
|  |  |  | 45782 |  |  | 
|  |  |  | 45808 |  |  | 
|  |  |  | 45809 |  |  | 
|  |  |  | 45810 |  |  | 
|  |  |  | 45931 |  |  | 
|  |  |  | 45932 |  |  | 
|  |  |  | 45933 |  |  | 
|  |  |  | 45934 |  |  | 
|  |  |  | 45935 |  |  | 
|  |  |  | 45936 |  |  | 
|  |  |  | 45937 |  |  | 
|  |  |  | 45938 |  |  | 



2025-05-20 10:59:29,940 - INFO - 请求成功，状态码: 200
2025-05-20 10:59:29,941 - INFO - 模型返回：
{"D16":{"overtime_hours":113.5,"total_hours":289.5}}

2025-05-20 10:59:29,941 - INFO - 源数据表中的工时汇总数据：{'D16': {'overtime_hours': 113.5, 'total_hours': 289.5}}
2025-05-20 10:59:29,942 - INFO - 文件处理进度：4 / 10
2025-05-20 10:59:29,942 - INFO - 开始处理工时文件：D:/sotos工作资料/test/1\封华工时表-重庆安道拓-2025年04月.xlsx
2025-05-20 10:59:30,055 - INFO - Excel表格提取文本：
## 工作表: 封华

| A | B | C | D | E | F | G | H | I | J | 
|  --- | --- | --- | --- | --- | --- | --- | --- | --- | --- |
| 重庆延锋安道拓 | <- | 上海睿励信息技术有限公司 工时记录表 | <- | <- | <- | <- | <- | <- | <- | 
| ^ | ^<- | 供应商 |  | <- | <- | <- | <- | <- | <- | 
| 工程师 | 封华 | <- | 负责人 |  | 电话 |  | <- | <- | <- | 
| 日期 | 项目名称 | 开始工作时间 | 工作结束时间 | 加班时间 | 总工作时间 | 备注 | <- | <- | <- | 
| 2025-04-01 | A66 | 09:00:00 | 17:30:00 | 0.0 | 8.0 | 前排坐垫硬泡方案数据 | <- | <- | <- | 
| 2025-04-02 | A66 | 09:00:00 | 17:30:00 | 0.0 | 8.0 | 前排坐垫硬泡方案数据 | <- | <- | <- | 
| 2025-04-03 | A66 | 09:00:00 | 17:30:00 | 0.0 | 8.0 | 前排坐垫硬泡方案数据 | <- | <- | <- | 
| 2025-04-04 |  |  |  |  |  |  | <- | <- | <- | 
| 2025-04-05 |  |  |  |  |  |  | <- | <- | <- | 
| 2025-04-06 |  |  |  |  |  |  | <- | <- | <- | 
| 2025-04-07 | A66 | 09:00:00 | 17:30:00 | 0.0 | 8.0 | 前排靠背坐垫，后排靠背坐垫设变修改 | <- | <- | <- | 
| 2025-04-08 | A66 | 09:00:00 | 17:30:00 | 0.0 | 8.0 | 前排坐垫图纸更新 | <- | <- | <- | 
| 2025-04-09 | A66 | 09:00:00 | 17:30:00 | 0.0 | 8.0 | 后排坐垫图纸更新 | <- | <- | <- | 
| 2025-04-10 | A66 | 09:00:00 | 17:30:00 | 0.0 | 8.0 | 前排坐垫图纸更新 | <- | <- | <- | 
| 2025-04-11 | A66 | 09:00:00 | 17:30:00 | 0.0 | 8.0 | 后排坐垫图纸更新 | <- | <- | <- | 
| 2025-04-12 |  |  |  |  |  |  | <- | <- | <- | 
| 2025-04-13 |  |  |  |  |  |  | <- | <- | <- | 
| 2025-04-14 | A66 | 09:00:00 | 17:30:00 | 0.0 | 8.0 | 前排坐垫B面数据 | <- | <- | <- | 
| 2025-04-15 | A66 | 09:00:00 | 17:30:00 | 0.0 | 8.0 | 前排坐垫B面数据 | <- | <- | <- | 
| 2025-04-16 | A66 | 09:00:00 | 17:30:00 | 0.0 | 8.0 | 前排坐垫B面数据 | <- | <- | <- | 
| 2025-04-17 | A66 | 09:00:00 | 17:30:00 | 0.0 | 8.0 | 前排副驾坐垫B面数据 | <- | <- | <- | 
| 2025-04-18 | A66 | 09:00:00 | 17:30:00 | 0.0 | 8.0 | 后排靠背B面数据 | <- | <- | <- | 
| 2025-04-19 |  |  |  |  |  |  | <- | <- | <- | 
| 2025-04-20 |  |  |  |  |  |  | <- | <- | <- | 
| 2025-04-21 | A66 | 09:00:00 | 17:30:00 | 0.0 | 8.0 | 前排坐垫数据 | <- | <- | <- | 
| 2025-04-22 | A66 | 09:00:00 | 17:30:00 |  | 8.0 | 前排坐垫数据 | <- | <- | <- | 
| 2025-04-23 | A66 | 09:00:00 | 17:30:00 | 0.0 | 8.0 | 前排坐垫数据 | <- | <- | <- | 
| 2025-04-24 | A66 | 09:00:00 | 17:30:00 | 0.0 | 8.0 | 前排靠背数据 | <- | <- | <- | 
| 2025-04-25 | A66 | 09:00:00 | 17:30:00 | 0.0 | 8.0 | 前排靠背数据 | <- | <- | <- | 
| 2025-04-26 |  |  |  |  |  |  | <- | <- | <- | 
| 2025-04-27 | A66 | 09:00:00 | 17:30:00 | 0.0 | 8.0 | 前排靠背数据 | <- | <- | <- | 
| 2025-04-28 | A66 | 09:00:00 | 17:30:00 | 0.0 | 8.0 | 前排靠背B面数据 | <- | <- | <- | 
| 2025-04-29 | A66 | 09:00:00 | 17:30:00 | 0.0 | 8.0 | 前排靠背B面数据 | <- | <- | <- | 
| 2025-04-30 |  |  |  |  |  |  | <- | <- | <- | 
|  |  |  |  |  |  |  | <- | <- | <- | 
| 工时统计 | 项目名称 | 项目编号 | 加班 | <- | 工时 | 项目工程师签字 | <- | <- | <- | 
| ^ | A66 |  | 0.0 | <- | 168.0 |  | <- | <- | <- | 
| ^ |  |  |  | <- |  |  | <- | <- | <- | 
| ^ |  |  |  | <- |  |  | <- | <- | <- | 
| ^ |  |  |  | <- |  |  | <- | <- | <- | 
| 总计工时 | 168.00 | <- | 经理签字： | <- | <- |  | <- | <- | <- | 


## 工作表: Sheet1

| A | B | C | D | E | F | 
|  --- | --- | --- | --- | --- | --- |
|  |  |  | 一年调整一次，请勿随意删除 | <- | <- | 
|  |  |  | 2025 | <- | <- | 
| 年 | 月 |  | 节假日 | 调休加班日 |  | 
| 1905-07-17 | 4 |  | 45658 | 45683 |  | 
|  |  |  | 45685 | 45696 |  | 
|  |  |  | 45686 | 45774 |  | 
|  |  |  | 45687 | 45928 |  | 
|  |  |  | 45688 | 45941 |  | 
|  |  |  | 45689 |  |  | 
|  |  |  | 45690 |  |  | 
|  |  |  | 45691 |  |  | 
|  |  |  | 45692 |  |  | 
|  |  |  | 45751 |  |  | 
|  |  |  | 45752 |  |  | 
|  |  |  | 45753 |  |  | 
|  |  |  | 45778 |  |  | 
|  |  |  | 45779 |  |  | 
|  |  |  | 45780 |  |  | 
|  |  |  | 45781 |  |  | 
|  |  |  | 45782 |  |  | 
|  |  |  | 45808 |  |  | 
|  |  |  | 45809 |  |  | 
|  |  |  | 45810 |  |  | 
|  |  |  | 45931 |  |  | 
|  |  |  | 45932 |  |  | 
|  |  |  | 45933 |  |  | 
|  |  |  | 45934 |  |  | 
|  |  |  | 45935 |  |  | 
|  |  |  | 45936 |  |  | 
|  |  |  | 45937 |  |  | 
|  |  |  | 45938 |  |  | 



2025-05-20 10:59:30,064 - INFO - 从表格文本中，提取员工姓名和公司名称...
2025-05-20 10:59:30,065 - INFO - 发送请求到模型API...
2025-05-20 10:59:30,065 - INFO - system_prompt：
你是一个专业的表格信息提取助手。用户会提供给你一份Excel工时表，已转换为Markdown格式。你需要提取出表格包含的员工姓名`employee_name`和公司名称`company_name`。以JSON格式输出结果，包含`employee_name`和`company_name`两个字段。如果无法提取到员工姓名和公司名称，请返回空字符串。

markdown格式的表格中合并单元格表示法：
   - "^" 符号表示该单元格与上方单元格合并（纵向合并）
   - "<-" 符号表示该单元格与左侧单元格合并（横向合并）
   - "^<-" 符号表示该单元格同时与上方和左侧单元格合并（纵横合并）

比如：{"employee_name":"张三", "company_name":"XXX公司"}
注意：直接返回结果，不要包含任何解释或说明。

2025-05-20 10:59:30,066 - INFO - user_prompt：## 工作表: 封华

| A | B | C | D | E | F | G | H | I | J | 
|  --- | --- | --- | --- | --- | --- | --- | --- | --- | --- |
| 重庆延锋安道拓 | <- | 上海睿励信息技术有限公司 工时记录表 | <- | <- | <- | <- | <- | <- | <- | 
| ^ | ^<- | 供应商 |  | <- | <- | <- | <- | <- | <- | 
| 工程师 | 封华 | <- | 负责人 |  | 电话 |  | <- | <- | <- | 
| 日期 | 项目名称 | 开始工作时间 | 工作结束时间 | 加班时间 | 总工作时间 | 备注 | <- | <- | <- | 
| 2025-04-01 | A66 | 09:00:00 | 17:30:00 | 0.0 | 8.0 | 前排坐垫硬泡方案数据 | <- | <- | <- | 
| 2025-04-02 | A66 | 09:00:00 | 17:30:00 | 0.0 | 8.0 | 前排坐垫硬泡方案数据 | <- | <- | <- | 
| 2025-04-03 | A66 | 09:00:00 | 17:30:00 | 0.0 | 8.0 | 前排坐垫硬泡方案数据 | <- | <- | <- | 
| 2025-04-04 |  |  |  |  |  |  | <- | <- | <- | 
| 2025-04-05 |  |  |  |  |  |  | <- | <- | <- | 
| 2025-04-06 |  |  |  |  |  |  | <- | <- | <- | 
| 2025-04-07 | A66 | 09:00:00 | 17:30:00 | 0.0 | 8.0 | 前排靠背坐垫，后排靠背坐垫设变修改 | <- | <- | <- | 
| 2025-04-08 | A66 | 09:00:00 | 17:30:00 | 0.0 | 8.0 | 前排坐垫图纸更新 | <- | <- | <- | 
| 2025-04-09 | A66 | 09:00:00 | 17:30:00 | 0.0 | 8.0 | 后排坐垫图纸更新 | <- | <- | <- | 
| 2025-04-10 | A66 | 09:00:00 | 17:30:00 | 0.0 | 8.0 | 前排坐垫图纸更新 | <- | <- | <- | 
| 2025-04-11 | A66 | 09:00:00 | 17:30:00 | 0.0 | 8.0 | 后排坐垫图纸更新 | <- | <- | <- | 
| 2025-04-12 |  |  |  |  |  |  | <- | <- | <- | 
| 2025-04-13 |  |  |  |  |  |  | <- | <- | <- | 
| 2025-04-14 | A66 | 09:00:00 | 17:30:00 | 0.0 | 8.0 | 前排坐垫B面数据 | <- | <- | <- | 
| 2025-04-15 | A66 | 09:00:00 | 17:30:00 | 0.0 | 8.0 | 前排坐垫B面数据 | <- | <- | <- | 
| 2025-04-16 | A66 | 09:00:00 | 17:30:00 | 0.0 | 8.0 | 前排坐垫B面数据 | <- | <- | <- | 
| 2025-04-17 | A66 | 09:00:00 | 17:30:00 | 0.0 | 8.0 | 前排副驾坐垫B面数据 | <- | <- | <- | 
| 2025-04-18 | A66 | 09:00:00 | 17:30:00 | 0.0 | 8.0 | 后排靠背B面数据 | <- | <- | <- | 
| 2025-04-19 |  |  |  |  |  |  | <- | <- | <- | 
| 2025-04-20 |  |  |  |  |  |  | <- | <- | <- | 
| 2025-04-21 | A66 | 09:00:00 | 17:30:00 | 0.0 | 8.0 | 前排坐垫数据 | <- | <- | <- | 
| 2025-04-22 | A66 | 09:00:00 | 17:30:00 |  | 8.0 | 前排坐垫数据 | <- | <- | <- | 
| 2025-04-23 | A66 | 09:00:00 | 17:30:00 | 0.0 | 8.0 | 前排坐垫数据 | <- | <- | <- | 
| 2025-04-24 | A66 | 09:00:00 | 17:30:00 | 0.0 | 8.0 | 前排靠背数据 | <- | <- | <- | 
| 2025-04-25 | A66 | 09:00:00 | 17:30:00 | 0.0 | 8.0 | 前排靠背数据 | <- | <- | <- | 
| 2025-04-26 |  |  |  |  |  |  | <- | <- | <- | 
| 2025-04-27 | A66 | 09:00:00 | 17:30:00 | 0.0 | 8.0 | 前排靠背数据 | <- | <- | <- | 
| 2025-04-28 | A66 | 09:00:00 | 17:30:00 | 0.0 | 8.0 | 前排靠背B面数据 | <- | <- | <- | 
| 2025-04-29 | A66 | 09:00:00 | 17:30:00 | 0.0 | 8.0 | 前排靠背B面数据 | <- | <- | <- | 
| 2025-04-30 |  |  |  |  |  |  | <- | <- | <- | 
|  |  |  |  |  |  |  | <- | <- | <- | 
| 工时统计 | 项目名称 | 项目编号 | 加班 | <- | 工时 | 项目工程师签字 | <- | <- | <- | 
| ^ | A66 |  | 0.0 | <- | 168.0 |  | <- | <- | <- | 
| ^ |  |  |  | <- |  |  | <- | <- | <- | 
| ^ |  |  |  | <- |  |  | <- | <- | <- | 
| ^ |  |  |  | <- |  |  | <- | <- | <- | 
| 总计工时 | 168.00 | <- | 经理签字： | <- | <- |  | <- | <- | <- | 


## 工作表: Sheet1

| A | B | C | D | E | F | 
|  --- | --- | --- | --- | --- | --- |
|  |  |  | 一年调整一次，请勿随意删除 | <- | <- | 
|  |  |  | 2025 | <- | <- | 
| 年 | 月 |  | 节假日 | 调休加班日 |  | 
| 1905-07-17 | 4 |  | 45658 | 45683 |  | 
|  |  |  | 45685 | 45696 |  | 
|  |  |  | 45686 | 45774 |  | 
|  |  |  | 45687 | 45928 |  | 
|  |  |  | 45688 | 45941 |  | 
|  |  |  | 45689 |  |  | 
|  |  |  | 45690 |  |  | 
|  |  |  | 45691 |  |  | 
|  |  |  | 45692 |  |  | 
|  |  |  | 45751 |  |  | 
|  |  |  | 45752 |  |  | 
|  |  |  | 45753 |  |  | 
|  |  |  | 45778 |  |  | 
|  |  |  | 45779 |  |  | 
|  |  |  | 45780 |  |  | 
|  |  |  | 45781 |  |  | 
|  |  |  | 45782 |  |  | 
|  |  |  | 45808 |  |  | 
|  |  |  | 45809 |  |  | 
|  |  |  | 45810 |  |  | 
|  |  |  | 45931 |  |  | 
|  |  |  | 45932 |  |  | 
|  |  |  | 45933 |  |  | 
|  |  |  | 45934 |  |  | 
|  |  |  | 45935 |  |  | 
|  |  |  | 45936 |  |  | 
|  |  |  | 45937 |  |  | 
|  |  |  | 45938 |  |  | 



2025-05-20 10:59:31,921 - INFO - 请求成功，状态码: 200
2025-05-20 10:59:31,922 - INFO - 模型返回：{"employee_name":"封华", "company_name":"重庆延锋安道拓"}

2025-05-20 10:59:31,922 - INFO - 解析模型返回：
 - 员工姓名：封华,  - 公司名称：重庆延锋安道拓
2025-05-20 10:59:31,923 - INFO - 

从表格文本中，提取汇总数据...
2025-05-20 10:59:31,923 - INFO - 发送请求到模型API...
2025-05-20 10:59:31,923 - INFO - system_prompt：
你是一个专业的工时数据提取助手。用户会提供给你一份Excel工时表，已转换为Markdown格式。你需要提取出表格中的按照项目做统计的工时汇总数据。将提取结果以JSON格式输出。以项目名称作为key为项目名称，value为包含加班和工时的字典。

markdown格式的表格中合并单元格表示法：
   - "^" 符号表示该单元格与上方单元格合并（纵向合并）
   - "<-" 符号表示该单元格与左侧单元格合并（横向合并）
   - "^<-" 符号表示该单元格同时与上方和左侧单元格合并（纵横合并）

你可以按照以下步骤进行分析：
1. 首先，定位表格中工时统计汇总数据，通常在表格的下方。
2. 读取工时统计汇总数据，包含项目名称、项目编号、加班、工时等。项目编号可能为空。
3. 整理所有数据，以JSON格式输。key为项目名称，value为包含加班`overtime_hours`和工时`total_hours`的字典。

注意：
1.直接返回结果，不要包含任何解释或说明。
2.输出结果必须严格按照无语法错误的JSON格式输出，不能有任何其他格式。

以JSON格式输出结果，示例输出如下：
示例1：
{"D11":{"overtime_hours":20,"total_hours":120}, "A12":{"overtime_hours":6,"total_hours":14}, "B13":{"overtime_hours":1,"total_hours":10}}
示例2：
{"D11":{"overtime_hours":20,"total_hours":120}, "A12":{"overtime_hours":6,"total_hours":14}}

2025-05-20 10:59:31,926 - INFO - user_prompt：## 工作表: 封华

| A | B | C | D | E | F | G | H | I | J | 
|  --- | --- | --- | --- | --- | --- | --- | --- | --- | --- |
| 重庆延锋安道拓 | <- | 上海睿励信息技术有限公司 工时记录表 | <- | <- | <- | <- | <- | <- | <- | 
| ^ | ^<- | 供应商 |  | <- | <- | <- | <- | <- | <- | 
| 工程师 | 封华 | <- | 负责人 |  | 电话 |  | <- | <- | <- | 
| 日期 | 项目名称 | 开始工作时间 | 工作结束时间 | 加班时间 | 总工作时间 | 备注 | <- | <- | <- | 
| 2025-04-01 | A66 | 09:00:00 | 17:30:00 | 0.0 | 8.0 | 前排坐垫硬泡方案数据 | <- | <- | <- | 
| 2025-04-02 | A66 | 09:00:00 | 17:30:00 | 0.0 | 8.0 | 前排坐垫硬泡方案数据 | <- | <- | <- | 
| 2025-04-03 | A66 | 09:00:00 | 17:30:00 | 0.0 | 8.0 | 前排坐垫硬泡方案数据 | <- | <- | <- | 
| 2025-04-04 |  |  |  |  |  |  | <- | <- | <- | 
| 2025-04-05 |  |  |  |  |  |  | <- | <- | <- | 
| 2025-04-06 |  |  |  |  |  |  | <- | <- | <- | 
| 2025-04-07 | A66 | 09:00:00 | 17:30:00 | 0.0 | 8.0 | 前排靠背坐垫，后排靠背坐垫设变修改 | <- | <- | <- | 
| 2025-04-08 | A66 | 09:00:00 | 17:30:00 | 0.0 | 8.0 | 前排坐垫图纸更新 | <- | <- | <- | 
| 2025-04-09 | A66 | 09:00:00 | 17:30:00 | 0.0 | 8.0 | 后排坐垫图纸更新 | <- | <- | <- | 
| 2025-04-10 | A66 | 09:00:00 | 17:30:00 | 0.0 | 8.0 | 前排坐垫图纸更新 | <- | <- | <- | 
| 2025-04-11 | A66 | 09:00:00 | 17:30:00 | 0.0 | 8.0 | 后排坐垫图纸更新 | <- | <- | <- | 
| 2025-04-12 |  |  |  |  |  |  | <- | <- | <- | 
| 2025-04-13 |  |  |  |  |  |  | <- | <- | <- | 
| 2025-04-14 | A66 | 09:00:00 | 17:30:00 | 0.0 | 8.0 | 前排坐垫B面数据 | <- | <- | <- | 
| 2025-04-15 | A66 | 09:00:00 | 17:30:00 | 0.0 | 8.0 | 前排坐垫B面数据 | <- | <- | <- | 
| 2025-04-16 | A66 | 09:00:00 | 17:30:00 | 0.0 | 8.0 | 前排坐垫B面数据 | <- | <- | <- | 
| 2025-04-17 | A66 | 09:00:00 | 17:30:00 | 0.0 | 8.0 | 前排副驾坐垫B面数据 | <- | <- | <- | 
| 2025-04-18 | A66 | 09:00:00 | 17:30:00 | 0.0 | 8.0 | 后排靠背B面数据 | <- | <- | <- | 
| 2025-04-19 |  |  |  |  |  |  | <- | <- | <- | 
| 2025-04-20 |  |  |  |  |  |  | <- | <- | <- | 
| 2025-04-21 | A66 | 09:00:00 | 17:30:00 | 0.0 | 8.0 | 前排坐垫数据 | <- | <- | <- | 
| 2025-04-22 | A66 | 09:00:00 | 17:30:00 |  | 8.0 | 前排坐垫数据 | <- | <- | <- | 
| 2025-04-23 | A66 | 09:00:00 | 17:30:00 | 0.0 | 8.0 | 前排坐垫数据 | <- | <- | <- | 
| 2025-04-24 | A66 | 09:00:00 | 17:30:00 | 0.0 | 8.0 | 前排靠背数据 | <- | <- | <- | 
| 2025-04-25 | A66 | 09:00:00 | 17:30:00 | 0.0 | 8.0 | 前排靠背数据 | <- | <- | <- | 
| 2025-04-26 |  |  |  |  |  |  | <- | <- | <- | 
| 2025-04-27 | A66 | 09:00:00 | 17:30:00 | 0.0 | 8.0 | 前排靠背数据 | <- | <- | <- | 
| 2025-04-28 | A66 | 09:00:00 | 17:30:00 | 0.0 | 8.0 | 前排靠背B面数据 | <- | <- | <- | 
| 2025-04-29 | A66 | 09:00:00 | 17:30:00 | 0.0 | 8.0 | 前排靠背B面数据 | <- | <- | <- | 
| 2025-04-30 |  |  |  |  |  |  | <- | <- | <- | 
|  |  |  |  |  |  |  | <- | <- | <- | 
| 工时统计 | 项目名称 | 项目编号 | 加班 | <- | 工时 | 项目工程师签字 | <- | <- | <- | 
| ^ | A66 |  | 0.0 | <- | 168.0 |  | <- | <- | <- | 
| ^ |  |  |  | <- |  |  | <- | <- | <- | 
| ^ |  |  |  | <- |  |  | <- | <- | <- | 
| ^ |  |  |  | <- |  |  | <- | <- | <- | 
| 总计工时 | 168.00 | <- | 经理签字： | <- | <- |  | <- | <- | <- | 


## 工作表: Sheet1

| A | B | C | D | E | F | 
|  --- | --- | --- | --- | --- | --- |
|  |  |  | 一年调整一次，请勿随意删除 | <- | <- | 
|  |  |  | 2025 | <- | <- | 
| 年 | 月 |  | 节假日 | 调休加班日 |  | 
| 1905-07-17 | 4 |  | 45658 | 45683 |  | 
|  |  |  | 45685 | 45696 |  | 
|  |  |  | 45686 | 45774 |  | 
|  |  |  | 45687 | 45928 |  | 
|  |  |  | 45688 | 45941 |  | 
|  |  |  | 45689 |  |  | 
|  |  |  | 45690 |  |  | 
|  |  |  | 45691 |  |  | 
|  |  |  | 45692 |  |  | 
|  |  |  | 45751 |  |  | 
|  |  |  | 45752 |  |  | 
|  |  |  | 45753 |  |  | 
|  |  |  | 45778 |  |  | 
|  |  |  | 45779 |  |  | 
|  |  |  | 45780 |  |  | 
|  |  |  | 45781 |  |  | 
|  |  |  | 45782 |  |  | 
|  |  |  | 45808 |  |  | 
|  |  |  | 45809 |  |  | 
|  |  |  | 45810 |  |  | 
|  |  |  | 45931 |  |  | 
|  |  |  | 45932 |  |  | 
|  |  |  | 45933 |  |  | 
|  |  |  | 45934 |  |  | 
|  |  |  | 45935 |  |  | 
|  |  |  | 45936 |  |  | 
|  |  |  | 45937 |  |  | 
|  |  |  | 45938 |  |  | 



2025-05-20 10:59:33,757 - INFO - 请求成功，状态码: 200
2025-05-20 10:59:33,758 - INFO - 模型返回：
{"A66":{"overtime_hours":0,"total_hours":168}}

2025-05-20 10:59:33,759 - INFO - 源数据表中的工时汇总数据：{'A66': {'overtime_hours': 0, 'total_hours': 168}}
2025-05-20 10:59:33,759 - INFO - 文件处理进度：5 / 10
2025-05-20 10:59:33,759 - INFO - 开始处理工时文件：D:/sotos工作资料/test/1\蔡明东工时表-重庆安道拓-2025年04月.xlsx
2025-05-20 10:59:33,955 - INFO - Excel表格提取文本：
## 工作表: 蔡明东

| A | B | C | D | E | F | G | H | I | J | 
|  --- | --- | --- | --- | --- | --- | --- | --- | --- | --- |
| 重庆延锋安道拓 | <- | 上海睿励信息技术有限公司 工时记录表 | <- | <- | <- | <- | <- | <- | <- | 
| ^ | ^<- | 供应商 |  | <- | <- | <- | <- | <- | <- | 
| 工程师 | 蔡明东 | <- | 负责人 | 龚文杰 | 电话 | 13399894288 | <- | <- | <- | 
| 日期 | 项目名称 | 开始工作时间 | 工作结束时间 | 加班时间 | 总工作时间 | 备注 | <- | <- | <- | 
| 2025-04-01 | FY25 seat | 08:30:00 | 18:00:00 | 1.0 | 9.0 | 座椅数据样件处理 | <- | <- | <- | 
| 2025-04-02 | FY25 seat | 08:30:00 | 18:00:00 | 1.0 | 9.0 | 座椅数据样件处理 | <- | <- | <- | 
| 2025-04-03 | FY25 seat | 08:30:00 | 17:00:00 | 0.0 | 8.0 | 座椅数据样件处理 | <- | <- | <- | 
| 2025-04-04 |  |  |  |  |  |  | <- | <- | <- | 
| 2025-04-05 |  |  |  |  |  |  | <- | <- | <- | 
| 2025-04-06 |  |  |  |  |  |  | <- | <- | <- | 
| 2025-04-07 | FY25 seat | 08:30:00 | 18:00:00 | 1.0 | 9.0 | 座椅数据样件处理 | <- | <- | <- | 
| 2025-04-08 | FY25 seat | 08:30:00 | 17:30:00 | 0.5 | 8.5 | 座椅数据样件处理 | <- | <- | <- | 
| 2025-04-09 | FY25 seat | 08:30:00 | 18:30:00 | 1.5 | 9.5 | 座椅数据样件处理 | <- | <- | <- | 
| 2025-04-10 | FY25 seat | 08:30:00 | 18:00:00 | 1.0 | 9.0 | 座椅数据样件处理 | <- | <- | <- | 
| 2025-04-11 | FY25 seat | 08:30:00 | 18:30:00 | 1.5 | 9.5 | 座椅数据样件处理 | <- | <- | <- | 
| 2025-04-12 |  |  |  |  |  |  | <- | <- | <- | 
| 2025-04-13 |  |  |  |  |  |  | <- | <- | <- | 
| 2025-04-14 | FY25 seat | 08:30:00 | 18:00:00 | 1.0 | 9.0 | 座椅数据样件处理 | <- | <- | <- | 
| 2025-04-15 | FY25 seat | 08:30:00 | 19:00:00 | 2.0 | 10.0 | 座椅数据样件处理 | <- | <- | <- | 
| 2025-04-16 | FY25 seat | 08:30:00 | 19:00:00 | 2.0 | 10.0 | 座椅数据样件处理 | <- | <- | <- | 
| 2025-04-17 | FY25 seat | 08:30:00 | 18:00:00 | 1.0 | 9.0 | 座椅数据样件处理 | <- | <- | <- | 
| 2025-04-18 | FY25 seat | 08:30:00 | 17:00:00 | 0.0 | 8.0 | 座椅数据样件处理 | <- | <- | <- | 
| 2025-04-19 |  |  |  |  |  |  | <- | <- | <- | 
| 2025-04-20 |  |  |  |  |  |  | <- | <- | <- | 
| 2025-04-21 | FY25 seat | 08:30:00 | 19:00:00 | 2.0 | 10.0 | 座椅数据样件处理 | <- | <- | <- | 
| 2025-04-22 | FY25 seat | 08:30:00 | 19:00:00 | 2.0 | 10.0 | 座椅数据样件处理 | <- | <- | <- | 
| 2025-04-23 | FY25 seat | 08:30:00 | 18:00:00 | 1.0 | 9.0 | 座椅数据样件处理 | <- | <- | <- | 
| 2025-04-24 | FY25 seat | 08:30:00 | 18:00:00 | 1.0 | 9.0 | 座椅数据样件处理 | <- | <- | <- | 
| 2025-04-25 | FY25 seat | 08:30:00 | 18:00:00 | 1.0 | 9.0 | 座椅数据样件处理 | <- | <- | <- | 
| 2025-04-26 |  |  |  |  |  |  | <- | <- | <- | 
| 2025-04-27 | FY25 seat | 08:30:00 | 17:30:00 | 0.5 | 8.5 | 座椅数据样件处理 | <- | <- | <- | 
| 2025-04-28 | FY25 seat | 08:30:00 | 21:00:00 | 4.0 | 12.0 | 座椅数据样件处理 | <- | <- | <- | 
| 2025-04-29 | FY25 seat | 08:30:00 | 21:00:00 | 4.0 | 12.0 | 座椅数据样件处理 | <- | <- | <- | 
| 2025-04-30 | FY25 seat | 08:30:00 | 17:00:00 | 0.0 | 8.0 | 座椅数据样件处理 | <- | <- | <- | 
| 工时统计 | 项目名称 | 项目编号 | 加班 | <- | 工时 | 项目工程师签字 | <- | <- | <- | 
| ^ | FY25 seat | / | 29.0 | <- | 205.0 |  | <- | <- | <- | 
| ^ |  |  |  | <- |  |  | <- | <- | <- | 
| ^ |  |  |  | <- |  |  | <- | <- | <- | 
| ^ |  |  |  | <- |  |  | <- | <- | <- | 
| 总计工时 | 205.00 | <- | 经理签字： | <- | <- |  | <- | <- | <- | 


## 工作表: Sheet1

| A | B | C | D | E | F | 
|  --- | --- | --- | --- | --- | --- |
|  |  |  | 一年调整一次，请勿随意删除 | <- | <- | 
|  |  |  | 2025 | <- | <- | 
| 年 | 月 |  | 节假日 | 调休加班日 |  | 
| 1905-07-17 | 4 |  | 45658 | 45683 |  | 
|  |  |  | 45685 | 45696 |  | 
|  |  |  | 45686 | 45774 |  | 
|  |  |  | 45687 | 45928 |  | 
|  |  |  | 45688 | 45941 |  | 
|  |  |  | 45689 |  |  | 
|  |  |  | 45690 |  |  | 
|  |  |  | 45691 |  |  | 
|  |  |  | 45692 |  |  | 
|  |  |  | 45751 |  |  | 
|  |  |  | 45752 |  |  | 
|  |  |  | 45753 |  |  | 
|  |  |  | 45778 |  |  | 
|  |  |  | 45779 |  |  | 
|  |  |  | 45780 |  |  | 
|  |  |  | 45781 |  |  | 
|  |  |  | 45782 |  |  | 
|  |  |  | 45808 |  |  | 
|  |  |  | 45809 |  |  | 
|  |  |  | 45810 |  |  | 
|  |  |  | 45931 |  |  | 
|  |  |  | 45932 |  |  | 
|  |  |  | 45933 |  |  | 
|  |  |  | 45934 |  |  | 
|  |  |  | 45935 |  |  | 
|  |  |  | 45936 |  |  | 
|  |  |  | 45937 |  |  | 
|  |  |  | 45938 |  |  | 



2025-05-20 10:59:33,970 - INFO - 从表格文本中，提取员工姓名和公司名称...
2025-05-20 10:59:33,970 - INFO - 发送请求到模型API...
2025-05-20 10:59:33,971 - INFO - system_prompt：
你是一个专业的表格信息提取助手。用户会提供给你一份Excel工时表，已转换为Markdown格式。你需要提取出表格包含的员工姓名`employee_name`和公司名称`company_name`。以JSON格式输出结果，包含`employee_name`和`company_name`两个字段。如果无法提取到员工姓名和公司名称，请返回空字符串。

markdown格式的表格中合并单元格表示法：
   - "^" 符号表示该单元格与上方单元格合并（纵向合并）
   - "<-" 符号表示该单元格与左侧单元格合并（横向合并）
   - "^<-" 符号表示该单元格同时与上方和左侧单元格合并（纵横合并）

比如：{"employee_name":"张三", "company_name":"XXX公司"}
注意：直接返回结果，不要包含任何解释或说明。

2025-05-20 10:59:33,973 - INFO - user_prompt：## 工作表: 蔡明东

| A | B | C | D | E | F | G | H | I | J | 
|  --- | --- | --- | --- | --- | --- | --- | --- | --- | --- |
| 重庆延锋安道拓 | <- | 上海睿励信息技术有限公司 工时记录表 | <- | <- | <- | <- | <- | <- | <- | 
| ^ | ^<- | 供应商 |  | <- | <- | <- | <- | <- | <- | 
| 工程师 | 蔡明东 | <- | 负责人 | 龚文杰 | 电话 | 13399894288 | <- | <- | <- | 
| 日期 | 项目名称 | 开始工作时间 | 工作结束时间 | 加班时间 | 总工作时间 | 备注 | <- | <- | <- | 
| 2025-04-01 | FY25 seat | 08:30:00 | 18:00:00 | 1.0 | 9.0 | 座椅数据样件处理 | <- | <- | <- | 
| 2025-04-02 | FY25 seat | 08:30:00 | 18:00:00 | 1.0 | 9.0 | 座椅数据样件处理 | <- | <- | <- | 
| 2025-04-03 | FY25 seat | 08:30:00 | 17:00:00 | 0.0 | 8.0 | 座椅数据样件处理 | <- | <- | <- | 
| 2025-04-04 |  |  |  |  |  |  | <- | <- | <- | 
| 2025-04-05 |  |  |  |  |  |  | <- | <- | <- | 
| 2025-04-06 |  |  |  |  |  |  | <- | <- | <- | 
| 2025-04-07 | FY25 seat | 08:30:00 | 18:00:00 | 1.0 | 9.0 | 座椅数据样件处理 | <- | <- | <- | 
| 2025-04-08 | FY25 seat | 08:30:00 | 17:30:00 | 0.5 | 8.5 | 座椅数据样件处理 | <- | <- | <- | 
| 2025-04-09 | FY25 seat | 08:30:00 | 18:30:00 | 1.5 | 9.5 | 座椅数据样件处理 | <- | <- | <- | 
| 2025-04-10 | FY25 seat | 08:30:00 | 18:00:00 | 1.0 | 9.0 | 座椅数据样件处理 | <- | <- | <- | 
| 2025-04-11 | FY25 seat | 08:30:00 | 18:30:00 | 1.5 | 9.5 | 座椅数据样件处理 | <- | <- | <- | 
| 2025-04-12 |  |  |  |  |  |  | <- | <- | <- | 
| 2025-04-13 |  |  |  |  |  |  | <- | <- | <- | 
| 2025-04-14 | FY25 seat | 08:30:00 | 18:00:00 | 1.0 | 9.0 | 座椅数据样件处理 | <- | <- | <- | 
| 2025-04-15 | FY25 seat | 08:30:00 | 19:00:00 | 2.0 | 10.0 | 座椅数据样件处理 | <- | <- | <- | 
| 2025-04-16 | FY25 seat | 08:30:00 | 19:00:00 | 2.0 | 10.0 | 座椅数据样件处理 | <- | <- | <- | 
| 2025-04-17 | FY25 seat | 08:30:00 | 18:00:00 | 1.0 | 9.0 | 座椅数据样件处理 | <- | <- | <- | 
| 2025-04-18 | FY25 seat | 08:30:00 | 17:00:00 | 0.0 | 8.0 | 座椅数据样件处理 | <- | <- | <- | 
| 2025-04-19 |  |  |  |  |  |  | <- | <- | <- | 
| 2025-04-20 |  |  |  |  |  |  | <- | <- | <- | 
| 2025-04-21 | FY25 seat | 08:30:00 | 19:00:00 | 2.0 | 10.0 | 座椅数据样件处理 | <- | <- | <- | 
| 2025-04-22 | FY25 seat | 08:30:00 | 19:00:00 | 2.0 | 10.0 | 座椅数据样件处理 | <- | <- | <- | 
| 2025-04-23 | FY25 seat | 08:30:00 | 18:00:00 | 1.0 | 9.0 | 座椅数据样件处理 | <- | <- | <- | 
| 2025-04-24 | FY25 seat | 08:30:00 | 18:00:00 | 1.0 | 9.0 | 座椅数据样件处理 | <- | <- | <- | 
| 2025-04-25 | FY25 seat | 08:30:00 | 18:00:00 | 1.0 | 9.0 | 座椅数据样件处理 | <- | <- | <- | 
| 2025-04-26 |  |  |  |  |  |  | <- | <- | <- | 
| 2025-04-27 | FY25 seat | 08:30:00 | 17:30:00 | 0.5 | 8.5 | 座椅数据样件处理 | <- | <- | <- | 
| 2025-04-28 | FY25 seat | 08:30:00 | 21:00:00 | 4.0 | 12.0 | 座椅数据样件处理 | <- | <- | <- | 
| 2025-04-29 | FY25 seat | 08:30:00 | 21:00:00 | 4.0 | 12.0 | 座椅数据样件处理 | <- | <- | <- | 
| 2025-04-30 | FY25 seat | 08:30:00 | 17:00:00 | 0.0 | 8.0 | 座椅数据样件处理 | <- | <- | <- | 
| 工时统计 | 项目名称 | 项目编号 | 加班 | <- | 工时 | 项目工程师签字 | <- | <- | <- | 
| ^ | FY25 seat | / | 29.0 | <- | 205.0 |  | <- | <- | <- | 
| ^ |  |  |  | <- |  |  | <- | <- | <- | 
| ^ |  |  |  | <- |  |  | <- | <- | <- | 
| ^ |  |  |  | <- |  |  | <- | <- | <- | 
| 总计工时 | 205.00 | <- | 经理签字： | <- | <- |  | <- | <- | <- | 


## 工作表: Sheet1

| A | B | C | D | E | F | 
|  --- | --- | --- | --- | --- | --- |
|  |  |  | 一年调整一次，请勿随意删除 | <- | <- | 
|  |  |  | 2025 | <- | <- | 
| 年 | 月 |  | 节假日 | 调休加班日 |  | 
| 1905-07-17 | 4 |  | 45658 | 45683 |  | 
|  |  |  | 45685 | 45696 |  | 
|  |  |  | 45686 | 45774 |  | 
|  |  |  | 45687 | 45928 |  | 
|  |  |  | 45688 | 45941 |  | 
|  |  |  | 45689 |  |  | 
|  |  |  | 45690 |  |  | 
|  |  |  | 45691 |  |  | 
|  |  |  | 45692 |  |  | 
|  |  |  | 45751 |  |  | 
|  |  |  | 45752 |  |  | 
|  |  |  | 45753 |  |  | 
|  |  |  | 45778 |  |  | 
|  |  |  | 45779 |  |  | 
|  |  |  | 45780 |  |  | 
|  |  |  | 45781 |  |  | 
|  |  |  | 45782 |  |  | 
|  |  |  | 45808 |  |  | 
|  |  |  | 45809 |  |  | 
|  |  |  | 45810 |  |  | 
|  |  |  | 45931 |  |  | 
|  |  |  | 45932 |  |  | 
|  |  |  | 45933 |  |  | 
|  |  |  | 45934 |  |  | 
|  |  |  | 45935 |  |  | 
|  |  |  | 45936 |  |  | 
|  |  |  | 45937 |  |  | 
|  |  |  | 45938 |  |  | 



2025-05-20 10:59:35,878 - INFO - 请求成功，状态码: 200
2025-05-20 10:59:35,879 - INFO - 模型返回：{"employee_name":"蔡明东", "company_name":"重庆延锋安道拓"}

2025-05-20 10:59:35,880 - INFO - 解析模型返回：
 - 员工姓名：蔡明东,  - 公司名称：重庆延锋安道拓
2025-05-20 10:59:35,880 - INFO - 

从表格文本中，提取汇总数据...
2025-05-20 10:59:35,881 - INFO - 发送请求到模型API...
2025-05-20 10:59:35,881 - INFO - system_prompt：
你是一个专业的工时数据提取助手。用户会提供给你一份Excel工时表，已转换为Markdown格式。你需要提取出表格中的按照项目做统计的工时汇总数据。将提取结果以JSON格式输出。以项目名称作为key为项目名称，value为包含加班和工时的字典。

markdown格式的表格中合并单元格表示法：
   - "^" 符号表示该单元格与上方单元格合并（纵向合并）
   - "<-" 符号表示该单元格与左侧单元格合并（横向合并）
   - "^<-" 符号表示该单元格同时与上方和左侧单元格合并（纵横合并）

你可以按照以下步骤进行分析：
1. 首先，定位表格中工时统计汇总数据，通常在表格的下方。
2. 读取工时统计汇总数据，包含项目名称、项目编号、加班、工时等。项目编号可能为空。
3. 整理所有数据，以JSON格式输。key为项目名称，value为包含加班`overtime_hours`和工时`total_hours`的字典。

注意：
1.直接返回结果，不要包含任何解释或说明。
2.输出结果必须严格按照无语法错误的JSON格式输出，不能有任何其他格式。

以JSON格式输出结果，示例输出如下：
示例1：
{"D11":{"overtime_hours":20,"total_hours":120}, "A12":{"overtime_hours":6,"total_hours":14}, "B13":{"overtime_hours":1,"total_hours":10}}
示例2：
{"D11":{"overtime_hours":20,"total_hours":120}, "A12":{"overtime_hours":6,"total_hours":14}}

2025-05-20 10:59:35,885 - INFO - user_prompt：## 工作表: 蔡明东

| A | B | C | D | E | F | G | H | I | J | 
|  --- | --- | --- | --- | --- | --- | --- | --- | --- | --- |
| 重庆延锋安道拓 | <- | 上海睿励信息技术有限公司 工时记录表 | <- | <- | <- | <- | <- | <- | <- | 
| ^ | ^<- | 供应商 |  | <- | <- | <- | <- | <- | <- | 
| 工程师 | 蔡明东 | <- | 负责人 | 龚文杰 | 电话 | 13399894288 | <- | <- | <- | 
| 日期 | 项目名称 | 开始工作时间 | 工作结束时间 | 加班时间 | 总工作时间 | 备注 | <- | <- | <- | 
| 2025-04-01 | FY25 seat | 08:30:00 | 18:00:00 | 1.0 | 9.0 | 座椅数据样件处理 | <- | <- | <- | 
| 2025-04-02 | FY25 seat | 08:30:00 | 18:00:00 | 1.0 | 9.0 | 座椅数据样件处理 | <- | <- | <- | 
| 2025-04-03 | FY25 seat | 08:30:00 | 17:00:00 | 0.0 | 8.0 | 座椅数据样件处理 | <- | <- | <- | 
| 2025-04-04 |  |  |  |  |  |  | <- | <- | <- | 
| 2025-04-05 |  |  |  |  |  |  | <- | <- | <- | 
| 2025-04-06 |  |  |  |  |  |  | <- | <- | <- | 
| 2025-04-07 | FY25 seat | 08:30:00 | 18:00:00 | 1.0 | 9.0 | 座椅数据样件处理 | <- | <- | <- | 
| 2025-04-08 | FY25 seat | 08:30:00 | 17:30:00 | 0.5 | 8.5 | 座椅数据样件处理 | <- | <- | <- | 
| 2025-04-09 | FY25 seat | 08:30:00 | 18:30:00 | 1.5 | 9.5 | 座椅数据样件处理 | <- | <- | <- | 
| 2025-04-10 | FY25 seat | 08:30:00 | 18:00:00 | 1.0 | 9.0 | 座椅数据样件处理 | <- | <- | <- | 
| 2025-04-11 | FY25 seat | 08:30:00 | 18:30:00 | 1.5 | 9.5 | 座椅数据样件处理 | <- | <- | <- | 
| 2025-04-12 |  |  |  |  |  |  | <- | <- | <- | 
| 2025-04-13 |  |  |  |  |  |  | <- | <- | <- | 
| 2025-04-14 | FY25 seat | 08:30:00 | 18:00:00 | 1.0 | 9.0 | 座椅数据样件处理 | <- | <- | <- | 
| 2025-04-15 | FY25 seat | 08:30:00 | 19:00:00 | 2.0 | 10.0 | 座椅数据样件处理 | <- | <- | <- | 
| 2025-04-16 | FY25 seat | 08:30:00 | 19:00:00 | 2.0 | 10.0 | 座椅数据样件处理 | <- | <- | <- | 
| 2025-04-17 | FY25 seat | 08:30:00 | 18:00:00 | 1.0 | 9.0 | 座椅数据样件处理 | <- | <- | <- | 
| 2025-04-18 | FY25 seat | 08:30:00 | 17:00:00 | 0.0 | 8.0 | 座椅数据样件处理 | <- | <- | <- | 
| 2025-04-19 |  |  |  |  |  |  | <- | <- | <- | 
| 2025-04-20 |  |  |  |  |  |  | <- | <- | <- | 
| 2025-04-21 | FY25 seat | 08:30:00 | 19:00:00 | 2.0 | 10.0 | 座椅数据样件处理 | <- | <- | <- | 
| 2025-04-22 | FY25 seat | 08:30:00 | 19:00:00 | 2.0 | 10.0 | 座椅数据样件处理 | <- | <- | <- | 
| 2025-04-23 | FY25 seat | 08:30:00 | 18:00:00 | 1.0 | 9.0 | 座椅数据样件处理 | <- | <- | <- | 
| 2025-04-24 | FY25 seat | 08:30:00 | 18:00:00 | 1.0 | 9.0 | 座椅数据样件处理 | <- | <- | <- | 
| 2025-04-25 | FY25 seat | 08:30:00 | 18:00:00 | 1.0 | 9.0 | 座椅数据样件处理 | <- | <- | <- | 
| 2025-04-26 |  |  |  |  |  |  | <- | <- | <- | 
| 2025-04-27 | FY25 seat | 08:30:00 | 17:30:00 | 0.5 | 8.5 | 座椅数据样件处理 | <- | <- | <- | 
| 2025-04-28 | FY25 seat | 08:30:00 | 21:00:00 | 4.0 | 12.0 | 座椅数据样件处理 | <- | <- | <- | 
| 2025-04-29 | FY25 seat | 08:30:00 | 21:00:00 | 4.0 | 12.0 | 座椅数据样件处理 | <- | <- | <- | 
| 2025-04-30 | FY25 seat | 08:30:00 | 17:00:00 | 0.0 | 8.0 | 座椅数据样件处理 | <- | <- | <- | 
| 工时统计 | 项目名称 | 项目编号 | 加班 | <- | 工时 | 项目工程师签字 | <- | <- | <- | 
| ^ | FY25 seat | / | 29.0 | <- | 205.0 |  | <- | <- | <- | 
| ^ |  |  |  | <- |  |  | <- | <- | <- | 
| ^ |  |  |  | <- |  |  | <- | <- | <- | 
| ^ |  |  |  | <- |  |  | <- | <- | <- | 
| 总计工时 | 205.00 | <- | 经理签字： | <- | <- |  | <- | <- | <- | 


## 工作表: Sheet1

| A | B | C | D | E | F | 
|  --- | --- | --- | --- | --- | --- |
|  |  |  | 一年调整一次，请勿随意删除 | <- | <- | 
|  |  |  | 2025 | <- | <- | 
| 年 | 月 |  | 节假日 | 调休加班日 |  | 
| 1905-07-17 | 4 |  | 45658 | 45683 |  | 
|  |  |  | 45685 | 45696 |  | 
|  |  |  | 45686 | 45774 |  | 
|  |  |  | 45687 | 45928 |  | 
|  |  |  | 45688 | 45941 |  | 
|  |  |  | 45689 |  |  | 
|  |  |  | 45690 |  |  | 
|  |  |  | 45691 |  |  | 
|  |  |  | 45692 |  |  | 
|  |  |  | 45751 |  |  | 
|  |  |  | 45752 |  |  | 
|  |  |  | 45753 |  |  | 
|  |  |  | 45778 |  |  | 
|  |  |  | 45779 |  |  | 
|  |  |  | 45780 |  |  | 
|  |  |  | 45781 |  |  | 
|  |  |  | 45782 |  |  | 
|  |  |  | 45808 |  |  | 
|  |  |  | 45809 |  |  | 
|  |  |  | 45810 |  |  | 
|  |  |  | 45931 |  |  | 
|  |  |  | 45932 |  |  | 
|  |  |  | 45933 |  |  | 
|  |  |  | 45934 |  |  | 
|  |  |  | 45935 |  |  | 
|  |  |  | 45936 |  |  | 
|  |  |  | 45937 |  |  | 
|  |  |  | 45938 |  |  | 



2025-05-20 10:59:38,927 - INFO - 请求成功，状态码: 200
2025-05-20 10:59:38,928 - INFO - 模型返回：
{"FY25 seat":{"overtime_hours":29.0,"total_hours":205.0}}

2025-05-20 10:59:38,929 - INFO - 源数据表中的工时汇总数据：{'FY25 seat': {'overtime_hours': 29.0, 'total_hours': 205.0}}
2025-05-20 10:59:38,929 - INFO - 文件处理进度：6 / 10
2025-05-20 10:59:38,930 - INFO - 开始处理工时文件：D:/sotos工作资料/test/1\蔡爽工时表-重庆安道拓-2025年04月.xlsx
2025-05-20 10:59:39,125 - INFO - Excel表格提取文本：
## 工作表: 蔡爽

| A | B | C | D | E | F | G | H | I | J | K | L | M | N | O | P | Q | R | S | T | 
|  --- | --- | --- | --- | --- | --- | --- | --- | --- | --- | --- | --- | --- | --- | --- | --- | --- | --- | --- | --- |
| 重庆延锋安道拓 | <- | 上海睿励信息技术有限公司 工时记录表 | <- | <- | <- | <- | <- | <- | <- |  |  |  |  |  |  |  |  |  |  | 
| ^ | ^<- | 供应商 |  | <- | <- | <- | <- | <- | <- |  |  |  |  |  |  |  |  |  |  | 
| 工程师 | 蔡爽 | <- | 负责人 | 向阳 | 电话 | 15123462783 | <- | <- | <- |  |  |  |  |  |  |  |  |  |  | 
| 日期 | 项目名称 | 开始工作时间 | 工作结束时间 | 加班时间 | 总工作时间 | 备注 | <- | <- | <- |  |  |  |  |  |  |  |  |  |  | 
| 2025-04-01 | 660B | 08:30:00 | 20:00:00 | 3.0 | 11.0 | V540 数据图纸设变 | <- | <- | <- |  |  |  |  |  |  |  |  |  |  | 
| 2025-04-02 | 660B | 08:30:00 | 20:00:00 | 3.0 | 11.0 | V540 数据图纸设变 | <- | <- | <- |  |  |  |  |  |  |  |  |  |  | 
| 2025-04-03 | 660B | 08:30:00 | 20:00:00 | 3.0 | 11.0 | V540 数据图纸设变 | <- | <- | <- |  |  |  |  |  |  |  |  |  |  | 
| 2025-04-04 |  |  |  |  |  |  | <- | <- | <- |  |  |  |  |  |  |  |  |  |  | 
| 2025-04-05 |  |  |  |  |  |  | <- | <- | <- |  |  |  |  |  |  |  |  |  |  | 
| 2025-04-06 |  |  |  |  |  |  | <- | <- | <- |  |  |  |  |  |  |  |  |  |  | 
| 2025-04-07 | 660B | 08:30:00 | 20:00:00 | 3.0 | 11.0 | V540 数据图纸设变 | <- | <- | <- |  |  |  |  |  |  |  |  |  |  | 
| 2025-04-08 | 660B | 08:30:00 | 20:30:00 | 3.5 | 11.5 | V540 数据图纸设变 | <- | <- | <- |  |  |  |  |  |  |  |  |  |  | 
| 2025-04-09 | 660B | 08:30:00 | 20:00:00 | 3.0 | 11.0 | V540 数据图纸设变 | <- | <- | <- |  |  |  |  |  |  |  |  |  |             | 
| 2025-04-10 | 660B | 08:30:00 | 20:00:00 | 3.0 | 11.0 | V540 数据图纸设变 | <- | <- | <- |  |  |  |  |  |  |  |  |  |  | 
| 2025-04-11 | 660B | 08:30:00 | 20:00:00 | 3.0 | 11.0 | V540 数据图纸设变 | <- | <- | <- |  |  |  |  |  |  |  |  |  |  | 
| 2025-04-12 |  |  |  |  |  |  | <- | <- | <- |  |  |  |  |  |  |  |  |  |  | 
| 2025-04-13 |  |  |  |  |  |  | <- | <- | <- |  |  |  |  |  |  |  |  |  |  | 
| 2025-04-14 | 660B | 08:30:00 | 20:00:00 | 3.0 | 11.0 | EF2H 3D数据 | <- | <- | <- |  |  |  |  |  |  |  |  |  |  | 
| 2025-04-15 | 660B | 08:30:00 | 20:00:00 | 3.0 | 11.0 | EF2H 3D数据 | <- | <- | <- |  |  |  |  |  |  |  |  |  |  | 
| 2025-04-16 | 660B | 08:30:00 | 20:00:00 | 3.0 | 11.0 | EF2H 3D数据 | <- | <- | <- |  |  |  |  |  |  |  |  |  |  | 
| 2025-04-17 | 660B | 08:30:00 | 20:00:00 | 3.0 | 11.0 | EF2H 3D数据 | <- | <- | <- |  |  |  |  |  |  |  |  |  |  | 
| 2025-04-18 | 660B | 08:30:00 | 20:00:00 | 3.0 | 11.0 | EF2H 3D数据 | <- | <- | <- |  |  |  |  |  |  |  |  |  |  | 
| 2025-04-19 |  |  |  |  |  |  | <- | <- | <- |  |  |  |  |  |  |  |  |  |  | 
| 2025-04-20 |  |  |  |  |  |  | <- | <- | <- |  |  |  |  |  |  |  |  |  |  | 
| 2025-04-21 | 660B | 08:30:00 | 20:00:00 | 3.0 | 11.0 | EF2H 3D数据 | <- | <- | <- |  |  |  |  |  |  |  |  |  |  | 
| 2025-04-22 | 660B | 08:30:00 | 20:00:00 | 3.0 | 11.0 | EF2H 3D数据 | <- | <- | <- |  |  |  |  |  |  |  |  |  |  | 
| 2025-04-23 | 660B | 08:30:00 | 20:00:00 | 3.0 | 11.0 | EF2H 3D数据 | <- | <- | <- |  |  |  |  |  |  |  |  |  |  | 
| 2025-04-24 | 660B | 08:30:00 | 20:00:00 | 3.0 | 11.0 | A66数据图纸设变 | <- | <- | <- |  |  |  |  |  |  |  |  |  |  | 
| 2025-04-25 | 660B | 08:30:00 | 20:00:00 | 3.0 | 11.0 | A66数据图纸设变 | <- | <- | <- |  |  |  |  |  |  |  |  |  |  | 
| 2025-04-26 |  |  |  |  |  |  | <- | <- | <- |  |  |  |  |  |  |  |  |  |  | 
| 2025-04-27 | 660B | 08:30:00 | 20:00:00 | 3.0 | 11.0 | A65数据图纸设变 | <- | <- | <- |  |  |  |  |  |  |  |  |  |  | 
| 2025-04-28 | 660B | 08:30:00 | 20:00:00 | 3.0 | 11.0 | A66数据图纸设变 | <- | <- | <- |  |  |  |  |  |  |  |  |  |  | 
| 2025-04-29 | 660B | 08:30:00 | 20:00:00 | 3.0 | 11.0 | A66数据图纸设变 | <- | <- | <- |  |  |  |  |  |  |  |  |  |  | 
| 2025-04-30 | 660B | 08:30:00 | 17:30:00 | 0.5 | 8.5 | A66数据图纸设变 | <- | <- | <- |  |  |  |  |  |  |  |  |  |  | 
| 2025-05-01 |  |  |  |  |  |  | <- | <- | <- |  |  |  |  |  |  |  |  |  |  | 
| 2025-05-02 |  |  |  |  |  |  | <- | <- | <- |  |  |  |  |  |  |  |  |  |  | 
| 工时统计 | 项目名称 | 项目编号 | 加班 | <- | 工时 | 项目工程师签字 | <- | <- | <- |  |  |  |  |  |  |  |  |  |  | 
| ^ | 660B |  | 64.0 | <- | 240.0 |  | <- | <- | <- |  |  |  |  |  |  |  |  |  |  | 
| ^ |  |  |  | <- |  |  | <- | <- | <- |  |  |  |  |  |  |  |  |  |  | 
| ^ |  |  |  | <- |  |  | <- | <- | <- |  |  |  |  |  |  |  |  |  |  | 
| ^ |  |  |  | <- |  |  | <- | <- | <- |  |  |  |  |  |  |  |  |  |  | 
| 总计工时 | 240.00 | <- | 经理签字： | <- | <- |  | <- | <- | <- |  |  |  |  |  |  |  |  |  |  | 


## 工作表: Sheet1

| A | B | C | D | E | F | 
|  --- | --- | --- | --- | --- | --- |
|  |  |  | 一年调整一次，请勿随意删除 | <- | <- | 
|  |  |  | 2025 | <- | <- | 
| 年 | 月 |  | 节假日 | 调休加班日 |  | 
| 1905-07-17 | 4 |  | 45658 | 45683 |  | 
|  |  |  | 45685 | 45696 |  | 
|  |  |  | 45686 | 45774 |  | 
|  |  |  | 45687 | 45928 |  | 
|  |  |  | 45688 | 45941 |  | 
|  |  |  | 45689 |  |  | 
|  |  |  | 45690 |  |  | 
|  |  |  | 45691 |  |  | 
|  |  |  | 45692 |  |  | 
|  |  |  | 45751 |  |  | 
|  |  |  | 45752 |  |  | 
|  |  |  | 45753 |  |  | 
|  |  |  | 45778 |  |  | 
|  |  |  | 45779 |  |  | 
|  |  |  | 45780 |  |  | 
|  |  |  | 45781 |  |  | 
|  |  |  | 45782 |  |  | 
|  |  |  | 45808 |  |  | 
|  |  |  | 45809 |  |  | 
|  |  |  | 45810 |  |  | 
|  |  |  | 45931 |  |  | 
|  |  |  | 45932 |  |  | 
|  |  |  | 45933 |  |  | 
|  |  |  | 45934 |  |  | 
|  |  |  | 45935 |  |  | 
|  |  |  | 45936 |  |  | 
|  |  |  | 45937 |  |  | 
|  |  |  | 45938 |  |  | 



2025-05-20 10:59:39,138 - INFO - 从表格文本中，提取员工姓名和公司名称...
2025-05-20 10:59:39,138 - INFO - 发送请求到模型API...
2025-05-20 10:59:39,138 - INFO - system_prompt：
你是一个专业的表格信息提取助手。用户会提供给你一份Excel工时表，已转换为Markdown格式。你需要提取出表格包含的员工姓名`employee_name`和公司名称`company_name`。以JSON格式输出结果，包含`employee_name`和`company_name`两个字段。如果无法提取到员工姓名和公司名称，请返回空字符串。

markdown格式的表格中合并单元格表示法：
   - "^" 符号表示该单元格与上方单元格合并（纵向合并）
   - "<-" 符号表示该单元格与左侧单元格合并（横向合并）
   - "^<-" 符号表示该单元格同时与上方和左侧单元格合并（纵横合并）

比如：{"employee_name":"张三", "company_name":"XXX公司"}
注意：直接返回结果，不要包含任何解释或说明。

2025-05-20 10:59:39,141 - INFO - user_prompt：## 工作表: 蔡爽

| A | B | C | D | E | F | G | H | I | J | K | L | M | N | O | P | Q | R | S | T | 
|  --- | --- | --- | --- | --- | --- | --- | --- | --- | --- | --- | --- | --- | --- | --- | --- | --- | --- | --- | --- |
| 重庆延锋安道拓 | <- | 上海睿励信息技术有限公司 工时记录表 | <- | <- | <- | <- | <- | <- | <- |  |  |  |  |  |  |  |  |  |  | 
| ^ | ^<- | 供应商 |  | <- | <- | <- | <- | <- | <- |  |  |  |  |  |  |  |  |  |  | 
| 工程师 | 蔡爽 | <- | 负责人 | 向阳 | 电话 | 15123462783 | <- | <- | <- |  |  |  |  |  |  |  |  |  |  | 
| 日期 | 项目名称 | 开始工作时间 | 工作结束时间 | 加班时间 | 总工作时间 | 备注 | <- | <- | <- |  |  |  |  |  |  |  |  |  |  | 
| 2025-04-01 | 660B | 08:30:00 | 20:00:00 | 3.0 | 11.0 | V540 数据图纸设变 | <- | <- | <- |  |  |  |  |  |  |  |  |  |  | 
| 2025-04-02 | 660B | 08:30:00 | 20:00:00 | 3.0 | 11.0 | V540 数据图纸设变 | <- | <- | <- |  |  |  |  |  |  |  |  |  |  | 
| 2025-04-03 | 660B | 08:30:00 | 20:00:00 | 3.0 | 11.0 | V540 数据图纸设变 | <- | <- | <- |  |  |  |  |  |  |  |  |  |  | 
| 2025-04-04 |  |  |  |  |  |  | <- | <- | <- |  |  |  |  |  |  |  |  |  |  | 
| 2025-04-05 |  |  |  |  |  |  | <- | <- | <- |  |  |  |  |  |  |  |  |  |  | 
| 2025-04-06 |  |  |  |  |  |  | <- | <- | <- |  |  |  |  |  |  |  |  |  |  | 
| 2025-04-07 | 660B | 08:30:00 | 20:00:00 | 3.0 | 11.0 | V540 数据图纸设变 | <- | <- | <- |  |  |  |  |  |  |  |  |  |  | 
| 2025-04-08 | 660B | 08:30:00 | 20:30:00 | 3.5 | 11.5 | V540 数据图纸设变 | <- | <- | <- |  |  |  |  |  |  |  |  |  |  | 
| 2025-04-09 | 660B | 08:30:00 | 20:00:00 | 3.0 | 11.0 | V540 数据图纸设变 | <- | <- | <- |  |  |  |  |  |  |  |  |  |             | 
| 2025-04-10 | 660B | 08:30:00 | 20:00:00 | 3.0 | 11.0 | V540 数据图纸设变 | <- | <- | <- |  |  |  |  |  |  |  |  |  |  | 
| 2025-04-11 | 660B | 08:30:00 | 20:00:00 | 3.0 | 11.0 | V540 数据图纸设变 | <- | <- | <- |  |  |  |  |  |  |  |  |  |  | 
| 2025-04-12 |  |  |  |  |  |  | <- | <- | <- |  |  |  |  |  |  |  |  |  |  | 
| 2025-04-13 |  |  |  |  |  |  | <- | <- | <- |  |  |  |  |  |  |  |  |  |  | 
| 2025-04-14 | 660B | 08:30:00 | 20:00:00 | 3.0 | 11.0 | EF2H 3D数据 | <- | <- | <- |  |  |  |  |  |  |  |  |  |  | 
| 2025-04-15 | 660B | 08:30:00 | 20:00:00 | 3.0 | 11.0 | EF2H 3D数据 | <- | <- | <- |  |  |  |  |  |  |  |  |  |  | 
| 2025-04-16 | 660B | 08:30:00 | 20:00:00 | 3.0 | 11.0 | EF2H 3D数据 | <- | <- | <- |  |  |  |  |  |  |  |  |  |  | 
| 2025-04-17 | 660B | 08:30:00 | 20:00:00 | 3.0 | 11.0 | EF2H 3D数据 | <- | <- | <- |  |  |  |  |  |  |  |  |  |  | 
| 2025-04-18 | 660B | 08:30:00 | 20:00:00 | 3.0 | 11.0 | EF2H 3D数据 | <- | <- | <- |  |  |  |  |  |  |  |  |  |  | 
| 2025-04-19 |  |  |  |  |  |  | <- | <- | <- |  |  |  |  |  |  |  |  |  |  | 
| 2025-04-20 |  |  |  |  |  |  | <- | <- | <- |  |  |  |  |  |  |  |  |  |  | 
| 2025-04-21 | 660B | 08:30:00 | 20:00:00 | 3.0 | 11.0 | EF2H 3D数据 | <- | <- | <- |  |  |  |  |  |  |  |  |  |  | 
| 2025-04-22 | 660B | 08:30:00 | 20:00:00 | 3.0 | 11.0 | EF2H 3D数据 | <- | <- | <- |  |  |  |  |  |  |  |  |  |  | 
| 2025-04-23 | 660B | 08:30:00 | 20:00:00 | 3.0 | 11.0 | EF2H 3D数据 | <- | <- | <- |  |  |  |  |  |  |  |  |  |  | 
| 2025-04-24 | 660B | 08:30:00 | 20:00:00 | 3.0 | 11.0 | A66数据图纸设变 | <- | <- | <- |  |  |  |  |  |  |  |  |  |  | 
| 2025-04-25 | 660B | 08:30:00 | 20:00:00 | 3.0 | 11.0 | A66数据图纸设变 | <- | <- | <- |  |  |  |  |  |  |  |  |  |  | 
| 2025-04-26 |  |  |  |  |  |  | <- | <- | <- |  |  |  |  |  |  |  |  |  |  | 
| 2025-04-27 | 660B | 08:30:00 | 20:00:00 | 3.0 | 11.0 | A65数据图纸设变 | <- | <- | <- |  |  |  |  |  |  |  |  |  |  | 
| 2025-04-28 | 660B | 08:30:00 | 20:00:00 | 3.0 | 11.0 | A66数据图纸设变 | <- | <- | <- |  |  |  |  |  |  |  |  |  |  | 
| 2025-04-29 | 660B | 08:30:00 | 20:00:00 | 3.0 | 11.0 | A66数据图纸设变 | <- | <- | <- |  |  |  |  |  |  |  |  |  |  | 
| 2025-04-30 | 660B | 08:30:00 | 17:30:00 | 0.5 | 8.5 | A66数据图纸设变 | <- | <- | <- |  |  |  |  |  |  |  |  |  |  | 
| 2025-05-01 |  |  |  |  |  |  | <- | <- | <- |  |  |  |  |  |  |  |  |  |  | 
| 2025-05-02 |  |  |  |  |  |  | <- | <- | <- |  |  |  |  |  |  |  |  |  |  | 
| 工时统计 | 项目名称 | 项目编号 | 加班 | <- | 工时 | 项目工程师签字 | <- | <- | <- |  |  |  |  |  |  |  |  |  |  | 
| ^ | 660B |  | 64.0 | <- | 240.0 |  | <- | <- | <- |  |  |  |  |  |  |  |  |  |  | 
| ^ |  |  |  | <- |  |  | <- | <- | <- |  |  |  |  |  |  |  |  |  |  | 
| ^ |  |  |  | <- |  |  | <- | <- | <- |  |  |  |  |  |  |  |  |  |  | 
| ^ |  |  |  | <- |  |  | <- | <- | <- |  |  |  |  |  |  |  |  |  |  | 
| 总计工时 | 240.00 | <- | 经理签字： | <- | <- |  | <- | <- | <- |  |  |  |  |  |  |  |  |  |  | 


## 工作表: Sheet1

| A | B | C | D | E | F | 
|  --- | --- | --- | --- | --- | --- |
|  |  |  | 一年调整一次，请勿随意删除 | <- | <- | 
|  |  |  | 2025 | <- | <- | 
| 年 | 月 |  | 节假日 | 调休加班日 |  | 
| 1905-07-17 | 4 |  | 45658 | 45683 |  | 
|  |  |  | 45685 | 45696 |  | 
|  |  |  | 45686 | 45774 |  | 
|  |  |  | 45687 | 45928 |  | 
|  |  |  | 45688 | 45941 |  | 
|  |  |  | 45689 |  |  | 
|  |  |  | 45690 |  |  | 
|  |  |  | 45691 |  |  | 
|  |  |  | 45692 |  |  | 
|  |  |  | 45751 |  |  | 
|  |  |  | 45752 |  |  | 
|  |  |  | 45753 |  |  | 
|  |  |  | 45778 |  |  | 
|  |  |  | 45779 |  |  | 
|  |  |  | 45780 |  |  | 
|  |  |  | 45781 |  |  | 
|  |  |  | 45782 |  |  | 
|  |  |  | 45808 |  |  | 
|  |  |  | 45809 |  |  | 
|  |  |  | 45810 |  |  | 
|  |  |  | 45931 |  |  | 
|  |  |  | 45932 |  |  | 
|  |  |  | 45933 |  |  | 
|  |  |  | 45934 |  |  | 
|  |  |  | 45935 |  |  | 
|  |  |  | 45936 |  |  | 
|  |  |  | 45937 |  |  | 
|  |  |  | 45938 |  |  | 



2025-05-20 10:59:41,289 - INFO - 请求成功，状态码: 200
2025-05-20 10:59:41,290 - INFO - 模型返回：{"employee_name":"蔡爽", "company_name":"上海睿励信息技术有限公司"}

2025-05-20 10:59:41,291 - INFO - 解析模型返回：
 - 员工姓名：蔡爽,  - 公司名称：上海睿励信息技术有限公司
2025-05-20 10:59:41,291 - INFO - 

从表格文本中，提取汇总数据...
2025-05-20 10:59:41,291 - INFO - 发送请求到模型API...
2025-05-20 10:59:41,292 - INFO - system_prompt：
你是一个专业的工时数据提取助手。用户会提供给你一份Excel工时表，已转换为Markdown格式。你需要提取出表格中的按照项目做统计的工时汇总数据。将提取结果以JSON格式输出。以项目名称作为key为项目名称，value为包含加班和工时的字典。

markdown格式的表格中合并单元格表示法：
   - "^" 符号表示该单元格与上方单元格合并（纵向合并）
   - "<-" 符号表示该单元格与左侧单元格合并（横向合并）
   - "^<-" 符号表示该单元格同时与上方和左侧单元格合并（纵横合并）

你可以按照以下步骤进行分析：
1. 首先，定位表格中工时统计汇总数据，通常在表格的下方。
2. 读取工时统计汇总数据，包含项目名称、项目编号、加班、工时等。项目编号可能为空。
3. 整理所有数据，以JSON格式输。key为项目名称，value为包含加班`overtime_hours`和工时`total_hours`的字典。

注意：
1.直接返回结果，不要包含任何解释或说明。
2.输出结果必须严格按照无语法错误的JSON格式输出，不能有任何其他格式。

以JSON格式输出结果，示例输出如下：
示例1：
{"D11":{"overtime_hours":20,"total_hours":120}, "A12":{"overtime_hours":6,"total_hours":14}, "B13":{"overtime_hours":1,"total_hours":10}}
示例2：
{"D11":{"overtime_hours":20,"total_hours":120}, "A12":{"overtime_hours":6,"total_hours":14}}

2025-05-20 10:59:41,294 - INFO - user_prompt：## 工作表: 蔡爽

| A | B | C | D | E | F | G | H | I | J | K | L | M | N | O | P | Q | R | S | T | 
|  --- | --- | --- | --- | --- | --- | --- | --- | --- | --- | --- | --- | --- | --- | --- | --- | --- | --- | --- | --- |
| 重庆延锋安道拓 | <- | 上海睿励信息技术有限公司 工时记录表 | <- | <- | <- | <- | <- | <- | <- |  |  |  |  |  |  |  |  |  |  | 
| ^ | ^<- | 供应商 |  | <- | <- | <- | <- | <- | <- |  |  |  |  |  |  |  |  |  |  | 
| 工程师 | 蔡爽 | <- | 负责人 | 向阳 | 电话 | 15123462783 | <- | <- | <- |  |  |  |  |  |  |  |  |  |  | 
| 日期 | 项目名称 | 开始工作时间 | 工作结束时间 | 加班时间 | 总工作时间 | 备注 | <- | <- | <- |  |  |  |  |  |  |  |  |  |  | 
| 2025-04-01 | 660B | 08:30:00 | 20:00:00 | 3.0 | 11.0 | V540 数据图纸设变 | <- | <- | <- |  |  |  |  |  |  |  |  |  |  | 
| 2025-04-02 | 660B | 08:30:00 | 20:00:00 | 3.0 | 11.0 | V540 数据图纸设变 | <- | <- | <- |  |  |  |  |  |  |  |  |  |  | 
| 2025-04-03 | 660B | 08:30:00 | 20:00:00 | 3.0 | 11.0 | V540 数据图纸设变 | <- | <- | <- |  |  |  |  |  |  |  |  |  |  | 
| 2025-04-04 |  |  |  |  |  |  | <- | <- | <- |  |  |  |  |  |  |  |  |  |  | 
| 2025-04-05 |  |  |  |  |  |  | <- | <- | <- |  |  |  |  |  |  |  |  |  |  | 
| 2025-04-06 |  |  |  |  |  |  | <- | <- | <- |  |  |  |  |  |  |  |  |  |  | 
| 2025-04-07 | 660B | 08:30:00 | 20:00:00 | 3.0 | 11.0 | V540 数据图纸设变 | <- | <- | <- |  |  |  |  |  |  |  |  |  |  | 
| 2025-04-08 | 660B | 08:30:00 | 20:30:00 | 3.5 | 11.5 | V540 数据图纸设变 | <- | <- | <- |  |  |  |  |  |  |  |  |  |  | 
| 2025-04-09 | 660B | 08:30:00 | 20:00:00 | 3.0 | 11.0 | V540 数据图纸设变 | <- | <- | <- |  |  |  |  |  |  |  |  |  |             | 
| 2025-04-10 | 660B | 08:30:00 | 20:00:00 | 3.0 | 11.0 | V540 数据图纸设变 | <- | <- | <- |  |  |  |  |  |  |  |  |  |  | 
| 2025-04-11 | 660B | 08:30:00 | 20:00:00 | 3.0 | 11.0 | V540 数据图纸设变 | <- | <- | <- |  |  |  |  |  |  |  |  |  |  | 
| 2025-04-12 |  |  |  |  |  |  | <- | <- | <- |  |  |  |  |  |  |  |  |  |  | 
| 2025-04-13 |  |  |  |  |  |  | <- | <- | <- |  |  |  |  |  |  |  |  |  |  | 
| 2025-04-14 | 660B | 08:30:00 | 20:00:00 | 3.0 | 11.0 | EF2H 3D数据 | <- | <- | <- |  |  |  |  |  |  |  |  |  |  | 
| 2025-04-15 | 660B | 08:30:00 | 20:00:00 | 3.0 | 11.0 | EF2H 3D数据 | <- | <- | <- |  |  |  |  |  |  |  |  |  |  | 
| 2025-04-16 | 660B | 08:30:00 | 20:00:00 | 3.0 | 11.0 | EF2H 3D数据 | <- | <- | <- |  |  |  |  |  |  |  |  |  |  | 
| 2025-04-17 | 660B | 08:30:00 | 20:00:00 | 3.0 | 11.0 | EF2H 3D数据 | <- | <- | <- |  |  |  |  |  |  |  |  |  |  | 
| 2025-04-18 | 660B | 08:30:00 | 20:00:00 | 3.0 | 11.0 | EF2H 3D数据 | <- | <- | <- |  |  |  |  |  |  |  |  |  |  | 
| 2025-04-19 |  |  |  |  |  |  | <- | <- | <- |  |  |  |  |  |  |  |  |  |  | 
| 2025-04-20 |  |  |  |  |  |  | <- | <- | <- |  |  |  |  |  |  |  |  |  |  | 
| 2025-04-21 | 660B | 08:30:00 | 20:00:00 | 3.0 | 11.0 | EF2H 3D数据 | <- | <- | <- |  |  |  |  |  |  |  |  |  |  | 
| 2025-04-22 | 660B | 08:30:00 | 20:00:00 | 3.0 | 11.0 | EF2H 3D数据 | <- | <- | <- |  |  |  |  |  |  |  |  |  |  | 
| 2025-04-23 | 660B | 08:30:00 | 20:00:00 | 3.0 | 11.0 | EF2H 3D数据 | <- | <- | <- |  |  |  |  |  |  |  |  |  |  | 
| 2025-04-24 | 660B | 08:30:00 | 20:00:00 | 3.0 | 11.0 | A66数据图纸设变 | <- | <- | <- |  |  |  |  |  |  |  |  |  |  | 
| 2025-04-25 | 660B | 08:30:00 | 20:00:00 | 3.0 | 11.0 | A66数据图纸设变 | <- | <- | <- |  |  |  |  |  |  |  |  |  |  | 
| 2025-04-26 |  |  |  |  |  |  | <- | <- | <- |  |  |  |  |  |  |  |  |  |  | 
| 2025-04-27 | 660B | 08:30:00 | 20:00:00 | 3.0 | 11.0 | A65数据图纸设变 | <- | <- | <- |  |  |  |  |  |  |  |  |  |  | 
| 2025-04-28 | 660B | 08:30:00 | 20:00:00 | 3.0 | 11.0 | A66数据图纸设变 | <- | <- | <- |  |  |  |  |  |  |  |  |  |  | 
| 2025-04-29 | 660B | 08:30:00 | 20:00:00 | 3.0 | 11.0 | A66数据图纸设变 | <- | <- | <- |  |  |  |  |  |  |  |  |  |  | 
| 2025-04-30 | 660B | 08:30:00 | 17:30:00 | 0.5 | 8.5 | A66数据图纸设变 | <- | <- | <- |  |  |  |  |  |  |  |  |  |  | 
| 2025-05-01 |  |  |  |  |  |  | <- | <- | <- |  |  |  |  |  |  |  |  |  |  | 
| 2025-05-02 |  |  |  |  |  |  | <- | <- | <- |  |  |  |  |  |  |  |  |  |  | 
| 工时统计 | 项目名称 | 项目编号 | 加班 | <- | 工时 | 项目工程师签字 | <- | <- | <- |  |  |  |  |  |  |  |  |  |  | 
| ^ | 660B |  | 64.0 | <- | 240.0 |  | <- | <- | <- |  |  |  |  |  |  |  |  |  |  | 
| ^ |  |  |  | <- |  |  | <- | <- | <- |  |  |  |  |  |  |  |  |  |  | 
| ^ |  |  |  | <- |  |  | <- | <- | <- |  |  |  |  |  |  |  |  |  |  | 
| ^ |  |  |  | <- |  |  | <- | <- | <- |  |  |  |  |  |  |  |  |  |  | 
| 总计工时 | 240.00 | <- | 经理签字： | <- | <- |  | <- | <- | <- |  |  |  |  |  |  |  |  |  |  | 


## 工作表: Sheet1

| A | B | C | D | E | F | 
|  --- | --- | --- | --- | --- | --- |
|  |  |  | 一年调整一次，请勿随意删除 | <- | <- | 
|  |  |  | 2025 | <- | <- | 
| 年 | 月 |  | 节假日 | 调休加班日 |  | 
| 1905-07-17 | 4 |  | 45658 | 45683 |  | 
|  |  |  | 45685 | 45696 |  | 
|  |  |  | 45686 | 45774 |  | 
|  |  |  | 45687 | 45928 |  | 
|  |  |  | 45688 | 45941 |  | 
|  |  |  | 45689 |  |  | 
|  |  |  | 45690 |  |  | 
|  |  |  | 45691 |  |  | 
|  |  |  | 45692 |  |  | 
|  |  |  | 45751 |  |  | 
|  |  |  | 45752 |  |  | 
|  |  |  | 45753 |  |  | 
|  |  |  | 45778 |  |  | 
|  |  |  | 45779 |  |  | 
|  |  |  | 45780 |  |  | 
|  |  |  | 45781 |  |  | 
|  |  |  | 45782 |  |  | 
|  |  |  | 45808 |  |  | 
|  |  |  | 45809 |  |  | 
|  |  |  | 45810 |  |  | 
|  |  |  | 45931 |  |  | 
|  |  |  | 45932 |  |  | 
|  |  |  | 45933 |  |  | 
|  |  |  | 45934 |  |  | 
|  |  |  | 45935 |  |  | 
|  |  |  | 45936 |  |  | 
|  |  |  | 45937 |  |  | 
|  |  |  | 45938 |  |  | 



2025-05-20 10:59:43,595 - INFO - 请求成功，状态码: 200
2025-05-20 10:59:43,596 - INFO - 模型返回：
{"660B":{"overtime_hours":64.0,"total_hours":240.0}}

2025-05-20 10:59:43,597 - INFO - 源数据表中的工时汇总数据：{'660B': {'overtime_hours': 64.0, 'total_hours': 240.0}}
2025-05-20 10:59:43,597 - INFO - 文件处理进度：7 / 10
2025-05-20 10:59:43,598 - INFO - 开始处理工时文件：D:/sotos工作资料/test/1\邓光林工时表-重庆安道拓-2025年04月.xlsx
2025-05-20 10:59:43,689 - INFO - Excel表格提取文本：
## 工作表: 邓光林

| A | B | C | D | E | F | G | H | I | J | 
|  --- | --- | --- | --- | --- | --- | --- | --- | --- | --- |
| 重庆延锋安道拓 | <- | 上海睿励信息技术有限公司 工时记录表 | <- | <- | <- | <- | <- | <- | <- | 
| ^ | ^<- | 供应商 |  | <- | <- | <- | <- | <- | <- | 
| 工程师 | 邓光林 | <- | 负责人 | 王征 | 电话 | 18581210797 | <- | <- | <- | 
| 日期 | 项目名称 | 开始工作时间 | 工作结束时间 | 加班时间 | 总工作时间 | 备注 | <- | <- | <- | 
| 2025-04-01 | Blanc | 09:00:00 | 22:00:00 | 4.5 | 12.5 | 小桌板问题测试结果讨论会议，更新前排饰条新增颜色onepage，小桌板标签变更onepage | <- | <- | <- | 
| 2025-04-02 | Blanc | 09:00:00 | 21:00:00 | 3.5 | 11.5 | 整理地图袋打开异响的分析报告，验证尾帘上端不平问题并整理报告 | <- | <- | <- | 
| 2025-04-03 | Blanc | 09:00:00 | 20:00:00 | 2.5 | 10.5 | 和毅联开背板包覆问题会， | <- | <- | <- | 
| 2025-04-04 |  |  |  |  |  |  | <- | <- | <- | 
| 2025-04-05 |  |  |  |  |  |  | <- | <- | <- | 
| 2025-04-06 |  |  |  |  |  |  | <- | <- | <- | 
| 2025-04-07 | Blanc | 09:00:00 | 21:00:00 | 3.5 | 11.5 | 周会，同客户开会过小桌板的问题 | <- | <- | <- | 
| 2025-04-08 | Blanc | 08:30:00 | 23:00:00 | 6.0 | 14.0 | 跟小桌板敲击试验要结果，内部会议过客户端问题清单，同客户过问题清单 | <- | <- | <- | 
| 2025-04-09 | Blanc | 08:30:00 | 22:00:00 | 5.0 | 13.0 | 加班跟客户整理小桌板敲击空响测试结果资料， | <- | <- | <- | 
| 2025-04-10 | Blanc | 09:00:00 | 20:30:00 | 3.0 | 11.0 | 和客户开问题周会，加班和工厂过制造问题会议 | <- | <- | <- | 
| 2025-04-11 | Blanc | 09:00:00 | 21:00:00 | 3.5 | 11.5 | 和毅联开会背板地图带异响问题，客户报坐垫线束高调段卡子方向不对分析问题 | <- | <- | <- | 
| 2025-04-12 | Blanc | 10:00:00 | 17:30:00 | 7.0 | 7.0 | 内部拉齐会议，前排LRR资料整理，同座簧供应商整改脚灯难安装问题 | <- | <- | <- | 
| 2025-04-13 |  |  |  |  |  |  | <- | <- | <- | 
| 2025-04-14 | Blanc | 09:00:00 | 23:00:00 | 5.5 | 13.5 | 加班开周会，同客户分析背板与泡沫匹配漏缝问题， | <- | <- | <- | 
| 2025-04-15 | Blanc | 09:00:00 | 20:30:00 | 3.0 | 11.0 | ESO资料准备,3C标签位置更新 | <- | <- | <- | 
| 2025-04-16 | Blanc | 09:00:00 | 20:30:00 | 3.0 | 11.0 | ESO资料准备 | <- | <- | <- | 
| 2025-04-17 | Blanc | 09:00:00 | 21:00:00 | 3.5 | 11.5 | ESO资料准备 | <- | <- | <- | 
| 2025-04-18 | Blanc | 09:00:00 | 21:00:00 | 3.5 | 11.5 | ESO资料准备 | <- | <- | <- | 
| 2025-04-19 | Blanc | 09:30:00 | 18:30:00 | 8.5 | 8.5 | ESO资料准备 | <- | <- | <- | 
| 2025-04-20 |  |  |  |  |  |  | <- | <- | <- | 
| 2025-04-21 | Blanc | 09:00:00 | 20:00:00 | 2.5 | 10.5 | ESO资料准备 | <- | <- | <- | 
| 2025-04-22 | Blanc | 09:00:00 | 20:00:00 | 2.5 | 10.5 | ESO资料准备 | <- | <- | <- | 
| 2025-04-23 | Blanc | 09:30:00 | 20:00:00 | 2.0 | 10.0 | ESO资料准备,ECR清单整理 | <- | <- | <- | 
| 2025-04-24 | Blanc | 09:00:00 | 20:30:00 | 3.0 | 11.0 | ESO资料准备 | <- | <- | <- | 
| 2025-04-25 | Blanc | 09:00:00 | 18:30:00 | 1.0 | 9.0 | ESO资料准备 | <- | <- | <- | 
| 2025-04-26 |  |  |  |  |  |  | <- | <- | <- | 
| 2025-04-27 | Blanc | 09:30:00 | 21:00:00 | 3.0 | 11.0 | 更新整椅图纸 | <- | <- | <- | 
| 2025-04-28 | Blanc | 09:00:00 | 20:00:00 | 2.5 | 10.5 | 更新整椅图纸 | <- | <- | <- | 
| 2025-04-29 | Blanc | 09:30:00 | 19:30:00 | 1.5 | 9.5 | 发设变 | <- | <- | <- | 
| 2025-04-30 | Blanc | 09:00:00 | 17:30:00 | 0.0 | 8.0 | 更新整椅图纸 | <- | <- | <- | 
| 2025-05-01 | Blanc |  |  |  |  |  | <- | <- | <- | 
| 工时统计 | 项目名称 | 项目编号 | 加班 | <- | 工时 | 项目工程师签字 | <- | <- | <- | 
| ^ | Blanc |  | 83.5 | <- | 259.5 |  | <- | <- | <- | 
| ^ |  |  |  | <- |  |  | <- | <- | <- | 
| ^ |  |  |  | <- |  |  | <- | <- | <- | 
| ^ |  |  |  | <- |  |  | <- | <- | <- | 
| 总计工时 | 259.50 | <- | 经理签字： | <- | <- |  | <- | <- | <- | 


## 工作表: Sheet1

| A | B | C | D | E | F | 
|  --- | --- | --- | --- | --- | --- |
|  |  |  | 一年调整一次，请勿随意删除 | <- | <- | 
|  |  |  | 2025 | <- | <- | 
| 年 | 月 |  | 节假日 | 调休加班日 |  | 
| 1905-07-17 | 4 |  | 45658 | 45683 |  | 
|  |  |  | 45685 | 45696 |  | 
|  |  |  | 45686 | 45774 |  | 
|  |  |  | 45687 | 45928 |  | 
|  |  |  | 45688 | 45941 |  | 
|  |  |  | 45689 |  |  | 
|  |  |  | 45690 |  |  | 
|  |  |  | 45691 |  |  | 
|  |  |  | 45692 |  |  | 
|  |  |  | 45751 |  |  | 
|  |  |  | 45752 |  |  | 
|  |  |  | 45753 |  |  | 
|  |  |  | 45778 |  |  | 
|  |  |  | 45779 |  |  | 
|  |  |  | 45780 |  |  | 
|  |  |  | 45781 |  |  | 
|  |  |  | 45782 |  |  | 
|  |  |  | 45808 |  |  | 
|  |  |  | 45809 |  |  | 
|  |  |  | 45810 |  |  | 
|  |  |  | 45931 |  |  | 
|  |  |  | 45932 |  |  | 
|  |  |  | 45933 |  |  | 
|  |  |  | 45934 |  |  | 
|  |  |  | 45935 |  |  | 
|  |  |  | 45936 |  |  | 
|  |  |  | 45937 |  |  | 
|  |  |  | 45938 |  |  | 



2025-05-20 10:59:43,697 - INFO - 从表格文本中，提取员工姓名和公司名称...
2025-05-20 10:59:43,698 - INFO - 发送请求到模型API...
2025-05-20 10:59:43,698 - INFO - system_prompt：
你是一个专业的表格信息提取助手。用户会提供给你一份Excel工时表，已转换为Markdown格式。你需要提取出表格包含的员工姓名`employee_name`和公司名称`company_name`。以JSON格式输出结果，包含`employee_name`和`company_name`两个字段。如果无法提取到员工姓名和公司名称，请返回空字符串。

markdown格式的表格中合并单元格表示法：
   - "^" 符号表示该单元格与上方单元格合并（纵向合并）
   - "<-" 符号表示该单元格与左侧单元格合并（横向合并）
   - "^<-" 符号表示该单元格同时与上方和左侧单元格合并（纵横合并）

比如：{"employee_name":"张三", "company_name":"XXX公司"}
注意：直接返回结果，不要包含任何解释或说明。

2025-05-20 10:59:43,699 - INFO - user_prompt：## 工作表: 邓光林

| A | B | C | D | E | F | G | H | I | J | 
|  --- | --- | --- | --- | --- | --- | --- | --- | --- | --- |
| 重庆延锋安道拓 | <- | 上海睿励信息技术有限公司 工时记录表 | <- | <- | <- | <- | <- | <- | <- | 
| ^ | ^<- | 供应商 |  | <- | <- | <- | <- | <- | <- | 
| 工程师 | 邓光林 | <- | 负责人 | 王征 | 电话 | 18581210797 | <- | <- | <- | 
| 日期 | 项目名称 | 开始工作时间 | 工作结束时间 | 加班时间 | 总工作时间 | 备注 | <- | <- | <- | 
| 2025-04-01 | Blanc | 09:00:00 | 22:00:00 | 4.5 | 12.5 | 小桌板问题测试结果讨论会议，更新前排饰条新增颜色onepage，小桌板标签变更onepage | <- | <- | <- | 
| 2025-04-02 | Blanc | 09:00:00 | 21:00:00 | 3.5 | 11.5 | 整理地图袋打开异响的分析报告，验证尾帘上端不平问题并整理报告 | <- | <- | <- | 
| 2025-04-03 | Blanc | 09:00:00 | 20:00:00 | 2.5 | 10.5 | 和毅联开背板包覆问题会， | <- | <- | <- | 
| 2025-04-04 |  |  |  |  |  |  | <- | <- | <- | 
| 2025-04-05 |  |  |  |  |  |  | <- | <- | <- | 
| 2025-04-06 |  |  |  |  |  |  | <- | <- | <- | 
| 2025-04-07 | Blanc | 09:00:00 | 21:00:00 | 3.5 | 11.5 | 周会，同客户开会过小桌板的问题 | <- | <- | <- | 
| 2025-04-08 | Blanc | 08:30:00 | 23:00:00 | 6.0 | 14.0 | 跟小桌板敲击试验要结果，内部会议过客户端问题清单，同客户过问题清单 | <- | <- | <- | 
| 2025-04-09 | Blanc | 08:30:00 | 22:00:00 | 5.0 | 13.0 | 加班跟客户整理小桌板敲击空响测试结果资料， | <- | <- | <- | 
| 2025-04-10 | Blanc | 09:00:00 | 20:30:00 | 3.0 | 11.0 | 和客户开问题周会，加班和工厂过制造问题会议 | <- | <- | <- | 
| 2025-04-11 | Blanc | 09:00:00 | 21:00:00 | 3.5 | 11.5 | 和毅联开会背板地图带异响问题，客户报坐垫线束高调段卡子方向不对分析问题 | <- | <- | <- | 
| 2025-04-12 | Blanc | 10:00:00 | 17:30:00 | 7.0 | 7.0 | 内部拉齐会议，前排LRR资料整理，同座簧供应商整改脚灯难安装问题 | <- | <- | <- | 
| 2025-04-13 |  |  |  |  |  |  | <- | <- | <- | 
| 2025-04-14 | Blanc | 09:00:00 | 23:00:00 | 5.5 | 13.5 | 加班开周会，同客户分析背板与泡沫匹配漏缝问题， | <- | <- | <- | 
| 2025-04-15 | Blanc | 09:00:00 | 20:30:00 | 3.0 | 11.0 | ESO资料准备,3C标签位置更新 | <- | <- | <- | 
| 2025-04-16 | Blanc | 09:00:00 | 20:30:00 | 3.0 | 11.0 | ESO资料准备 | <- | <- | <- | 
| 2025-04-17 | Blanc | 09:00:00 | 21:00:00 | 3.5 | 11.5 | ESO资料准备 | <- | <- | <- | 
| 2025-04-18 | Blanc | 09:00:00 | 21:00:00 | 3.5 | 11.5 | ESO资料准备 | <- | <- | <- | 
| 2025-04-19 | Blanc | 09:30:00 | 18:30:00 | 8.5 | 8.5 | ESO资料准备 | <- | <- | <- | 
| 2025-04-20 |  |  |  |  |  |  | <- | <- | <- | 
| 2025-04-21 | Blanc | 09:00:00 | 20:00:00 | 2.5 | 10.5 | ESO资料准备 | <- | <- | <- | 
| 2025-04-22 | Blanc | 09:00:00 | 20:00:00 | 2.5 | 10.5 | ESO资料准备 | <- | <- | <- | 
| 2025-04-23 | Blanc | 09:30:00 | 20:00:00 | 2.0 | 10.0 | ESO资料准备,ECR清单整理 | <- | <- | <- | 
| 2025-04-24 | Blanc | 09:00:00 | 20:30:00 | 3.0 | 11.0 | ESO资料准备 | <- | <- | <- | 
| 2025-04-25 | Blanc | 09:00:00 | 18:30:00 | 1.0 | 9.0 | ESO资料准备 | <- | <- | <- | 
| 2025-04-26 |  |  |  |  |  |  | <- | <- | <- | 
| 2025-04-27 | Blanc | 09:30:00 | 21:00:00 | 3.0 | 11.0 | 更新整椅图纸 | <- | <- | <- | 
| 2025-04-28 | Blanc | 09:00:00 | 20:00:00 | 2.5 | 10.5 | 更新整椅图纸 | <- | <- | <- | 
| 2025-04-29 | Blanc | 09:30:00 | 19:30:00 | 1.5 | 9.5 | 发设变 | <- | <- | <- | 
| 2025-04-30 | Blanc | 09:00:00 | 17:30:00 | 0.0 | 8.0 | 更新整椅图纸 | <- | <- | <- | 
| 2025-05-01 | Blanc |  |  |  |  |  | <- | <- | <- | 
| 工时统计 | 项目名称 | 项目编号 | 加班 | <- | 工时 | 项目工程师签字 | <- | <- | <- | 
| ^ | Blanc |  | 83.5 | <- | 259.5 |  | <- | <- | <- | 
| ^ |  |  |  | <- |  |  | <- | <- | <- | 
| ^ |  |  |  | <- |  |  | <- | <- | <- | 
| ^ |  |  |  | <- |  |  | <- | <- | <- | 
| 总计工时 | 259.50 | <- | 经理签字： | <- | <- |  | <- | <- | <- | 


## 工作表: Sheet1

| A | B | C | D | E | F | 
|  --- | --- | --- | --- | --- | --- |
|  |  |  | 一年调整一次，请勿随意删除 | <- | <- | 
|  |  |  | 2025 | <- | <- | 
| 年 | 月 |  | 节假日 | 调休加班日 |  | 
| 1905-07-17 | 4 |  | 45658 | 45683 |  | 
|  |  |  | 45685 | 45696 |  | 
|  |  |  | 45686 | 45774 |  | 
|  |  |  | 45687 | 45928 |  | 
|  |  |  | 45688 | 45941 |  | 
|  |  |  | 45689 |  |  | 
|  |  |  | 45690 |  |  | 
|  |  |  | 45691 |  |  | 
|  |  |  | 45692 |  |  | 
|  |  |  | 45751 |  |  | 
|  |  |  | 45752 |  |  | 
|  |  |  | 45753 |  |  | 
|  |  |  | 45778 |  |  | 
|  |  |  | 45779 |  |  | 
|  |  |  | 45780 |  |  | 
|  |  |  | 45781 |  |  | 
|  |  |  | 45782 |  |  | 
|  |  |  | 45808 |  |  | 
|  |  |  | 45809 |  |  | 
|  |  |  | 45810 |  |  | 
|  |  |  | 45931 |  |  | 
|  |  |  | 45932 |  |  | 
|  |  |  | 45933 |  |  | 
|  |  |  | 45934 |  |  | 
|  |  |  | 45935 |  |  | 
|  |  |  | 45936 |  |  | 
|  |  |  | 45937 |  |  | 
|  |  |  | 45938 |  |  | 



2025-05-20 10:59:45,611 - INFO - 请求成功，状态码: 200
2025-05-20 10:59:45,612 - INFO - 模型返回：{"employee_name":"邓光林", "company_name":"重庆延锋安道拓"}

2025-05-20 10:59:45,613 - INFO - 解析模型返回：
 - 员工姓名：邓光林,  - 公司名称：重庆延锋安道拓
2025-05-20 10:59:45,613 - INFO - 

从表格文本中，提取汇总数据...
2025-05-20 10:59:45,614 - INFO - 发送请求到模型API...
2025-05-20 10:59:45,614 - INFO - system_prompt：
你是一个专业的工时数据提取助手。用户会提供给你一份Excel工时表，已转换为Markdown格式。你需要提取出表格中的按照项目做统计的工时汇总数据。将提取结果以JSON格式输出。以项目名称作为key为项目名称，value为包含加班和工时的字典。

markdown格式的表格中合并单元格表示法：
   - "^" 符号表示该单元格与上方单元格合并（纵向合并）
   - "<-" 符号表示该单元格与左侧单元格合并（横向合并）
   - "^<-" 符号表示该单元格同时与上方和左侧单元格合并（纵横合并）

你可以按照以下步骤进行分析：
1. 首先，定位表格中工时统计汇总数据，通常在表格的下方。
2. 读取工时统计汇总数据，包含项目名称、项目编号、加班、工时等。项目编号可能为空。
3. 整理所有数据，以JSON格式输。key为项目名称，value为包含加班`overtime_hours`和工时`total_hours`的字典。

注意：
1.直接返回结果，不要包含任何解释或说明。
2.输出结果必须严格按照无语法错误的JSON格式输出，不能有任何其他格式。

以JSON格式输出结果，示例输出如下：
示例1：
{"D11":{"overtime_hours":20,"total_hours":120}, "A12":{"overtime_hours":6,"total_hours":14}, "B13":{"overtime_hours":1,"total_hours":10}}
示例2：
{"D11":{"overtime_hours":20,"total_hours":120}, "A12":{"overtime_hours":6,"total_hours":14}}

2025-05-20 10:59:45,618 - INFO - user_prompt：## 工作表: 邓光林

| A | B | C | D | E | F | G | H | I | J | 
|  --- | --- | --- | --- | --- | --- | --- | --- | --- | --- |
| 重庆延锋安道拓 | <- | 上海睿励信息技术有限公司 工时记录表 | <- | <- | <- | <- | <- | <- | <- | 
| ^ | ^<- | 供应商 |  | <- | <- | <- | <- | <- | <- | 
| 工程师 | 邓光林 | <- | 负责人 | 王征 | 电话 | 18581210797 | <- | <- | <- | 
| 日期 | 项目名称 | 开始工作时间 | 工作结束时间 | 加班时间 | 总工作时间 | 备注 | <- | <- | <- | 
| 2025-04-01 | Blanc | 09:00:00 | 22:00:00 | 4.5 | 12.5 | 小桌板问题测试结果讨论会议，更新前排饰条新增颜色onepage，小桌板标签变更onepage | <- | <- | <- | 
| 2025-04-02 | Blanc | 09:00:00 | 21:00:00 | 3.5 | 11.5 | 整理地图袋打开异响的分析报告，验证尾帘上端不平问题并整理报告 | <- | <- | <- | 
| 2025-04-03 | Blanc | 09:00:00 | 20:00:00 | 2.5 | 10.5 | 和毅联开背板包覆问题会， | <- | <- | <- | 
| 2025-04-04 |  |  |  |  |  |  | <- | <- | <- | 
| 2025-04-05 |  |  |  |  |  |  | <- | <- | <- | 
| 2025-04-06 |  |  |  |  |  |  | <- | <- | <- | 
| 2025-04-07 | Blanc | 09:00:00 | 21:00:00 | 3.5 | 11.5 | 周会，同客户开会过小桌板的问题 | <- | <- | <- | 
| 2025-04-08 | Blanc | 08:30:00 | 23:00:00 | 6.0 | 14.0 | 跟小桌板敲击试验要结果，内部会议过客户端问题清单，同客户过问题清单 | <- | <- | <- | 
| 2025-04-09 | Blanc | 08:30:00 | 22:00:00 | 5.0 | 13.0 | 加班跟客户整理小桌板敲击空响测试结果资料， | <- | <- | <- | 
| 2025-04-10 | Blanc | 09:00:00 | 20:30:00 | 3.0 | 11.0 | 和客户开问题周会，加班和工厂过制造问题会议 | <- | <- | <- | 
| 2025-04-11 | Blanc | 09:00:00 | 21:00:00 | 3.5 | 11.5 | 和毅联开会背板地图带异响问题，客户报坐垫线束高调段卡子方向不对分析问题 | <- | <- | <- | 
| 2025-04-12 | Blanc | 10:00:00 | 17:30:00 | 7.0 | 7.0 | 内部拉齐会议，前排LRR资料整理，同座簧供应商整改脚灯难安装问题 | <- | <- | <- | 
| 2025-04-13 |  |  |  |  |  |  | <- | <- | <- | 
| 2025-04-14 | Blanc | 09:00:00 | 23:00:00 | 5.5 | 13.5 | 加班开周会，同客户分析背板与泡沫匹配漏缝问题， | <- | <- | <- | 
| 2025-04-15 | Blanc | 09:00:00 | 20:30:00 | 3.0 | 11.0 | ESO资料准备,3C标签位置更新 | <- | <- | <- | 
| 2025-04-16 | Blanc | 09:00:00 | 20:30:00 | 3.0 | 11.0 | ESO资料准备 | <- | <- | <- | 
| 2025-04-17 | Blanc | 09:00:00 | 21:00:00 | 3.5 | 11.5 | ESO资料准备 | <- | <- | <- | 
| 2025-04-18 | Blanc | 09:00:00 | 21:00:00 | 3.5 | 11.5 | ESO资料准备 | <- | <- | <- | 
| 2025-04-19 | Blanc | 09:30:00 | 18:30:00 | 8.5 | 8.5 | ESO资料准备 | <- | <- | <- | 
| 2025-04-20 |  |  |  |  |  |  | <- | <- | <- | 
| 2025-04-21 | Blanc | 09:00:00 | 20:00:00 | 2.5 | 10.5 | ESO资料准备 | <- | <- | <- | 
| 2025-04-22 | Blanc | 09:00:00 | 20:00:00 | 2.5 | 10.5 | ESO资料准备 | <- | <- | <- | 
| 2025-04-23 | Blanc | 09:30:00 | 20:00:00 | 2.0 | 10.0 | ESO资料准备,ECR清单整理 | <- | <- | <- | 
| 2025-04-24 | Blanc | 09:00:00 | 20:30:00 | 3.0 | 11.0 | ESO资料准备 | <- | <- | <- | 
| 2025-04-25 | Blanc | 09:00:00 | 18:30:00 | 1.0 | 9.0 | ESO资料准备 | <- | <- | <- | 
| 2025-04-26 |  |  |  |  |  |  | <- | <- | <- | 
| 2025-04-27 | Blanc | 09:30:00 | 21:00:00 | 3.0 | 11.0 | 更新整椅图纸 | <- | <- | <- | 
| 2025-04-28 | Blanc | 09:00:00 | 20:00:00 | 2.5 | 10.5 | 更新整椅图纸 | <- | <- | <- | 
| 2025-04-29 | Blanc | 09:30:00 | 19:30:00 | 1.5 | 9.5 | 发设变 | <- | <- | <- | 
| 2025-04-30 | Blanc | 09:00:00 | 17:30:00 | 0.0 | 8.0 | 更新整椅图纸 | <- | <- | <- | 
| 2025-05-01 | Blanc |  |  |  |  |  | <- | <- | <- | 
| 工时统计 | 项目名称 | 项目编号 | 加班 | <- | 工时 | 项目工程师签字 | <- | <- | <- | 
| ^ | Blanc |  | 83.5 | <- | 259.5 |  | <- | <- | <- | 
| ^ |  |  |  | <- |  |  | <- | <- | <- | 
| ^ |  |  |  | <- |  |  | <- | <- | <- | 
| ^ |  |  |  | <- |  |  | <- | <- | <- | 
| 总计工时 | 259.50 | <- | 经理签字： | <- | <- |  | <- | <- | <- | 


## 工作表: Sheet1

| A | B | C | D | E | F | 
|  --- | --- | --- | --- | --- | --- |
|  |  |  | 一年调整一次，请勿随意删除 | <- | <- | 
|  |  |  | 2025 | <- | <- | 
| 年 | 月 |  | 节假日 | 调休加班日 |  | 
| 1905-07-17 | 4 |  | 45658 | 45683 |  | 
|  |  |  | 45685 | 45696 |  | 
|  |  |  | 45686 | 45774 |  | 
|  |  |  | 45687 | 45928 |  | 
|  |  |  | 45688 | 45941 |  | 
|  |  |  | 45689 |  |  | 
|  |  |  | 45690 |  |  | 
|  |  |  | 45691 |  |  | 
|  |  |  | 45692 |  |  | 
|  |  |  | 45751 |  |  | 
|  |  |  | 45752 |  |  | 
|  |  |  | 45753 |  |  | 
|  |  |  | 45778 |  |  | 
|  |  |  | 45779 |  |  | 
|  |  |  | 45780 |  |  | 
|  |  |  | 45781 |  |  | 
|  |  |  | 45782 |  |  | 
|  |  |  | 45808 |  |  | 
|  |  |  | 45809 |  |  | 
|  |  |  | 45810 |  |  | 
|  |  |  | 45931 |  |  | 
|  |  |  | 45932 |  |  | 
|  |  |  | 45933 |  |  | 
|  |  |  | 45934 |  |  | 
|  |  |  | 45935 |  |  | 
|  |  |  | 45936 |  |  | 
|  |  |  | 45937 |  |  | 
|  |  |  | 45938 |  |  | 



2025-05-20 10:59:47,667 - INFO - 请求成功，状态码: 200
2025-05-20 10:59:47,668 - INFO - 模型返回：
{"Blanc":{"overtime_hours":83.5,"total_hours":259.5}}

2025-05-20 10:59:47,669 - INFO - 源数据表中的工时汇总数据：{'Blanc': {'overtime_hours': 83.5, 'total_hours': 259.5}}
2025-05-20 10:59:47,669 - INFO - 文件处理进度：8 / 10
2025-05-20 10:59:47,670 - INFO - 开始处理工时文件：D:/sotos工作资料/test/1\郝春婷工时表-重庆安道拓-2025年04月.xlsx
2025-05-20 10:59:47,901 - INFO - Excel表格提取文本：
## 工作表: 郝春婷

| A | B | C | D | E | F | G | H | I | J | 
|  --- | --- | --- | --- | --- | --- | --- | --- | --- | --- |
| 重庆延锋安道拓 | <- | 上海睿励信息技术有限公司 工时记录表 | <- | <- | <- | <- | <- | <- | <- | 
| ^ | ^<- | 供应商 |  | <- | <- | <- | <- | <- | <- | 
| 工程师 | 郝春婷 | <- | 负责人 | 陈伟 | 电话 | 15823573500 | <- | <- | <- | 
| 日期 | 项目名称 | 开始工作时间 | 工作结束时间 | 加班时间 | 总工作时间 | 备注 | <- | <- | <- | 
| 2025-04-01 | T9M-2 | 08:30:00 | 20:00:00 | 3.0 | 11.0 | 数据优化 | <- | <- | <- | 
| 2025-04-02 | T9M-2 | 08:30:00 | 19:00:00 | 2.0 | 10.0 | 数据优化 | <- | <- | <- | 
| 2025-04-03 | T9M-2 | 08:30:00 | 17:30:00 | 0.5 | 8.5 | 数据优化 | <- | <- | <- | 
| 2025-04-04 | T9M-2 |  |  |  |  |  | <- | <- | <- | 
| 2025-04-05 | T9M-2 |  |  |  |  |  | <- | <- | <- | 
| 2025-04-06 | T9M-2 |  |  |  |  |  | <- | <- | <- | 
| 2025-04-07 | T9M-2 | 08:30:00 | 18:00:00 | 1.0 | 9.0 | 数据优化 | <- | <- | <- | 
| 2025-04-08 | T9M-2 | 08:30:00 | 21:30:00 | 4.5 | 12.5 | 数据优化 | <- | <- | <- | 
| 2025-04-09 | T9M-2 | 08:30:00 | 20:00:00 | 3.0 | 11.0 | 数据优化 | <- | <- | <- | 
| 2025-04-10 | T9M-2 | 08:30:00 | 22:00:00 | 5.0 | 13.0 | 数据优化 | <- | <- | <- | 
| 2025-04-11 | T9M-2 | 08:30:00 | 20:00:00 | 3.0 | 11.0 | 数据优化 | <- | <- | <- | 
| 2025-04-12 | T9M-2 | 10:00:00 | 16:00:00 | 5.5 | 5.5 | 数据优化 | <- | <- | <- | 
| 2025-04-13 | T9M-2 |  |  |  |  |  | <- | <- | <- | 
| 2025-04-14 | T9M-2 | 09:00:00 | 19:00:00 | 1.5 | 9.5 | 数据优化 | <- | <- | <- | 
| 2025-04-15 | T9M-2 | 08:30:00 | 18:30:00 | 1.5 | 9.5 | 数据优化 | <- | <- | <- | 
| 2025-04-16 | T9M-2 | 09:00:00 | 20:00:00 | 2.5 | 10.5 | 数据优化 | <- | <- | <- | 
| 2025-04-17 | T9M-2 | 08:30:00 | 18:30:00 | 1.5 | 9.5 | 数据优化 | <- | <- | <- | 
| 2025-04-18 | T9M-2 | 08:30:00 | 22:00:00 | 5.0 | 13.0 | 数据优化 | <- | <- | <- | 
| 2025-04-19 | T9M-2 |  |  |  |  |  | <- | <- | <- | 
| 2025-04-20 | T9M-2 |  |  |  |  |  | <- | <- | <- | 
| 2025-04-21 | T9M-2 | 08:30:00 | 18:30:00 | 1.5 | 9.5 | 数据优化 | <- | <- | <- | 
| 2025-04-22 | T9M-2 | 08:30:00 | 20:00:00 | 3.0 | 11.0 | 数据优化 | <- | <- | <- | 
| 2025-04-23 | T9M-2 | 08:30:00 | 20:00:00 | 3.0 | 11.0 | 数据优化 | <- | <- | <- | 
| 2025-04-24 | T9M-2 | 08:30:00 | 21:00:00 | 4.0 | 12.0 | 数据优化 | <- | <- | <- | 
| 2025-04-25 | T9M-2 | 08:30:00 | 20:00:00 | 3.0 | 11.0 | 数据优化 | <- | <- | <- | 
| 2025-04-26 | T9M-2 |  |  |  |  |  | <- | <- | <- | 
| 2025-04-27 | T9M-2 | 08:30:00 | 20:00:00 | 3.0 | 11.0 | 数据优化 | <- | <- | <- | 
| 2025-04-28 | T9M-2 | 09:00:00 | 20:00:00 | 2.5 | 10.5 | 数据优化 | <- | <- | <- | 
| 2025-04-29 | T9M-2 | 08:30:00 | 20:00:00 | 3.0 | 11.0 | 数据优化 | <- | <- | <- | 
| 2025-04-30 | T9M-2 | 08:30:00 | 18:00:00 | 1.0 | 9.0 | 数据优化 | <- | <- | <- | 
| 2025-05-01 |  |  |  |  |  |  | <- | <- | <- | 
| 工时统计 | 项目名称 | 项目编号 | 加班 | <- | 工时 | 项目工程师签字 | <- | <- | <- | 
| ^ | T9M-2 |  | 63.5 | <- | 239.5 |  | <- | <- | <- | 
| ^ |  |  |  | <- |  |  | <- | <- | <- | 
| ^ |  |  |  | <- |  |  | <- | <- | <- | 
| ^ |  |  |  | <- |  |  | <- | <- | <- | 
| 总计工时 | 239.50 | <- | 经理签字： | <- | <- |  | <- | <- | <- | 


## 工作表: Sheet1

| A | B | C | D | E | F | 
|  --- | --- | --- | --- | --- | --- |
|  |  |  | 一年调整一次，请勿随意删除 | <- | <- | 
|  |  |  | 2025 | <- | <- | 
| 年 | 月 |  | 节假日 | 调休加班日 |  | 
| 1905-07-17 | 4 |  | 45658 | 45683 |  | 
|  |  |  | 45685 | 45696 |  | 
|  |  |  | 45686 | 45774 |  | 
|  |  |  | 45687 | 45928 |  | 
|  |  |  | 45688 | 45941 |  | 
|  |  |  | 45689 |  |  | 
|  |  |  | 45690 |  |  | 
|  |  |  | 45691 |  |  | 
|  |  |  | 45692 |  |  | 
|  |  |  | 45751 |  |  | 
|  |  |  | 45752 |  |  | 
|  |  |  | 45753 |  |  | 
|  |  |  | 45778 |  |  | 
|  |  |  | 45779 |  |  | 
|  |  |  | 45780 |  |  | 
|  |  |  | 45781 |  |  | 
|  |  |  | 45782 |  |  | 
|  |  |  | 45808 |  |  | 
|  |  |  | 45809 |  |  | 
|  |  |  | 45810 |  |  | 
|  |  |  | 45931 |  |  | 
|  |  |  | 45932 |  |  | 
|  |  |  | 45933 |  |  | 
|  |  |  | 45934 |  |  | 
|  |  |  | 45935 |  |  | 
|  |  |  | 45936 |  |  | 
|  |  |  | 45937 |  |  | 
|  |  |  | 45938 |  |  | 



2025-05-20 10:59:47,914 - INFO - 从表格文本中，提取员工姓名和公司名称...
2025-05-20 10:59:47,915 - INFO - 发送请求到模型API...
2025-05-20 10:59:47,915 - INFO - system_prompt：
你是一个专业的表格信息提取助手。用户会提供给你一份Excel工时表，已转换为Markdown格式。你需要提取出表格包含的员工姓名`employee_name`和公司名称`company_name`。以JSON格式输出结果，包含`employee_name`和`company_name`两个字段。如果无法提取到员工姓名和公司名称，请返回空字符串。

markdown格式的表格中合并单元格表示法：
   - "^" 符号表示该单元格与上方单元格合并（纵向合并）
   - "<-" 符号表示该单元格与左侧单元格合并（横向合并）
   - "^<-" 符号表示该单元格同时与上方和左侧单元格合并（纵横合并）

比如：{"employee_name":"张三", "company_name":"XXX公司"}
注意：直接返回结果，不要包含任何解释或说明。

2025-05-20 10:59:47,917 - INFO - user_prompt：## 工作表: 郝春婷

| A | B | C | D | E | F | G | H | I | J | 
|  --- | --- | --- | --- | --- | --- | --- | --- | --- | --- |
| 重庆延锋安道拓 | <- | 上海睿励信息技术有限公司 工时记录表 | <- | <- | <- | <- | <- | <- | <- | 
| ^ | ^<- | 供应商 |  | <- | <- | <- | <- | <- | <- | 
| 工程师 | 郝春婷 | <- | 负责人 | 陈伟 | 电话 | 15823573500 | <- | <- | <- | 
| 日期 | 项目名称 | 开始工作时间 | 工作结束时间 | 加班时间 | 总工作时间 | 备注 | <- | <- | <- | 
| 2025-04-01 | T9M-2 | 08:30:00 | 20:00:00 | 3.0 | 11.0 | 数据优化 | <- | <- | <- | 
| 2025-04-02 | T9M-2 | 08:30:00 | 19:00:00 | 2.0 | 10.0 | 数据优化 | <- | <- | <- | 
| 2025-04-03 | T9M-2 | 08:30:00 | 17:30:00 | 0.5 | 8.5 | 数据优化 | <- | <- | <- | 
| 2025-04-04 | T9M-2 |  |  |  |  |  | <- | <- | <- | 
| 2025-04-05 | T9M-2 |  |  |  |  |  | <- | <- | <- | 
| 2025-04-06 | T9M-2 |  |  |  |  |  | <- | <- | <- | 
| 2025-04-07 | T9M-2 | 08:30:00 | 18:00:00 | 1.0 | 9.0 | 数据优化 | <- | <- | <- | 
| 2025-04-08 | T9M-2 | 08:30:00 | 21:30:00 | 4.5 | 12.5 | 数据优化 | <- | <- | <- | 
| 2025-04-09 | T9M-2 | 08:30:00 | 20:00:00 | 3.0 | 11.0 | 数据优化 | <- | <- | <- | 
| 2025-04-10 | T9M-2 | 08:30:00 | 22:00:00 | 5.0 | 13.0 | 数据优化 | <- | <- | <- | 
| 2025-04-11 | T9M-2 | 08:30:00 | 20:00:00 | 3.0 | 11.0 | 数据优化 | <- | <- | <- | 
| 2025-04-12 | T9M-2 | 10:00:00 | 16:00:00 | 5.5 | 5.5 | 数据优化 | <- | <- | <- | 
| 2025-04-13 | T9M-2 |  |  |  |  |  | <- | <- | <- | 
| 2025-04-14 | T9M-2 | 09:00:00 | 19:00:00 | 1.5 | 9.5 | 数据优化 | <- | <- | <- | 
| 2025-04-15 | T9M-2 | 08:30:00 | 18:30:00 | 1.5 | 9.5 | 数据优化 | <- | <- | <- | 
| 2025-04-16 | T9M-2 | 09:00:00 | 20:00:00 | 2.5 | 10.5 | 数据优化 | <- | <- | <- | 
| 2025-04-17 | T9M-2 | 08:30:00 | 18:30:00 | 1.5 | 9.5 | 数据优化 | <- | <- | <- | 
| 2025-04-18 | T9M-2 | 08:30:00 | 22:00:00 | 5.0 | 13.0 | 数据优化 | <- | <- | <- | 
| 2025-04-19 | T9M-2 |  |  |  |  |  | <- | <- | <- | 
| 2025-04-20 | T9M-2 |  |  |  |  |  | <- | <- | <- | 
| 2025-04-21 | T9M-2 | 08:30:00 | 18:30:00 | 1.5 | 9.5 | 数据优化 | <- | <- | <- | 
| 2025-04-22 | T9M-2 | 08:30:00 | 20:00:00 | 3.0 | 11.0 | 数据优化 | <- | <- | <- | 
| 2025-04-23 | T9M-2 | 08:30:00 | 20:00:00 | 3.0 | 11.0 | 数据优化 | <- | <- | <- | 
| 2025-04-24 | T9M-2 | 08:30:00 | 21:00:00 | 4.0 | 12.0 | 数据优化 | <- | <- | <- | 
| 2025-04-25 | T9M-2 | 08:30:00 | 20:00:00 | 3.0 | 11.0 | 数据优化 | <- | <- | <- | 
| 2025-04-26 | T9M-2 |  |  |  |  |  | <- | <- | <- | 
| 2025-04-27 | T9M-2 | 08:30:00 | 20:00:00 | 3.0 | 11.0 | 数据优化 | <- | <- | <- | 
| 2025-04-28 | T9M-2 | 09:00:00 | 20:00:00 | 2.5 | 10.5 | 数据优化 | <- | <- | <- | 
| 2025-04-29 | T9M-2 | 08:30:00 | 20:00:00 | 3.0 | 11.0 | 数据优化 | <- | <- | <- | 
| 2025-04-30 | T9M-2 | 08:30:00 | 18:00:00 | 1.0 | 9.0 | 数据优化 | <- | <- | <- | 
| 2025-05-01 |  |  |  |  |  |  | <- | <- | <- | 
| 工时统计 | 项目名称 | 项目编号 | 加班 | <- | 工时 | 项目工程师签字 | <- | <- | <- | 
| ^ | T9M-2 |  | 63.5 | <- | 239.5 |  | <- | <- | <- | 
| ^ |  |  |  | <- |  |  | <- | <- | <- | 
| ^ |  |  |  | <- |  |  | <- | <- | <- | 
| ^ |  |  |  | <- |  |  | <- | <- | <- | 
| 总计工时 | 239.50 | <- | 经理签字： | <- | <- |  | <- | <- | <- | 


## 工作表: Sheet1

| A | B | C | D | E | F | 
|  --- | --- | --- | --- | --- | --- |
|  |  |  | 一年调整一次，请勿随意删除 | <- | <- | 
|  |  |  | 2025 | <- | <- | 
| 年 | 月 |  | 节假日 | 调休加班日 |  | 
| 1905-07-17 | 4 |  | 45658 | 45683 |  | 
|  |  |  | 45685 | 45696 |  | 
|  |  |  | 45686 | 45774 |  | 
|  |  |  | 45687 | 45928 |  | 
|  |  |  | 45688 | 45941 |  | 
|  |  |  | 45689 |  |  | 
|  |  |  | 45690 |  |  | 
|  |  |  | 45691 |  |  | 
|  |  |  | 45692 |  |  | 
|  |  |  | 45751 |  |  | 
|  |  |  | 45752 |  |  | 
|  |  |  | 45753 |  |  | 
|  |  |  | 45778 |  |  | 
|  |  |  | 45779 |  |  | 
|  |  |  | 45780 |  |  | 
|  |  |  | 45781 |  |  | 
|  |  |  | 45782 |  |  | 
|  |  |  | 45808 |  |  | 
|  |  |  | 45809 |  |  | 
|  |  |  | 45810 |  |  | 
|  |  |  | 45931 |  |  | 
|  |  |  | 45932 |  |  | 
|  |  |  | 45933 |  |  | 
|  |  |  | 45934 |  |  | 
|  |  |  | 45935 |  |  | 
|  |  |  | 45936 |  |  | 
|  |  |  | 45937 |  |  | 
|  |  |  | 45938 |  |  | 



2025-05-20 10:59:50,348 - INFO - 请求成功，状态码: 200
2025-05-20 10:59:50,349 - INFO - 模型返回：{"employee_name":"郝春婷", "company_name":"上海睿励信息技术有限公司"}

2025-05-20 10:59:50,350 - INFO - 解析模型返回：
 - 员工姓名：郝春婷,  - 公司名称：上海睿励信息技术有限公司
2025-05-20 10:59:50,350 - INFO - 

从表格文本中，提取汇总数据...
2025-05-20 10:59:50,350 - INFO - 发送请求到模型API...
2025-05-20 10:59:50,351 - INFO - system_prompt：
你是一个专业的工时数据提取助手。用户会提供给你一份Excel工时表，已转换为Markdown格式。你需要提取出表格中的按照项目做统计的工时汇总数据。将提取结果以JSON格式输出。以项目名称作为key为项目名称，value为包含加班和工时的字典。

markdown格式的表格中合并单元格表示法：
   - "^" 符号表示该单元格与上方单元格合并（纵向合并）
   - "<-" 符号表示该单元格与左侧单元格合并（横向合并）
   - "^<-" 符号表示该单元格同时与上方和左侧单元格合并（纵横合并）

你可以按照以下步骤进行分析：
1. 首先，定位表格中工时统计汇总数据，通常在表格的下方。
2. 读取工时统计汇总数据，包含项目名称、项目编号、加班、工时等。项目编号可能为空。
3. 整理所有数据，以JSON格式输。key为项目名称，value为包含加班`overtime_hours`和工时`total_hours`的字典。

注意：
1.直接返回结果，不要包含任何解释或说明。
2.输出结果必须严格按照无语法错误的JSON格式输出，不能有任何其他格式。

以JSON格式输出结果，示例输出如下：
示例1：
{"D11":{"overtime_hours":20,"total_hours":120}, "A12":{"overtime_hours":6,"total_hours":14}, "B13":{"overtime_hours":1,"total_hours":10}}
示例2：
{"D11":{"overtime_hours":20,"total_hours":120}, "A12":{"overtime_hours":6,"total_hours":14}}

2025-05-20 10:59:50,353 - INFO - user_prompt：## 工作表: 郝春婷

| A | B | C | D | E | F | G | H | I | J | 
|  --- | --- | --- | --- | --- | --- | --- | --- | --- | --- |
| 重庆延锋安道拓 | <- | 上海睿励信息技术有限公司 工时记录表 | <- | <- | <- | <- | <- | <- | <- | 
| ^ | ^<- | 供应商 |  | <- | <- | <- | <- | <- | <- | 
| 工程师 | 郝春婷 | <- | 负责人 | 陈伟 | 电话 | 15823573500 | <- | <- | <- | 
| 日期 | 项目名称 | 开始工作时间 | 工作结束时间 | 加班时间 | 总工作时间 | 备注 | <- | <- | <- | 
| 2025-04-01 | T9M-2 | 08:30:00 | 20:00:00 | 3.0 | 11.0 | 数据优化 | <- | <- | <- | 
| 2025-04-02 | T9M-2 | 08:30:00 | 19:00:00 | 2.0 | 10.0 | 数据优化 | <- | <- | <- | 
| 2025-04-03 | T9M-2 | 08:30:00 | 17:30:00 | 0.5 | 8.5 | 数据优化 | <- | <- | <- | 
| 2025-04-04 | T9M-2 |  |  |  |  |  | <- | <- | <- | 
| 2025-04-05 | T9M-2 |  |  |  |  |  | <- | <- | <- | 
| 2025-04-06 | T9M-2 |  |  |  |  |  | <- | <- | <- | 
| 2025-04-07 | T9M-2 | 08:30:00 | 18:00:00 | 1.0 | 9.0 | 数据优化 | <- | <- | <- | 
| 2025-04-08 | T9M-2 | 08:30:00 | 21:30:00 | 4.5 | 12.5 | 数据优化 | <- | <- | <- | 
| 2025-04-09 | T9M-2 | 08:30:00 | 20:00:00 | 3.0 | 11.0 | 数据优化 | <- | <- | <- | 
| 2025-04-10 | T9M-2 | 08:30:00 | 22:00:00 | 5.0 | 13.0 | 数据优化 | <- | <- | <- | 
| 2025-04-11 | T9M-2 | 08:30:00 | 20:00:00 | 3.0 | 11.0 | 数据优化 | <- | <- | <- | 
| 2025-04-12 | T9M-2 | 10:00:00 | 16:00:00 | 5.5 | 5.5 | 数据优化 | <- | <- | <- | 
| 2025-04-13 | T9M-2 |  |  |  |  |  | <- | <- | <- | 
| 2025-04-14 | T9M-2 | 09:00:00 | 19:00:00 | 1.5 | 9.5 | 数据优化 | <- | <- | <- | 
| 2025-04-15 | T9M-2 | 08:30:00 | 18:30:00 | 1.5 | 9.5 | 数据优化 | <- | <- | <- | 
| 2025-04-16 | T9M-2 | 09:00:00 | 20:00:00 | 2.5 | 10.5 | 数据优化 | <- | <- | <- | 
| 2025-04-17 | T9M-2 | 08:30:00 | 18:30:00 | 1.5 | 9.5 | 数据优化 | <- | <- | <- | 
| 2025-04-18 | T9M-2 | 08:30:00 | 22:00:00 | 5.0 | 13.0 | 数据优化 | <- | <- | <- | 
| 2025-04-19 | T9M-2 |  |  |  |  |  | <- | <- | <- | 
| 2025-04-20 | T9M-2 |  |  |  |  |  | <- | <- | <- | 
| 2025-04-21 | T9M-2 | 08:30:00 | 18:30:00 | 1.5 | 9.5 | 数据优化 | <- | <- | <- | 
| 2025-04-22 | T9M-2 | 08:30:00 | 20:00:00 | 3.0 | 11.0 | 数据优化 | <- | <- | <- | 
| 2025-04-23 | T9M-2 | 08:30:00 | 20:00:00 | 3.0 | 11.0 | 数据优化 | <- | <- | <- | 
| 2025-04-24 | T9M-2 | 08:30:00 | 21:00:00 | 4.0 | 12.0 | 数据优化 | <- | <- | <- | 
| 2025-04-25 | T9M-2 | 08:30:00 | 20:00:00 | 3.0 | 11.0 | 数据优化 | <- | <- | <- | 
| 2025-04-26 | T9M-2 |  |  |  |  |  | <- | <- | <- | 
| 2025-04-27 | T9M-2 | 08:30:00 | 20:00:00 | 3.0 | 11.0 | 数据优化 | <- | <- | <- | 
| 2025-04-28 | T9M-2 | 09:00:00 | 20:00:00 | 2.5 | 10.5 | 数据优化 | <- | <- | <- | 
| 2025-04-29 | T9M-2 | 08:30:00 | 20:00:00 | 3.0 | 11.0 | 数据优化 | <- | <- | <- | 
| 2025-04-30 | T9M-2 | 08:30:00 | 18:00:00 | 1.0 | 9.0 | 数据优化 | <- | <- | <- | 
| 2025-05-01 |  |  |  |  |  |  | <- | <- | <- | 
| 工时统计 | 项目名称 | 项目编号 | 加班 | <- | 工时 | 项目工程师签字 | <- | <- | <- | 
| ^ | T9M-2 |  | 63.5 | <- | 239.5 |  | <- | <- | <- | 
| ^ |  |  |  | <- |  |  | <- | <- | <- | 
| ^ |  |  |  | <- |  |  | <- | <- | <- | 
| ^ |  |  |  | <- |  |  | <- | <- | <- | 
| 总计工时 | 239.50 | <- | 经理签字： | <- | <- |  | <- | <- | <- | 


## 工作表: Sheet1

| A | B | C | D | E | F | 
|  --- | --- | --- | --- | --- | --- |
|  |  |  | 一年调整一次，请勿随意删除 | <- | <- | 
|  |  |  | 2025 | <- | <- | 
| 年 | 月 |  | 节假日 | 调休加班日 |  | 
| 1905-07-17 | 4 |  | 45658 | 45683 |  | 
|  |  |  | 45685 | 45696 |  | 
|  |  |  | 45686 | 45774 |  | 
|  |  |  | 45687 | 45928 |  | 
|  |  |  | 45688 | 45941 |  | 
|  |  |  | 45689 |  |  | 
|  |  |  | 45690 |  |  | 
|  |  |  | 45691 |  |  | 
|  |  |  | 45692 |  |  | 
|  |  |  | 45751 |  |  | 
|  |  |  | 45752 |  |  | 
|  |  |  | 45753 |  |  | 
|  |  |  | 45778 |  |  | 
|  |  |  | 45779 |  |  | 
|  |  |  | 45780 |  |  | 
|  |  |  | 45781 |  |  | 
|  |  |  | 45782 |  |  | 
|  |  |  | 45808 |  |  | 
|  |  |  | 45809 |  |  | 
|  |  |  | 45810 |  |  | 
|  |  |  | 45931 |  |  | 
|  |  |  | 45932 |  |  | 
|  |  |  | 45933 |  |  | 
|  |  |  | 45934 |  |  | 
|  |  |  | 45935 |  |  | 
|  |  |  | 45936 |  |  | 
|  |  |  | 45937 |  |  | 
|  |  |  | 45938 |  |  | 



2025-05-20 10:59:52,759 - INFO - 请求成功，状态码: 200
2025-05-20 10:59:52,760 - INFO - 模型返回：
{"T9M-2":{"overtime_hours":63.5,"total_hours":239.5}}

2025-05-20 10:59:52,760 - INFO - 源数据表中的工时汇总数据：{'T9M-2': {'overtime_hours': 63.5, 'total_hours': 239.5}}
2025-05-20 10:59:52,760 - INFO - 文件处理进度：9 / 10
2025-05-20 10:59:52,762 - INFO - 开始处理工时文件：D:/sotos工作资料/test/1\陈庆工时表-重庆安道拓-2025年04月.xlsx
2025-05-20 10:59:52,854 - INFO - Excel表格提取文本：
## 工作表: 陈庆

| A | B | C | D | E | F | G | H | I | J | 
|  --- | --- | --- | --- | --- | --- | --- | --- | --- | --- |
| 重庆延锋安道拓 | <- | 上海睿励信息技术有限公司 工时记录表 | <- | <- | <- | <- | <- | <- | <- | 
| ^ | ^<- | 供应商 |  | <- | <- | <- | <- | <- | <- | 
| 工程师 | 陈庆 | <- | 负责人 | 郑浪 | 电话 | 18716280024 | <- | <- | <- | 
| 日期 | 项目名称 | 开始工作时间 | 工作结束时间 | 加班时间 | 总工作时间 | 备注 | <- | <- | <- | 
| 2025-04-01 | PK1B | 09:00:00 | 20:00:00 | 2.5 | 10.5 | 数据设变 | <- | <- | <- | 
| 2025-04-02 | PK1B | 09:00:00 | 20:00:00 | 2.5 | 10.5 | 数据设变 | <- | <- | <- | 
| 2025-04-03 | PK1B | 09:00:00 | 18:30:00 | 1.0 | 9.0 | 数据设变 | <- | <- | <- | 
| 2025-04-04 | PK1B |  |  |  |  |  | <- | <- | <- | 
| 2025-04-05 | PK1B |  |  |  |  |  | <- | <- | <- | 
| 2025-04-06 | PK1B |  |  |  |  |  | <- | <- | <- | 
| 2025-04-07 | PK1B | 09:00:00 | 20:00:00 | 2.5 | 10.5 | 数据设变 | <- | <- | <- | 
| 2025-04-08 | T88-M | 09:00:00 | 20:30:00 | 3.0 | 11.0 | 方案数据 | <- | <- | <- | 
| 2025-04-09 | T88-M | 08:30:00 | 20:00:00 | 3.0 | 11.0 | 方案数据 | <- | <- | <- | 
| 2025-04-10 | T88-M | 09:00:00 | 20:30:00 | 3.0 | 11.0 | 方案数据 | <- | <- | <- | 
| 2025-04-11 | T88-M | 09:00:00 | 20:00:00 | 2.5 | 10.5 | 方案数据 | <- | <- | <- | 
| 2025-04-12 | T88-M |  |  |  |  |  | <- | <- | <- | 
| 2025-04-13 | T88-M |  |  |  |  |  | <- | <- | <- | 
| 2025-04-14 | T88-M | 09:00:00 | 20:00:00 | 2.5 | 10.5 | 方案数据 | <- | <- | <- | 
| 2025-04-15 | T88-M | 09:00:00 | 20:30:00 | 3.0 | 11.0 | 方案数据 | <- | <- | <- | 
| 2025-04-16 | PK1B | 09:00:00 | 21:30:00 | 4.0 | 12.0 | 检查清单 | <- | <- | <- | 
| 2025-04-17 | T88-M | 08:30:00 | 20:00:00 | 3.0 | 11.0 | 方案数据 | <- | <- | <- | 
| 2025-04-18 | T88-M | 09:00:00 | 20:00:00 | 2.5 | 10.5 | 方案数据 | <- | <- | <- | 
| 2025-04-19 | T88-M |  |  |  |  |  | <- | <- | <- | 
| 2025-04-20 | T88-M |  |  |  |  |  | <- | <- | <- | 
| 2025-04-21 | T88-M | 09:00:00 | 20:00:00 | 2.5 | 10.5 | 方案数据 | <- | <- | <- | 
| 2025-04-22 | T88-M | 09:00:00 | 20:30:00 | 3.0 | 11.0 | 方案数据 | <- | <- | <- | 
| 2025-04-23 | T88-M | 09:00:00 | 20:00:00 | 2.5 | 10.5 | 方案数据 | <- | <- | <- | 
| 2025-04-24 | T88-M | 09:00:00 | 20:00:00 | 2.5 | 10.5 | 方案数据 | <- | <- | <- | 
| 2025-04-25 | T88-M | 09:00:00 | 20:00:00 | 2.5 | 10.5 | 方案数据 | <- | <- | <- | 
| 2025-04-26 | T88-M |  |  |  |  |  | <- | <- | <- | 
| 2025-04-27 | T88-M | 09:00:00 | 20:00:00 | 2.5 | 10.5 | 方案数据 | <- | <- | <- | 
| 2025-04-28 | T88-M | 09:00:00 | 20:30:00 | 3.0 | 11.0 | 方案数据 | <- | <- | <- | 
| 2025-04-29 | T88-M | 09:00:00 | 20:00:00 | 2.5 | 10.5 | 方案数据 | <- | <- | <- | 
| 2025-04-30 | T88-M | 08:00:00 | 19:00:00 | 2.5 | 10.5 | 方案数据 | <- | <- | <- | 
|  |  |  |  |  |  |  | <- | <- | <- | 
| 工时统计 | 项目名称 | 项目编号 | 加班 | <- | 工时 | 项目工程师签字 | <- | <- | <- | 
| ^ | PK1B |  | 12.5 | <- | 52.5 |  | <- | <- | <- | 
| ^ | T88-M |  | 46.0 | <- | 182.0 |  | <- | <- | <- | 
| ^ |  |  |  | <- |  |  | <- | <- | <- | 
| ^ |  |  |  | <- |  |  | <- | <- | <- | 
| 总计工时 | 234.50 | <- | 经理签字： | <- | <- |  | <- | <- | <- | 


## 工作表: Sheet1

| A | B | C | D | E | F | 
|  --- | --- | --- | --- | --- | --- |
|  |  |  | 一年调整一次，请勿随意删除 | <- | <- | 
|  |  |  | 2025 | <- | <- | 
| 年 | 月 |  | 节假日 | 调休加班日 |  | 
| 1905-07-17 | 4 |  | 45658 | 45683 |  | 
|  |  |  | 45685 | 45696 |  | 
|  |  |  | 45686 | 45774 |  | 
|  |  |  | 45687 | 45928 |  | 
|  |  |  | 45688 | 45941 |  | 
|  |  |  | 45689 |  |  | 
|  |  |  | 45690 |  |  | 
|  |  |  | 45691 |  |  | 
|  |  |  | 45692 |  |  | 
|  |  |  | 45751 |  |  | 
|  |  |  | 45752 |  |  | 
|  |  |  | 45753 |  |  | 
|  |  |  | 45778 |  |  | 
|  |  |  | 45779 |  |  | 
|  |  |  | 45780 |  |  | 
|  |  |  | 45781 |  |  | 
|  |  |  | 45782 |  |  | 
|  |  |  | 45808 |  |  | 
|  |  |  | 45809 |  |  | 
|  |  |  | 45810 |  |  | 
|  |  |  | 45931 |  |  | 
|  |  |  | 45932 |  |  | 
|  |  |  | 45933 |  |  | 
|  |  |  | 45934 |  |  | 
|  |  |  | 45935 |  |  | 
|  |  |  | 45936 |  |  | 
|  |  |  | 45937 |  |  | 
|  |  |  | 45938 |  |  | 



2025-05-20 10:59:52,861 - INFO - 从表格文本中，提取员工姓名和公司名称...
2025-05-20 10:59:52,862 - INFO - 发送请求到模型API...
2025-05-20 10:59:52,862 - INFO - system_prompt：
你是一个专业的表格信息提取助手。用户会提供给你一份Excel工时表，已转换为Markdown格式。你需要提取出表格包含的员工姓名`employee_name`和公司名称`company_name`。以JSON格式输出结果，包含`employee_name`和`company_name`两个字段。如果无法提取到员工姓名和公司名称，请返回空字符串。

markdown格式的表格中合并单元格表示法：
   - "^" 符号表示该单元格与上方单元格合并（纵向合并）
   - "<-" 符号表示该单元格与左侧单元格合并（横向合并）
   - "^<-" 符号表示该单元格同时与上方和左侧单元格合并（纵横合并）

比如：{"employee_name":"张三", "company_name":"XXX公司"}
注意：直接返回结果，不要包含任何解释或说明。

2025-05-20 10:59:52,863 - INFO - user_prompt：## 工作表: 陈庆

| A | B | C | D | E | F | G | H | I | J | 
|  --- | --- | --- | --- | --- | --- | --- | --- | --- | --- |
| 重庆延锋安道拓 | <- | 上海睿励信息技术有限公司 工时记录表 | <- | <- | <- | <- | <- | <- | <- | 
| ^ | ^<- | 供应商 |  | <- | <- | <- | <- | <- | <- | 
| 工程师 | 陈庆 | <- | 负责人 | 郑浪 | 电话 | 18716280024 | <- | <- | <- | 
| 日期 | 项目名称 | 开始工作时间 | 工作结束时间 | 加班时间 | 总工作时间 | 备注 | <- | <- | <- | 
| 2025-04-01 | PK1B | 09:00:00 | 20:00:00 | 2.5 | 10.5 | 数据设变 | <- | <- | <- | 
| 2025-04-02 | PK1B | 09:00:00 | 20:00:00 | 2.5 | 10.5 | 数据设变 | <- | <- | <- | 
| 2025-04-03 | PK1B | 09:00:00 | 18:30:00 | 1.0 | 9.0 | 数据设变 | <- | <- | <- | 
| 2025-04-04 | PK1B |  |  |  |  |  | <- | <- | <- | 
| 2025-04-05 | PK1B |  |  |  |  |  | <- | <- | <- | 
| 2025-04-06 | PK1B |  |  |  |  |  | <- | <- | <- | 
| 2025-04-07 | PK1B | 09:00:00 | 20:00:00 | 2.5 | 10.5 | 数据设变 | <- | <- | <- | 
| 2025-04-08 | T88-M | 09:00:00 | 20:30:00 | 3.0 | 11.0 | 方案数据 | <- | <- | <- | 
| 2025-04-09 | T88-M | 08:30:00 | 20:00:00 | 3.0 | 11.0 | 方案数据 | <- | <- | <- | 
| 2025-04-10 | T88-M | 09:00:00 | 20:30:00 | 3.0 | 11.0 | 方案数据 | <- | <- | <- | 
| 2025-04-11 | T88-M | 09:00:00 | 20:00:00 | 2.5 | 10.5 | 方案数据 | <- | <- | <- | 
| 2025-04-12 | T88-M |  |  |  |  |  | <- | <- | <- | 
| 2025-04-13 | T88-M |  |  |  |  |  | <- | <- | <- | 
| 2025-04-14 | T88-M | 09:00:00 | 20:00:00 | 2.5 | 10.5 | 方案数据 | <- | <- | <- | 
| 2025-04-15 | T88-M | 09:00:00 | 20:30:00 | 3.0 | 11.0 | 方案数据 | <- | <- | <- | 
| 2025-04-16 | PK1B | 09:00:00 | 21:30:00 | 4.0 | 12.0 | 检查清单 | <- | <- | <- | 
| 2025-04-17 | T88-M | 08:30:00 | 20:00:00 | 3.0 | 11.0 | 方案数据 | <- | <- | <- | 
| 2025-04-18 | T88-M | 09:00:00 | 20:00:00 | 2.5 | 10.5 | 方案数据 | <- | <- | <- | 
| 2025-04-19 | T88-M |  |  |  |  |  | <- | <- | <- | 
| 2025-04-20 | T88-M |  |  |  |  |  | <- | <- | <- | 
| 2025-04-21 | T88-M | 09:00:00 | 20:00:00 | 2.5 | 10.5 | 方案数据 | <- | <- | <- | 
| 2025-04-22 | T88-M | 09:00:00 | 20:30:00 | 3.0 | 11.0 | 方案数据 | <- | <- | <- | 
| 2025-04-23 | T88-M | 09:00:00 | 20:00:00 | 2.5 | 10.5 | 方案数据 | <- | <- | <- | 
| 2025-04-24 | T88-M | 09:00:00 | 20:00:00 | 2.5 | 10.5 | 方案数据 | <- | <- | <- | 
| 2025-04-25 | T88-M | 09:00:00 | 20:00:00 | 2.5 | 10.5 | 方案数据 | <- | <- | <- | 
| 2025-04-26 | T88-M |  |  |  |  |  | <- | <- | <- | 
| 2025-04-27 | T88-M | 09:00:00 | 20:00:00 | 2.5 | 10.5 | 方案数据 | <- | <- | <- | 
| 2025-04-28 | T88-M | 09:00:00 | 20:30:00 | 3.0 | 11.0 | 方案数据 | <- | <- | <- | 
| 2025-04-29 | T88-M | 09:00:00 | 20:00:00 | 2.5 | 10.5 | 方案数据 | <- | <- | <- | 
| 2025-04-30 | T88-M | 08:00:00 | 19:00:00 | 2.5 | 10.5 | 方案数据 | <- | <- | <- | 
|  |  |  |  |  |  |  | <- | <- | <- | 
| 工时统计 | 项目名称 | 项目编号 | 加班 | <- | 工时 | 项目工程师签字 | <- | <- | <- | 
| ^ | PK1B |  | 12.5 | <- | 52.5 |  | <- | <- | <- | 
| ^ | T88-M |  | 46.0 | <- | 182.0 |  | <- | <- | <- | 
| ^ |  |  |  | <- |  |  | <- | <- | <- | 
| ^ |  |  |  | <- |  |  | <- | <- | <- | 
| 总计工时 | 234.50 | <- | 经理签字： | <- | <- |  | <- | <- | <- | 


## 工作表: Sheet1

| A | B | C | D | E | F | 
|  --- | --- | --- | --- | --- | --- |
|  |  |  | 一年调整一次，请勿随意删除 | <- | <- | 
|  |  |  | 2025 | <- | <- | 
| 年 | 月 |  | 节假日 | 调休加班日 |  | 
| 1905-07-17 | 4 |  | 45658 | 45683 |  | 
|  |  |  | 45685 | 45696 |  | 
|  |  |  | 45686 | 45774 |  | 
|  |  |  | 45687 | 45928 |  | 
|  |  |  | 45688 | 45941 |  | 
|  |  |  | 45689 |  |  | 
|  |  |  | 45690 |  |  | 
|  |  |  | 45691 |  |  | 
|  |  |  | 45692 |  |  | 
|  |  |  | 45751 |  |  | 
|  |  |  | 45752 |  |  | 
|  |  |  | 45753 |  |  | 
|  |  |  | 45778 |  |  | 
|  |  |  | 45779 |  |  | 
|  |  |  | 45780 |  |  | 
|  |  |  | 45781 |  |  | 
|  |  |  | 45782 |  |  | 
|  |  |  | 45808 |  |  | 
|  |  |  | 45809 |  |  | 
|  |  |  | 45810 |  |  | 
|  |  |  | 45931 |  |  | 
|  |  |  | 45932 |  |  | 
|  |  |  | 45933 |  |  | 
|  |  |  | 45934 |  |  | 
|  |  |  | 45935 |  |  | 
|  |  |  | 45936 |  |  | 
|  |  |  | 45937 |  |  | 
|  |  |  | 45938 |  |  | 



2025-05-20 10:59:54,855 - INFO - 请求成功，状态码: 200
2025-05-20 10:59:54,857 - INFO - 模型返回：{"employee_name":"陈庆", "company_name":"重庆延锋安道拓"}

2025-05-20 10:59:54,857 - INFO - 解析模型返回：
 - 员工姓名：陈庆,  - 公司名称：重庆延锋安道拓
2025-05-20 10:59:54,858 - INFO - 

从表格文本中，提取汇总数据...
2025-05-20 10:59:54,859 - INFO - 发送请求到模型API...
2025-05-20 10:59:54,859 - INFO - system_prompt：
你是一个专业的工时数据提取助手。用户会提供给你一份Excel工时表，已转换为Markdown格式。你需要提取出表格中的按照项目做统计的工时汇总数据。将提取结果以JSON格式输出。以项目名称作为key为项目名称，value为包含加班和工时的字典。

markdown格式的表格中合并单元格表示法：
   - "^" 符号表示该单元格与上方单元格合并（纵向合并）
   - "<-" 符号表示该单元格与左侧单元格合并（横向合并）
   - "^<-" 符号表示该单元格同时与上方和左侧单元格合并（纵横合并）

你可以按照以下步骤进行分析：
1. 首先，定位表格中工时统计汇总数据，通常在表格的下方。
2. 读取工时统计汇总数据，包含项目名称、项目编号、加班、工时等。项目编号可能为空。
3. 整理所有数据，以JSON格式输。key为项目名称，value为包含加班`overtime_hours`和工时`total_hours`的字典。

注意：
1.直接返回结果，不要包含任何解释或说明。
2.输出结果必须严格按照无语法错误的JSON格式输出，不能有任何其他格式。

以JSON格式输出结果，示例输出如下：
示例1：
{"D11":{"overtime_hours":20,"total_hours":120}, "A12":{"overtime_hours":6,"total_hours":14}, "B13":{"overtime_hours":1,"total_hours":10}}
示例2：
{"D11":{"overtime_hours":20,"total_hours":120}, "A12":{"overtime_hours":6,"total_hours":14}}

2025-05-20 10:59:54,862 - INFO - user_prompt：## 工作表: 陈庆

| A | B | C | D | E | F | G | H | I | J | 
|  --- | --- | --- | --- | --- | --- | --- | --- | --- | --- |
| 重庆延锋安道拓 | <- | 上海睿励信息技术有限公司 工时记录表 | <- | <- | <- | <- | <- | <- | <- | 
| ^ | ^<- | 供应商 |  | <- | <- | <- | <- | <- | <- | 
| 工程师 | 陈庆 | <- | 负责人 | 郑浪 | 电话 | 18716280024 | <- | <- | <- | 
| 日期 | 项目名称 | 开始工作时间 | 工作结束时间 | 加班时间 | 总工作时间 | 备注 | <- | <- | <- | 
| 2025-04-01 | PK1B | 09:00:00 | 20:00:00 | 2.5 | 10.5 | 数据设变 | <- | <- | <- | 
| 2025-04-02 | PK1B | 09:00:00 | 20:00:00 | 2.5 | 10.5 | 数据设变 | <- | <- | <- | 
| 2025-04-03 | PK1B | 09:00:00 | 18:30:00 | 1.0 | 9.0 | 数据设变 | <- | <- | <- | 
| 2025-04-04 | PK1B |  |  |  |  |  | <- | <- | <- | 
| 2025-04-05 | PK1B |  |  |  |  |  | <- | <- | <- | 
| 2025-04-06 | PK1B |  |  |  |  |  | <- | <- | <- | 
| 2025-04-07 | PK1B | 09:00:00 | 20:00:00 | 2.5 | 10.5 | 数据设变 | <- | <- | <- | 
| 2025-04-08 | T88-M | 09:00:00 | 20:30:00 | 3.0 | 11.0 | 方案数据 | <- | <- | <- | 
| 2025-04-09 | T88-M | 08:30:00 | 20:00:00 | 3.0 | 11.0 | 方案数据 | <- | <- | <- | 
| 2025-04-10 | T88-M | 09:00:00 | 20:30:00 | 3.0 | 11.0 | 方案数据 | <- | <- | <- | 
| 2025-04-11 | T88-M | 09:00:00 | 20:00:00 | 2.5 | 10.5 | 方案数据 | <- | <- | <- | 
| 2025-04-12 | T88-M |  |  |  |  |  | <- | <- | <- | 
| 2025-04-13 | T88-M |  |  |  |  |  | <- | <- | <- | 
| 2025-04-14 | T88-M | 09:00:00 | 20:00:00 | 2.5 | 10.5 | 方案数据 | <- | <- | <- | 
| 2025-04-15 | T88-M | 09:00:00 | 20:30:00 | 3.0 | 11.0 | 方案数据 | <- | <- | <- | 
| 2025-04-16 | PK1B | 09:00:00 | 21:30:00 | 4.0 | 12.0 | 检查清单 | <- | <- | <- | 
| 2025-04-17 | T88-M | 08:30:00 | 20:00:00 | 3.0 | 11.0 | 方案数据 | <- | <- | <- | 
| 2025-04-18 | T88-M | 09:00:00 | 20:00:00 | 2.5 | 10.5 | 方案数据 | <- | <- | <- | 
| 2025-04-19 | T88-M |  |  |  |  |  | <- | <- | <- | 
| 2025-04-20 | T88-M |  |  |  |  |  | <- | <- | <- | 
| 2025-04-21 | T88-M | 09:00:00 | 20:00:00 | 2.5 | 10.5 | 方案数据 | <- | <- | <- | 
| 2025-04-22 | T88-M | 09:00:00 | 20:30:00 | 3.0 | 11.0 | 方案数据 | <- | <- | <- | 
| 2025-04-23 | T88-M | 09:00:00 | 20:00:00 | 2.5 | 10.5 | 方案数据 | <- | <- | <- | 
| 2025-04-24 | T88-M | 09:00:00 | 20:00:00 | 2.5 | 10.5 | 方案数据 | <- | <- | <- | 
| 2025-04-25 | T88-M | 09:00:00 | 20:00:00 | 2.5 | 10.5 | 方案数据 | <- | <- | <- | 
| 2025-04-26 | T88-M |  |  |  |  |  | <- | <- | <- | 
| 2025-04-27 | T88-M | 09:00:00 | 20:00:00 | 2.5 | 10.5 | 方案数据 | <- | <- | <- | 
| 2025-04-28 | T88-M | 09:00:00 | 20:30:00 | 3.0 | 11.0 | 方案数据 | <- | <- | <- | 
| 2025-04-29 | T88-M | 09:00:00 | 20:00:00 | 2.5 | 10.5 | 方案数据 | <- | <- | <- | 
| 2025-04-30 | T88-M | 08:00:00 | 19:00:00 | 2.5 | 10.5 | 方案数据 | <- | <- | <- | 
|  |  |  |  |  |  |  | <- | <- | <- | 
| 工时统计 | 项目名称 | 项目编号 | 加班 | <- | 工时 | 项目工程师签字 | <- | <- | <- | 
| ^ | PK1B |  | 12.5 | <- | 52.5 |  | <- | <- | <- | 
| ^ | T88-M |  | 46.0 | <- | 182.0 |  | <- | <- | <- | 
| ^ |  |  |  | <- |  |  | <- | <- | <- | 
| ^ |  |  |  | <- |  |  | <- | <- | <- | 
| 总计工时 | 234.50 | <- | 经理签字： | <- | <- |  | <- | <- | <- | 


## 工作表: Sheet1

| A | B | C | D | E | F | 
|  --- | --- | --- | --- | --- | --- |
|  |  |  | 一年调整一次，请勿随意删除 | <- | <- | 
|  |  |  | 2025 | <- | <- | 
| 年 | 月 |  | 节假日 | 调休加班日 |  | 
| 1905-07-17 | 4 |  | 45658 | 45683 |  | 
|  |  |  | 45685 | 45696 |  | 
|  |  |  | 45686 | 45774 |  | 
|  |  |  | 45687 | 45928 |  | 
|  |  |  | 45688 | 45941 |  | 
|  |  |  | 45689 |  |  | 
|  |  |  | 45690 |  |  | 
|  |  |  | 45691 |  |  | 
|  |  |  | 45692 |  |  | 
|  |  |  | 45751 |  |  | 
|  |  |  | 45752 |  |  | 
|  |  |  | 45753 |  |  | 
|  |  |  | 45778 |  |  | 
|  |  |  | 45779 |  |  | 
|  |  |  | 45780 |  |  | 
|  |  |  | 45781 |  |  | 
|  |  |  | 45782 |  |  | 
|  |  |  | 45808 |  |  | 
|  |  |  | 45809 |  |  | 
|  |  |  | 45810 |  |  | 
|  |  |  | 45931 |  |  | 
|  |  |  | 45932 |  |  | 
|  |  |  | 45933 |  |  | 
|  |  |  | 45934 |  |  | 
|  |  |  | 45935 |  |  | 
|  |  |  | 45936 |  |  | 
|  |  |  | 45937 |  |  | 
|  |  |  | 45938 |  |  | 



2025-05-20 10:59:57,428 - INFO - 请求成功，状态码: 200
2025-05-20 10:59:57,429 - INFO - 模型返回：
{"PK1B":{"overtime_hours":12.5,"total_hours":52.5},"T88-M":{"overtime_hours":46.0,"total_hours":182.0}}

2025-05-20 10:59:57,430 - INFO - 源数据表中的工时汇总数据：{'PK1B': {'overtime_hours': 12.5, 'total_hours': 52.5}, 'T88-M': {'overtime_hours': 46.0, 'total_hours': 182.0}}
2025-05-20 10:59:57,430 - INFO - 文件处理进度：10 / 10
2025-05-20 10:59:57,431 - INFO - 开始处理工时文件：D:/sotos工作资料/test/1\高家琦工时表-重庆安道拓-2025年4月.xlsx
2025-05-20 10:59:57,596 - INFO - Excel表格提取文本：
## 工作表: 高家琦

| A | B | C | D | E | F | G | H | I | J | K | L | M | N | O | P | Q | R | S | 
|  --- | --- | --- | --- | --- | --- | --- | --- | --- | --- | --- | --- | --- | --- | --- | --- | --- | --- | --- |
| 重庆延锋安道拓 | <- | 上海睿励信息技术有限公司 工时记录表 | <- | <- | <- | <- | <- | <- | <- |  | 早退 | 每日工作完成率 | 请假（详细说明请假事由，时间） | 迟到 | 数据质量问题发生率 | 加班出勤率 | 玩手机和睡觉 | 脱岗 | 
| ^ | ^<- | 供应商 |  | <- | <- | <- | <- | <- | <- | ^ | ^ | ^ | ^ | ^ | ^ | ^ | ^ | ^ | 
| 工程师 | 高家琦 | <- | 负责人 | 吴军 | 电话 | 13996310716 | <- | <- | <- | ^ | ^ | ^ | ^ | ^ | ^ | ^ | ^ | ^ | 
| 日期 | 项目名称 | 开始工作时间 | 工作结束时间 | 加班时间 | 总工作时间 | 备注 | <- | <- | <- | ^ | ^ | ^ | ^ | ^ | ^ | ^ | ^ | ^ | 
| 2025-04-01 | D16 | 09:00:00 | 21:00:00 | 3.5 | 11.5 | 优化数据 | <- | <- | <- |  |  |  |  |  |  |  |  |  | 
| 2025-04-02 | D16 | 09:00:00 | 22:00:00 | 4.5 | 12.5 | 优化数据 | <- | <- | <- |  |  |  |  |  |  |  |  |  | 
| 2025-04-03 | D16 | 09:00:00 | 17:30:00 | 0.0 | 8.0 | 线束盒方案优化 | <- | <- | <- |  |  |  |  |  |  |  |  |  | 
| 2025-04-04 |  |  |  |  |  |  | <- | <- | <- |  |  |  |  |  |  |  |  |  | 
| 2025-04-05 |  |  |  |  |  |  | <- | <- | <- |  |  |  |  |  |  |  |  |  | 
| 2025-04-06 | D16 | 13:00:00 | 17:00:00 | 4.0 | 4.0 | 优化数据 | <- | <- | <- |  |  |  |  |  |  |  |  |  | 
| 2025-04-07 | D16 | 09:00:00 | 20:00:00 | 2.5 | 10.5 | 优化数据 | <- | <- | <- |  |  |  |  |  |  |  |  |  | 
| 2025-04-08 | D16 | 09:00:00 | 21:00:00 | 3.5 | 11.5 | 优化数据 | <- | <- | <- |  |  |  |  |  |  |  |  |  | 
| 2025-04-09 | D16 | 09:00:00 | 21:30:00 | 4.0 | 12.0 | 优化数据 | <- | <- | <- |  |  |  |  |  |  |  |  |  | 
| 2025-04-10 | D16 | 09:00:00 | 20:00:00 | 2.5 | 10.5 | 优化数据 | <- | <- | <- |  |  |  |  |  |  |  |  |  | 
| 2025-04-11 | D16 | 09:00:00 | 19:00:00 | 1.5 | 9.5 | 杯托配合结构优化 | <- | <- | <- |  |  |  |  |  |  |  |  |  | 
| 2025-04-12 | D16 | 09:00:00 | 18:30:00 | 9.0 | 9.0 | 杯托配合结构优化 | <- | <- | <- |  |  |  |  |  |  |  |  |  | 
| 2025-04-13 |  |  |  |  |  |  | <- | <- | <- |  |  |  |  |  |  |  |  |  | 
| 2025-04-14 | D16 | 09:00:00 | 21:30:00 | 4.0 | 12.0 | 线束盒方案优化 | <- | <- | <- |  |  |  |  |  |  |  |  |  | 
| 2025-04-15 | D16 | 09:00:00 | 20:00:00 | 2.5 | 10.5 | 线束盒方案优化 | <- | <- | <- |  |  |  |  |  |  |  |  |  | 
| 2025-04-16 | D16 | 09:00:00 | 20:00:00 | 2.5 | 10.5 | 线束盒方案优化 | <- | <- | <- |  |  |  |  |  |  |  |  |  | 
| 2025-04-17 | D16 | 09:00:00 | 20:00:00 | 2.5 | 10.5 | 杯托配合结构优化 | <- | <- | <- |  |  |  |  |  |  |  |  |  | 
| 2025-04-18 | D16 | 09:00:00 | 18:30:00 | 1.0 | 9.0 | 杯托配合结构优化 | <- | <- | <- |  |  |  |  |  |  |  |  |  | 
| 2025-04-19 | D16 | 11:00:00 | 17:00:00 | 5.5 | 5.5 | 校核0419CAS并替换数据 | <- | <- | <- |  |  |  |  |  |  |  |  |  | 
| 2025-04-20 |  |  |  |  |  |  | <- | <- | <- |  |  |  |  |  |  |  |  |  | 
| 2025-04-21 | D16 | 09:00:00 | 20:30:00 | 3.0 | 11.0 | 校核0419CAS并替换数据 | <- | <- | <- |  |  |  |  |  |  |  |  |  | 
| 2025-04-22 | D16 | 09:00:00 | 22:00:00 | 4.5 | 12.5 | 校核0419CAS并替换数据 | <- | <- | <- |  |  |  |  |  |  |  |  |  | 
| 2025-04-23 | D16 | 09:00:00 | 21:30:00 | 4.0 | 12.0 | 优化数据 | <- | <- | <- |  |  |  |  |  |  |  |  |  | 
| 2025-04-24 | D16 | 09:00:00 | 19:30:00 | 2.0 | 10.0 | 校核0424CAS并替换数据 | <- | <- | <- |  |  |  |  |  |  |  |  |  | 
| 2025-04-25 | D16 | 09:00:00 | 20:30:00 | 3.0 | 11.0 | 校核0424CAS并替换数据 | <- | <- | <- |  |  |  |  |  |  |  |  |  | 
| 2025-04-26 | D16 | 09:30:00 | 12:30:00 | 2.5 | 2.5 | 根据DFM优化数据 | <- | <- | <- |  |  |  |  |  |  |  |  |  | 
| 2025-04-27 | D16 | 09:00:00 | 21:00:00 | 3.5 | 11.5 | 根据DFM优化数据 | <- | <- | <- |  |  |  |  |  |  |  |  |  | 
| 2025-04-28 | D16 | 09:00:00 | 21:00:00 | 3.5 | 11.5 | 根据DFM优化数据 | <- | <- | <- |  |  |  |  |  |  |  |  |  | 
| 2025-04-29 | D16 | 09:00:00 | 20:00:00 | 2.5 | 10.5 | 根据DFM优化数据 | <- | <- | <- |  |  |  |  |  |  |  |  |  | 
| 2025-04-30 | D16 | 09:00:00 | 17:30:00 | 0.0 | 8.0 | 根据DFM优化数据 | <- | <- | <- |  |  |  |  |  |  |  |  |  | 
|  |  |  |  |  |  |  | <- | <- | <- |  |  |  |  |  |  |  |  |  | 
|  |  |  |  |  |  |  | <- | <- | <- |  |  |  |  |  |  |  |  |  | 
|  |  |  |  |  |  |  | <- | <- | <- |  |  |  |  |  |  |  |  |  | 
| 工时统计 | 项目名称 | 项目编号 | 加班 | <- | 工时 | 项目工程师签字 | <- | <- | <- | 总计 |  |  |  |  |  |  |  |  | 
| ^ | D16 |  | 81.5 | <- | 257.5 |  | <- | <- | <- |  |  |  |  |  |  |  |  |  | 
| ^ |  |  |  | <- |  |  | <- | <- | <- |  |  |  |  |  |  |  |  |  | 
| ^ |  |  |  | <- |  |  | <- | <- | <- |  |  |  |  |  |  |  |  |  | 
| ^ |  |  |  | <- |  |  | <- | <- | <- |  |  |  |  |  |  |  |  |  | 
| 总计工时 | 257.50 | <- | 经理签字： | <- | <- |  | <- | <- | <- |  |  |  |  |  |  |  |  |  | 


## 工作表: Sheet1

| A | B | C | D | E | F | 
|  --- | --- | --- | --- | --- | --- |
|  |  |  | 一年调整一次，请勿随意删除 | <- | <- | 
|  |  |  | 2025 | <- | <- | 
| 年 | 月 |  | 节假日 | 调休加班日 |  | 
| 1905-07-17 | 4 |  | 45658 | 45683 |  | 
|  |  |  | 45685 | 45696 |  | 
|  |  |  | 45686 | 45774 |  | 
|  |  |  | 45687 | 45928 |  | 
|  |  |  | 45688 | 45941 |  | 
|  |  |  | 45689 |  |  | 
|  |  |  | 45690 |  |  | 
|  |  |  | 45691 |  |  | 
|  |  |  | 45692 |  |  | 
|  |  |  | 45751 |  |  | 
|  |  |  | 45752 |  |  | 
|  |  |  | 45753 |  |  | 
|  |  |  | 45778 |  |  | 
|  |  |  | 45779 |  |  | 
|  |  |  | 45780 |  |  | 
|  |  |  | 45781 |  |  | 
|  |  |  | 45782 |  |  | 
|  |  |  | 45808 |  |  | 
|  |  |  | 45809 |  |  | 
|  |  |  | 45810 |  |  | 
|  |  |  | 45931 |  |  | 
|  |  |  | 45932 |  |  | 
|  |  |  | 45933 |  |  | 
|  |  |  | 45934 |  |  | 
|  |  |  | 45935 |  |  | 
|  |  |  | 45936 |  |  | 
|  |  |  | 45937 |  |  | 
|  |  |  | 45938 |  |  | 



2025-05-20 10:59:57,609 - INFO - 从表格文本中，提取员工姓名和公司名称...
2025-05-20 10:59:57,609 - INFO - 发送请求到模型API...
2025-05-20 10:59:57,610 - INFO - system_prompt：
你是一个专业的表格信息提取助手。用户会提供给你一份Excel工时表，已转换为Markdown格式。你需要提取出表格包含的员工姓名`employee_name`和公司名称`company_name`。以JSON格式输出结果，包含`employee_name`和`company_name`两个字段。如果无法提取到员工姓名和公司名称，请返回空字符串。

markdown格式的表格中合并单元格表示法：
   - "^" 符号表示该单元格与上方单元格合并（纵向合并）
   - "<-" 符号表示该单元格与左侧单元格合并（横向合并）
   - "^<-" 符号表示该单元格同时与上方和左侧单元格合并（纵横合并）

比如：{"employee_name":"张三", "company_name":"XXX公司"}
注意：直接返回结果，不要包含任何解释或说明。

2025-05-20 10:59:57,611 - INFO - user_prompt：## 工作表: 高家琦

| A | B | C | D | E | F | G | H | I | J | K | L | M | N | O | P | Q | R | S | 
|  --- | --- | --- | --- | --- | --- | --- | --- | --- | --- | --- | --- | --- | --- | --- | --- | --- | --- | --- |
| 重庆延锋安道拓 | <- | 上海睿励信息技术有限公司 工时记录表 | <- | <- | <- | <- | <- | <- | <- |  | 早退 | 每日工作完成率 | 请假（详细说明请假事由，时间） | 迟到 | 数据质量问题发生率 | 加班出勤率 | 玩手机和睡觉 | 脱岗 | 
| ^ | ^<- | 供应商 |  | <- | <- | <- | <- | <- | <- | ^ | ^ | ^ | ^ | ^ | ^ | ^ | ^ | ^ | 
| 工程师 | 高家琦 | <- | 负责人 | 吴军 | 电话 | 13996310716 | <- | <- | <- | ^ | ^ | ^ | ^ | ^ | ^ | ^ | ^ | ^ | 
| 日期 | 项目名称 | 开始工作时间 | 工作结束时间 | 加班时间 | 总工作时间 | 备注 | <- | <- | <- | ^ | ^ | ^ | ^ | ^ | ^ | ^ | ^ | ^ | 
| 2025-04-01 | D16 | 09:00:00 | 21:00:00 | 3.5 | 11.5 | 优化数据 | <- | <- | <- |  |  |  |  |  |  |  |  |  | 
| 2025-04-02 | D16 | 09:00:00 | 22:00:00 | 4.5 | 12.5 | 优化数据 | <- | <- | <- |  |  |  |  |  |  |  |  |  | 
| 2025-04-03 | D16 | 09:00:00 | 17:30:00 | 0.0 | 8.0 | 线束盒方案优化 | <- | <- | <- |  |  |  |  |  |  |  |  |  | 
| 2025-04-04 |  |  |  |  |  |  | <- | <- | <- |  |  |  |  |  |  |  |  |  | 
| 2025-04-05 |  |  |  |  |  |  | <- | <- | <- |  |  |  |  |  |  |  |  |  | 
| 2025-04-06 | D16 | 13:00:00 | 17:00:00 | 4.0 | 4.0 | 优化数据 | <- | <- | <- |  |  |  |  |  |  |  |  |  | 
| 2025-04-07 | D16 | 09:00:00 | 20:00:00 | 2.5 | 10.5 | 优化数据 | <- | <- | <- |  |  |  |  |  |  |  |  |  | 
| 2025-04-08 | D16 | 09:00:00 | 21:00:00 | 3.5 | 11.5 | 优化数据 | <- | <- | <- |  |  |  |  |  |  |  |  |  | 
| 2025-04-09 | D16 | 09:00:00 | 21:30:00 | 4.0 | 12.0 | 优化数据 | <- | <- | <- |  |  |  |  |  |  |  |  |  | 
| 2025-04-10 | D16 | 09:00:00 | 20:00:00 | 2.5 | 10.5 | 优化数据 | <- | <- | <- |  |  |  |  |  |  |  |  |  | 
| 2025-04-11 | D16 | 09:00:00 | 19:00:00 | 1.5 | 9.5 | 杯托配合结构优化 | <- | <- | <- |  |  |  |  |  |  |  |  |  | 
| 2025-04-12 | D16 | 09:00:00 | 18:30:00 | 9.0 | 9.0 | 杯托配合结构优化 | <- | <- | <- |  |  |  |  |  |  |  |  |  | 
| 2025-04-13 |  |  |  |  |  |  | <- | <- | <- |  |  |  |  |  |  |  |  |  | 
| 2025-04-14 | D16 | 09:00:00 | 21:30:00 | 4.0 | 12.0 | 线束盒方案优化 | <- | <- | <- |  |  |  |  |  |  |  |  |  | 
| 2025-04-15 | D16 | 09:00:00 | 20:00:00 | 2.5 | 10.5 | 线束盒方案优化 | <- | <- | <- |  |  |  |  |  |  |  |  |  | 
| 2025-04-16 | D16 | 09:00:00 | 20:00:00 | 2.5 | 10.5 | 线束盒方案优化 | <- | <- | <- |  |  |  |  |  |  |  |  |  | 
| 2025-04-17 | D16 | 09:00:00 | 20:00:00 | 2.5 | 10.5 | 杯托配合结构优化 | <- | <- | <- |  |  |  |  |  |  |  |  |  | 
| 2025-04-18 | D16 | 09:00:00 | 18:30:00 | 1.0 | 9.0 | 杯托配合结构优化 | <- | <- | <- |  |  |  |  |  |  |  |  |  | 
| 2025-04-19 | D16 | 11:00:00 | 17:00:00 | 5.5 | 5.5 | 校核0419CAS并替换数据 | <- | <- | <- |  |  |  |  |  |  |  |  |  | 
| 2025-04-20 |  |  |  |  |  |  | <- | <- | <- |  |  |  |  |  |  |  |  |  | 
| 2025-04-21 | D16 | 09:00:00 | 20:30:00 | 3.0 | 11.0 | 校核0419CAS并替换数据 | <- | <- | <- |  |  |  |  |  |  |  |  |  | 
| 2025-04-22 | D16 | 09:00:00 | 22:00:00 | 4.5 | 12.5 | 校核0419CAS并替换数据 | <- | <- | <- |  |  |  |  |  |  |  |  |  | 
| 2025-04-23 | D16 | 09:00:00 | 21:30:00 | 4.0 | 12.0 | 优化数据 | <- | <- | <- |  |  |  |  |  |  |  |  |  | 
| 2025-04-24 | D16 | 09:00:00 | 19:30:00 | 2.0 | 10.0 | 校核0424CAS并替换数据 | <- | <- | <- |  |  |  |  |  |  |  |  |  | 
| 2025-04-25 | D16 | 09:00:00 | 20:30:00 | 3.0 | 11.0 | 校核0424CAS并替换数据 | <- | <- | <- |  |  |  |  |  |  |  |  |  | 
| 2025-04-26 | D16 | 09:30:00 | 12:30:00 | 2.5 | 2.5 | 根据DFM优化数据 | <- | <- | <- |  |  |  |  |  |  |  |  |  | 
| 2025-04-27 | D16 | 09:00:00 | 21:00:00 | 3.5 | 11.5 | 根据DFM优化数据 | <- | <- | <- |  |  |  |  |  |  |  |  |  | 
| 2025-04-28 | D16 | 09:00:00 | 21:00:00 | 3.5 | 11.5 | 根据DFM优化数据 | <- | <- | <- |  |  |  |  |  |  |  |  |  | 
| 2025-04-29 | D16 | 09:00:00 | 20:00:00 | 2.5 | 10.5 | 根据DFM优化数据 | <- | <- | <- |  |  |  |  |  |  |  |  |  | 
| 2025-04-30 | D16 | 09:00:00 | 17:30:00 | 0.0 | 8.0 | 根据DFM优化数据 | <- | <- | <- |  |  |  |  |  |  |  |  |  | 
|  |  |  |  |  |  |  | <- | <- | <- |  |  |  |  |  |  |  |  |  | 
|  |  |  |  |  |  |  | <- | <- | <- |  |  |  |  |  |  |  |  |  | 
|  |  |  |  |  |  |  | <- | <- | <- |  |  |  |  |  |  |  |  |  | 
| 工时统计 | 项目名称 | 项目编号 | 加班 | <- | 工时 | 项目工程师签字 | <- | <- | <- | 总计 |  |  |  |  |  |  |  |  | 
| ^ | D16 |  | 81.5 | <- | 257.5 |  | <- | <- | <- |  |  |  |  |  |  |  |  |  | 
| ^ |  |  |  | <- |  |  | <- | <- | <- |  |  |  |  |  |  |  |  |  | 
| ^ |  |  |  | <- |  |  | <- | <- | <- |  |  |  |  |  |  |  |  |  | 
| ^ |  |  |  | <- |  |  | <- | <- | <- |  |  |  |  |  |  |  |  |  | 
| 总计工时 | 257.50 | <- | 经理签字： | <- | <- |  | <- | <- | <- |  |  |  |  |  |  |  |  |  | 


## 工作表: Sheet1

| A | B | C | D | E | F | 
|  --- | --- | --- | --- | --- | --- |
|  |  |  | 一年调整一次，请勿随意删除 | <- | <- | 
|  |  |  | 2025 | <- | <- | 
| 年 | 月 |  | 节假日 | 调休加班日 |  | 
| 1905-07-17 | 4 |  | 45658 | 45683 |  | 
|  |  |  | 45685 | 45696 |  | 
|  |  |  | 45686 | 45774 |  | 
|  |  |  | 45687 | 45928 |  | 
|  |  |  | 45688 | 45941 |  | 
|  |  |  | 45689 |  |  | 
|  |  |  | 45690 |  |  | 
|  |  |  | 45691 |  |  | 
|  |  |  | 45692 |  |  | 
|  |  |  | 45751 |  |  | 
|  |  |  | 45752 |  |  | 
|  |  |  | 45753 |  |  | 
|  |  |  | 45778 |  |  | 
|  |  |  | 45779 |  |  | 
|  |  |  | 45780 |  |  | 
|  |  |  | 45781 |  |  | 
|  |  |  | 45782 |  |  | 
|  |  |  | 45808 |  |  | 
|  |  |  | 45809 |  |  | 
|  |  |  | 45810 |  |  | 
|  |  |  | 45931 |  |  | 
|  |  |  | 45932 |  |  | 
|  |  |  | 45933 |  |  | 
|  |  |  | 45934 |  |  | 
|  |  |  | 45935 |  |  | 
|  |  |  | 45936 |  |  | 
|  |  |  | 45937 |  |  | 
|  |  |  | 45938 |  |  | 



2025-05-20 11:00:00,647 - INFO - 请求成功，状态码: 200
2025-05-20 11:00:00,649 - INFO - 模型返回：{"employee_name":"高家琦", "company_name":"重庆延锋安道拓"}

2025-05-20 11:00:00,649 - INFO - 解析模型返回：
 - 员工姓名：高家琦,  - 公司名称：重庆延锋安道拓
2025-05-20 11:00:00,649 - INFO - 

从表格文本中，提取汇总数据...
2025-05-20 11:00:00,650 - INFO - 发送请求到模型API...
2025-05-20 11:00:00,650 - INFO - system_prompt：
你是一个专业的工时数据提取助手。用户会提供给你一份Excel工时表，已转换为Markdown格式。你需要提取出表格中的按照项目做统计的工时汇总数据。将提取结果以JSON格式输出。以项目名称作为key为项目名称，value为包含加班和工时的字典。

markdown格式的表格中合并单元格表示法：
   - "^" 符号表示该单元格与上方单元格合并（纵向合并）
   - "<-" 符号表示该单元格与左侧单元格合并（横向合并）
   - "^<-" 符号表示该单元格同时与上方和左侧单元格合并（纵横合并）

你可以按照以下步骤进行分析：
1. 首先，定位表格中工时统计汇总数据，通常在表格的下方。
2. 读取工时统计汇总数据，包含项目名称、项目编号、加班、工时等。项目编号可能为空。
3. 整理所有数据，以JSON格式输。key为项目名称，value为包含加班`overtime_hours`和工时`total_hours`的字典。

注意：
1.直接返回结果，不要包含任何解释或说明。
2.输出结果必须严格按照无语法错误的JSON格式输出，不能有任何其他格式。

以JSON格式输出结果，示例输出如下：
示例1：
{"D11":{"overtime_hours":20,"total_hours":120}, "A12":{"overtime_hours":6,"total_hours":14}, "B13":{"overtime_hours":1,"total_hours":10}}
示例2：
{"D11":{"overtime_hours":20,"total_hours":120}, "A12":{"overtime_hours":6,"total_hours":14}}

2025-05-20 11:00:00,652 - INFO - user_prompt：## 工作表: 高家琦

| A | B | C | D | E | F | G | H | I | J | K | L | M | N | O | P | Q | R | S | 
|  --- | --- | --- | --- | --- | --- | --- | --- | --- | --- | --- | --- | --- | --- | --- | --- | --- | --- | --- |
| 重庆延锋安道拓 | <- | 上海睿励信息技术有限公司 工时记录表 | <- | <- | <- | <- | <- | <- | <- |  | 早退 | 每日工作完成率 | 请假（详细说明请假事由，时间） | 迟到 | 数据质量问题发生率 | 加班出勤率 | 玩手机和睡觉 | 脱岗 | 
| ^ | ^<- | 供应商 |  | <- | <- | <- | <- | <- | <- | ^ | ^ | ^ | ^ | ^ | ^ | ^ | ^ | ^ | 
| 工程师 | 高家琦 | <- | 负责人 | 吴军 | 电话 | 13996310716 | <- | <- | <- | ^ | ^ | ^ | ^ | ^ | ^ | ^ | ^ | ^ | 
| 日期 | 项目名称 | 开始工作时间 | 工作结束时间 | 加班时间 | 总工作时间 | 备注 | <- | <- | <- | ^ | ^ | ^ | ^ | ^ | ^ | ^ | ^ | ^ | 
| 2025-04-01 | D16 | 09:00:00 | 21:00:00 | 3.5 | 11.5 | 优化数据 | <- | <- | <- |  |  |  |  |  |  |  |  |  | 
| 2025-04-02 | D16 | 09:00:00 | 22:00:00 | 4.5 | 12.5 | 优化数据 | <- | <- | <- |  |  |  |  |  |  |  |  |  | 
| 2025-04-03 | D16 | 09:00:00 | 17:30:00 | 0.0 | 8.0 | 线束盒方案优化 | <- | <- | <- |  |  |  |  |  |  |  |  |  | 
| 2025-04-04 |  |  |  |  |  |  | <- | <- | <- |  |  |  |  |  |  |  |  |  | 
| 2025-04-05 |  |  |  |  |  |  | <- | <- | <- |  |  |  |  |  |  |  |  |  | 
| 2025-04-06 | D16 | 13:00:00 | 17:00:00 | 4.0 | 4.0 | 优化数据 | <- | <- | <- |  |  |  |  |  |  |  |  |  | 
| 2025-04-07 | D16 | 09:00:00 | 20:00:00 | 2.5 | 10.5 | 优化数据 | <- | <- | <- |  |  |  |  |  |  |  |  |  | 
| 2025-04-08 | D16 | 09:00:00 | 21:00:00 | 3.5 | 11.5 | 优化数据 | <- | <- | <- |  |  |  |  |  |  |  |  |  | 
| 2025-04-09 | D16 | 09:00:00 | 21:30:00 | 4.0 | 12.0 | 优化数据 | <- | <- | <- |  |  |  |  |  |  |  |  |  | 
| 2025-04-10 | D16 | 09:00:00 | 20:00:00 | 2.5 | 10.5 | 优化数据 | <- | <- | <- |  |  |  |  |  |  |  |  |  | 
| 2025-04-11 | D16 | 09:00:00 | 19:00:00 | 1.5 | 9.5 | 杯托配合结构优化 | <- | <- | <- |  |  |  |  |  |  |  |  |  | 
| 2025-04-12 | D16 | 09:00:00 | 18:30:00 | 9.0 | 9.0 | 杯托配合结构优化 | <- | <- | <- |  |  |  |  |  |  |  |  |  | 
| 2025-04-13 |  |  |  |  |  |  | <- | <- | <- |  |  |  |  |  |  |  |  |  | 
| 2025-04-14 | D16 | 09:00:00 | 21:30:00 | 4.0 | 12.0 | 线束盒方案优化 | <- | <- | <- |  |  |  |  |  |  |  |  |  | 
| 2025-04-15 | D16 | 09:00:00 | 20:00:00 | 2.5 | 10.5 | 线束盒方案优化 | <- | <- | <- |  |  |  |  |  |  |  |  |  | 
| 2025-04-16 | D16 | 09:00:00 | 20:00:00 | 2.5 | 10.5 | 线束盒方案优化 | <- | <- | <- |  |  |  |  |  |  |  |  |  | 
| 2025-04-17 | D16 | 09:00:00 | 20:00:00 | 2.5 | 10.5 | 杯托配合结构优化 | <- | <- | <- |  |  |  |  |  |  |  |  |  | 
| 2025-04-18 | D16 | 09:00:00 | 18:30:00 | 1.0 | 9.0 | 杯托配合结构优化 | <- | <- | <- |  |  |  |  |  |  |  |  |  | 
| 2025-04-19 | D16 | 11:00:00 | 17:00:00 | 5.5 | 5.5 | 校核0419CAS并替换数据 | <- | <- | <- |  |  |  |  |  |  |  |  |  | 
| 2025-04-20 |  |  |  |  |  |  | <- | <- | <- |  |  |  |  |  |  |  |  |  | 
| 2025-04-21 | D16 | 09:00:00 | 20:30:00 | 3.0 | 11.0 | 校核0419CAS并替换数据 | <- | <- | <- |  |  |  |  |  |  |  |  |  | 
| 2025-04-22 | D16 | 09:00:00 | 22:00:00 | 4.5 | 12.5 | 校核0419CAS并替换数据 | <- | <- | <- |  |  |  |  |  |  |  |  |  | 
| 2025-04-23 | D16 | 09:00:00 | 21:30:00 | 4.0 | 12.0 | 优化数据 | <- | <- | <- |  |  |  |  |  |  |  |  |  | 
| 2025-04-24 | D16 | 09:00:00 | 19:30:00 | 2.0 | 10.0 | 校核0424CAS并替换数据 | <- | <- | <- |  |  |  |  |  |  |  |  |  | 
| 2025-04-25 | D16 | 09:00:00 | 20:30:00 | 3.0 | 11.0 | 校核0424CAS并替换数据 | <- | <- | <- |  |  |  |  |  |  |  |  |  | 
| 2025-04-26 | D16 | 09:30:00 | 12:30:00 | 2.5 | 2.5 | 根据DFM优化数据 | <- | <- | <- |  |  |  |  |  |  |  |  |  | 
| 2025-04-27 | D16 | 09:00:00 | 21:00:00 | 3.5 | 11.5 | 根据DFM优化数据 | <- | <- | <- |  |  |  |  |  |  |  |  |  | 
| 2025-04-28 | D16 | 09:00:00 | 21:00:00 | 3.5 | 11.5 | 根据DFM优化数据 | <- | <- | <- |  |  |  |  |  |  |  |  |  | 
| 2025-04-29 | D16 | 09:00:00 | 20:00:00 | 2.5 | 10.5 | 根据DFM优化数据 | <- | <- | <- |  |  |  |  |  |  |  |  |  | 
| 2025-04-30 | D16 | 09:00:00 | 17:30:00 | 0.0 | 8.0 | 根据DFM优化数据 | <- | <- | <- |  |  |  |  |  |  |  |  |  | 
|  |  |  |  |  |  |  | <- | <- | <- |  |  |  |  |  |  |  |  |  | 
|  |  |  |  |  |  |  | <- | <- | <- |  |  |  |  |  |  |  |  |  | 
|  |  |  |  |  |  |  | <- | <- | <- |  |  |  |  |  |  |  |  |  | 
| 工时统计 | 项目名称 | 项目编号 | 加班 | <- | 工时 | 项目工程师签字 | <- | <- | <- | 总计 |  |  |  |  |  |  |  |  | 
| ^ | D16 |  | 81.5 | <- | 257.5 |  | <- | <- | <- |  |  |  |  |  |  |  |  |  | 
| ^ |  |  |  | <- |  |  | <- | <- | <- |  |  |  |  |  |  |  |  |  | 
| ^ |  |  |  | <- |  |  | <- | <- | <- |  |  |  |  |  |  |  |  |  | 
| ^ |  |  |  | <- |  |  | <- | <- | <- |  |  |  |  |  |  |  |  |  | 
| 总计工时 | 257.50 | <- | 经理签字： | <- | <- |  | <- | <- | <- |  |  |  |  |  |  |  |  |  | 


## 工作表: Sheet1

| A | B | C | D | E | F | 
|  --- | --- | --- | --- | --- | --- |
|  |  |  | 一年调整一次，请勿随意删除 | <- | <- | 
|  |  |  | 2025 | <- | <- | 
| 年 | 月 |  | 节假日 | 调休加班日 |  | 
| 1905-07-17 | 4 |  | 45658 | 45683 |  | 
|  |  |  | 45685 | 45696 |  | 
|  |  |  | 45686 | 45774 |  | 
|  |  |  | 45687 | 45928 |  | 
|  |  |  | 45688 | 45941 |  | 
|  |  |  | 45689 |  |  | 
|  |  |  | 45690 |  |  | 
|  |  |  | 45691 |  |  | 
|  |  |  | 45692 |  |  | 
|  |  |  | 45751 |  |  | 
|  |  |  | 45752 |  |  | 
|  |  |  | 45753 |  |  | 
|  |  |  | 45778 |  |  | 
|  |  |  | 45779 |  |  | 
|  |  |  | 45780 |  |  | 
|  |  |  | 45781 |  |  | 
|  |  |  | 45782 |  |  | 
|  |  |  | 45808 |  |  | 
|  |  |  | 45809 |  |  | 
|  |  |  | 45810 |  |  | 
|  |  |  | 45931 |  |  | 
|  |  |  | 45932 |  |  | 
|  |  |  | 45933 |  |  | 
|  |  |  | 45934 |  |  | 
|  |  |  | 45935 |  |  | 
|  |  |  | 45936 |  |  | 
|  |  |  | 45937 |  |  | 
|  |  |  | 45938 |  |  | 



2025-05-20 11:00:02,989 - INFO - 请求成功，状态码: 200
2025-05-20 11:00:02,990 - INFO - 模型返回：
{"D16":{"overtime_hours":81.5,"total_hours":257.5}}

2025-05-20 11:00:02,990 - INFO - 源数据表中的工时汇总数据：{'D16': {'overtime_hours': 81.5, 'total_hours': 257.5}}
